2026-09-28 09:49:19,394 | INFO | START | Greenhouse | https://job-boards.greenhouse.io/foodcorps
2026-09-28 09:49:19,560 | ERROR | FAILED | Greenhouse | https://job-boards.greenhouse.io/foodcorps | error=404 Client Error: Not Found for url: https://boards-api.greenhouse.io/v1/boards/foodcorps/jobs?content=true
2026-09-28 09:49:19,561 | INFO | START | Greenhouse | https://job-boards.greenhouse.io/casetify
2026-09-28 09:49:19,792 | INFO | SUCCESS | Greenhouse | https://job-boards.greenhouse.io/casetify | jobs=63
2026-09-28 09:49:19,793 | INFO | START | Greenhouse | https://job-boards.greenhouse.io/happifyhealth
2026-09-28 09:49:20,360 | ERROR | FAILED | Greenhouse | https://job-boards.greenhouse.io/happifyhealth | error=404 Client Error: Not Found for url: https://boards-api.greenhouse.io/v1/boards/happifyhealth/jobs?content=true
2026-09-28 09:49:20,364 | INFO | START | Greenhouse | https://job-boards.greenhouse.io/bird
2026-09-28 09:49:20,570 | INFO | SUCCESS | Greenhouse | https://job-boards.greenhouse.io/bird | jobs=31
2026-09-28 09:49:20,570 | INFO | START | Greenhouse | https://job-boards.greenhouse.io/dremio
2026-09-28 09:49:20,817 | INFO | SUCCESS | Greenhouse | https://job-boards.greenhouse.io/dremio | jobs=7
2026-09-28 09:49:20,817 | INFO | START | Greenhouse | https://job-boards.greenhouse.io/sterling
2026-09-28 09:49:20,933 | INFO | SUCCESS | Greenhouse | https://job-boards.greenhouse.io/sterling | jobs=2
2026-09-28 09:49:20,933 | INFO | START | Greenhouse | https://job-boards.greenhouse.io/parkmobileus
2026-09-28 09:49:21,053 | ERROR | FAILED | Greenhouse | https://job-boards.greenhouse.io/parkmobileus | error=404 Client Error: Not Found for url: https://boards-api.greenhouse.io/v1/boards/parkmobileus/jobs?content=true
2026-09-28 09:49:21,054 | INFO | START | Greenhouse | https://job-boards.greenhouse.io/merchantsauto
2026-09-28 09:49:21,172 | INFO | SUCCESS | Greenhouse | https://job-boards.greenhouse.io/merchantsauto | jobs=1
2026-09-28 09:49:21,172 | INFO | START | Greenhouse | https://job-boards.greenhouse.io/canopytax
2026-09-28 09:49:21,354 | INFO | SUCCESS | Greenhouse | https://job-boards.greenhouse.io/canopytax | jobs=12
2026-09-28 09:49:21,355 | INFO | START | Greenhouse | https://job-boards.greenhouse.io/straitsx
2026-09-28 09:49:21,481 | INFO | SUCCESS | Greenhouse | https://job-boards.greenhouse.io/straitsx | jobs=25
2026-09-28 09:49:21,481 | INFO | START | Greenhouse | https://job-boards.greenhouse.io/nycedc
2026-09-28 09:49:21,748 | INFO | SUCCESS | Greenhouse | https://job-boards.greenhouse.io/nycedc | jobs=32
2026-09-28 09:49:21,748 | INFO | START | Greenhouse | https://job-boards.greenhouse.io/fractalteam
2026-09-28 09:49:21,937 | ERROR | FAILED | Greenhouse | https://job-boards.greenhouse.io/fractalteam | error=404 Client Error: Not Found for url: https://boards-api.greenhouse.io/v1/boards/fractalteam/jobs?content=true
2026-09-28 09:49:21,938 | INFO | START | Greenhouse | https://job-boards.greenhouse.io/abdielcapital
2026-09-28 09:49:22,034 | INFO | SUCCESS | Greenhouse | https://job-boards.greenhouse.io/abdielcapital | jobs=0
2026-09-28 09:49:22,036 | INFO | START | Greenhouse | https://job-boards.greenhouse.io/github
2026-09-28 09:49:22,146 | ERROR | FAILED | Greenhouse | https://job-boards.greenhouse.io/github | error=404 Client Error: Not Found for url: https://boards-api.greenhouse.io/v1/boards/github/jobs?content=true
2026-09-28 09:49:22,147 | INFO | START | Greenhouse | https://job-boards.greenhouse.io/theplanningshopuk
2026-09-28 09:49:22,248 | INFO | SUCCESS | Greenhouse | https://job-boards.greenhouse.io/theplanningshopuk | jobs=0
2026-09-28 09:49:22,248 | INFO | START | Greenhouse | https://job-boards.greenhouse.io/mcafee
2026-09-28 09:49:22,444 | INFO | SUCCESS | Greenhouse | https://job-boards.greenhouse.io/mcafee | jobs=1
2026-09-28 09:49:22,444 | INFO | START | Greenhouse | https://job-boards.greenhouse.io/peoplestrata
2026-09-28 09:49:22,559 | INFO | SUCCESS | Greenhouse | https://job-boards.greenhouse.io/peoplestrata | jobs=0
2026-09-28 09:49:22,559 | INFO | START | Greenhouse | https://job-boards.greenhouse.io/c3
2026-09-28 09:49:22,706 | ERROR | FAILED | Greenhouse | https://job-boards.greenhouse.io/c3 | error=404 Client Error: Not Found for url: https://boards-api.greenhouse.io/v1/boards/c3/jobs?content=true
2026-09-28 09:49:22,706 | INFO | START | Greenhouse | https://job-boards.greenhouse.io/vsapartners
2026-09-28 09:49:22,925 | INFO | SUCCESS | Greenhouse | https://job-boards.greenhouse.io/vsapartners | jobs=11
2026-09-28 09:49:22,925 | INFO | START | Greenhouse | https://job-boards.greenhouse.io/zeel
2026-09-28 09:49:23,041 | ERROR | FAILED | Greenhouse | https://job-boards.greenhouse.io/zeel | error=404 Client Error: Not Found for url: https://boards-api.greenhouse.io/v1/boards/zeel/jobs?content=true
2026-09-28 09:49:23,041 | INFO | START | Ashby | https://jobs.ashbyhq.com/fastapicloud
2026-09-28 09:49:23,206 | ERROR | FAILED | Ashby | https://jobs.ashbyhq.com/fastapicloud | error=404 Client Error: Not Found for url: https://api.ashbyhq.com/posting-api/job-board/fastapicloud?includeCompensation=true
2026-09-28 09:49:23,208 | INFO | START | Ashby | https://jobs.ashbyhq.com/netgear
2026-09-28 09:49:23,434 | INFO | SUCCESS | Ashby | https://jobs.ashbyhq.com/netgear | jobs=51
2026-09-28 09:49:23,434 | INFO | START | Ashby | https://jobs.ashbyhq.com/base-operations
2026-09-28 09:49:23,540 | INFO | SUCCESS | Ashby | https://jobs.ashbyhq.com/base-operations | jobs=1
2026-09-28 09:49:23,540 | INFO | START | Ashby | https://jobs.ashbyhq.com/vultr
2026-09-28 09:49:23,698 | INFO | SUCCESS | Ashby | https://jobs.ashbyhq.com/vultr | jobs=53
2026-09-28 09:49:23,698 | INFO | START | Ashby | https://jobs.ashbyhq.com/Voya%20Energy
2026-09-28 09:49:23,821 | INFO | SUCCESS | Ashby | https://jobs.ashbyhq.com/Voya%20Energy | jobs=6
2026-09-28 09:49:23,821 | INFO | START | Ashby | https://jobs.ashbyhq.com/mexdigital
2026-09-28 09:49:24,027 | INFO | SUCCESS | Ashby | https://jobs.ashbyhq.com/mexdigital | jobs=14
2026-09-28 09:49:24,027 | INFO | START | Ashby | https://jobs.ashbyhq.com/zodl
2026-09-28 09:49:24,162 | INFO | SUCCESS | Ashby | https://jobs.ashbyhq.com/zodl | jobs=2
2026-09-28 09:49:24,163 | INFO | START | Ashby | https://jobs.ashbyhq.com/positive-development
2026-09-28 09:49:24,468 | INFO | SUCCESS | Ashby | https://jobs.ashbyhq.com/positive-development | jobs=56
2026-09-28 09:49:24,469 | INFO | START | Ashby | https://jobs.ashbyhq.com/arda-therapeutics
2026-09-28 09:49:24,642 | INFO | SUCCESS | Ashby | https://jobs.ashbyhq.com/arda-therapeutics | jobs=0
2026-09-28 09:49:24,642 | INFO | START | Ashby | https://jobs.ashbyhq.com/aryahealth.ai
2026-09-28 09:49:24,790 | INFO | SUCCESS | Ashby | https://jobs.ashbyhq.com/aryahealth.ai | jobs=14
2026-09-28 09:49:24,790 | INFO | START | Ashby | https://jobs.ashbyhq.com/abstraction.games
2026-09-28 09:49:24,986 | INFO | SUCCESS | Ashby | https://jobs.ashbyhq.com/abstraction.games | jobs=1
2026-09-28 09:49:24,986 | INFO | START | Ashby | https://jobs.ashbyhq.com/regent
2026-09-28 09:49:25,140 | INFO | SUCCESS | Ashby | https://jobs.ashbyhq.com/regent | jobs=28
2026-09-28 09:49:25,140 | INFO | START | Ashby | https://jobs.ashbyhq.com/hearth
2026-09-28 09:49:25,287 | ERROR | FAILED | Ashby | https://jobs.ashbyhq.com/hearth | error=404 Client Error: Not Found for url: https://api.ashbyhq.com/posting-api/job-board/hearth?includeCompensation=true
2026-09-28 09:49:25,289 | INFO | START | Ashby | https://jobs.ashbyhq.com/mistral.ai
2026-09-28 09:49:25,573 | INFO | SUCCESS | Ashby | https://jobs.ashbyhq.com/mistral.ai | jobs=210
2026-09-28 09:49:25,573 | INFO | START | Ashby | https://jobs.ashbyhq.com/impulse
2026-09-28 09:49:25,647 | INFO | SUCCESS | Ashby | https://jobs.ashbyhq.com/impulse | jobs=2
2026-09-28 09:49:25,647 | INFO | START | Ashby | https://jobs.ashbyhq.com/nen
2026-09-28 09:49:25,768 | ERROR | FAILED | Ashby | https://jobs.ashbyhq.com/nen | error=404 Client Error: Not Found for url: https://api.ashbyhq.com/posting-api/job-board/nen?includeCompensation=true
2026-09-28 09:49:25,769 | INFO | START | Ashby | https://jobs.ashbyhq.com/gridverify
2026-09-28 09:49:25,890 | INFO | SUCCESS | Ashby | https://jobs.ashbyhq.com/gridverify | jobs=5
2026-09-28 09:49:25,890 | INFO | START | Ashby | https://jobs.ashbyhq.com/graphyte
2026-09-28 09:49:26,106 | INFO | SUCCESS | Ashby | https://jobs.ashbyhq.com/graphyte | jobs=1
2026-09-28 09:49:26,106 | INFO | START | Ashby | https://jobs.ashbyhq.com/bigeye
2026-09-28 09:49:26,304 | ERROR | FAILED | Ashby | https://jobs.ashbyhq.com/bigeye | error=404 Client Error: Not Found for url: https://api.ashbyhq.com/posting-api/job-board/bigeye?includeCompensation=true
2026-09-28 09:49:26,307 | INFO | START | Ashby | https://jobs.ashbyhq.com/windborne-systems
2026-09-28 09:49:26,465 | INFO | SUCCESS | Ashby | https://jobs.ashbyhq.com/windborne-systems | jobs=19
2026-09-28 09:49:26,465 | INFO | START | Lever | https://jobs.lever.co/tildei
2026-09-28 09:49:26,905 | INFO | SUCCESS | Lever | https://jobs.lever.co/tildei | jobs=1
2026-09-28 09:49:26,905 | INFO | START | Lever | https://jobs.lever.co/crewapp
2026-09-28 09:49:27,311 | ERROR | FAILED | Lever | https://jobs.lever.co/crewapp | error=404 Client Error: Not Found for url: https://api.lever.co/v0/postings/crewapp?mode=json
2026-09-28 09:49:27,313 | INFO | START | Lever | https://jobs.lever.co/mulhalls
2026-09-28 09:49:27,832 | INFO | SUCCESS | Lever | https://jobs.lever.co/mulhalls | jobs=6
2026-09-28 09:49:27,832 | INFO | START | Lever | https://jobs.lever.co/straitcapital
2026-09-28 09:49:28,231 | ERROR | FAILED | Lever | https://jobs.lever.co/straitcapital | error=404 Client Error: Not Found for url: https://api.lever.co/v0/postings/straitcapital?mode=json
2026-09-28 09:49:28,232 | INFO | START | Lever | https://jobs.lever.co/lqdigital
2026-09-28 09:49:28,670 | INFO | SUCCESS | Lever | https://jobs.lever.co/lqdigital | jobs=0
2026-09-28 09:49:28,670 | INFO | START | Lever | https://jobs.lever.co/d-one
2026-09-28 09:49:29,175 | ERROR | FAILED | Lever | https://jobs.lever.co/d-one | error=404 Client Error: Not Found for url: https://api.lever.co/v0/postings/d-one?mode=json
2026-09-28 09:49:29,176 | INFO | START | Lever | https://jobs.lever.co/Rebuilt
2026-09-28 09:49:29,467 | ERROR | FAILED | Lever | https://jobs.lever.co/Rebuilt | error=404 Client Error: Not Found for url: https://api.lever.co/v0/postings/Rebuilt?mode=json
2026-09-28 09:49:29,468 | INFO | START | Lever | https://jobs.lever.co/doranjones
2026-09-28 09:49:29,848 | INFO | SUCCESS | Lever | https://jobs.lever.co/doranjones | jobs=1
2026-09-28 09:49:29,848 | INFO | START | Lever | https://jobs.lever.co/robust-ai
2026-09-28 09:49:32,537 | INFO | SUCCESS | Lever | https://jobs.lever.co/robust-ai | jobs=5
2026-09-28 09:49:32,537 | INFO | START | Lever | https://jobs.lever.co/chec
2026-09-28 09:49:32,846 | ERROR | FAILED | Lever | https://jobs.lever.co/chec | error=404 Client Error: Not Found for url: https://api.lever.co/v0/postings/chec?mode=json
2026-09-28 09:49:32,849 | INFO | START | Greenhouse | https://job-boards.greenhouse.io/foodcorps
2026-09-28 09:49:32,984 | ERROR | FAILED | Greenhouse | https://job-boards.greenhouse.io/foodcorps | error=404 Client Error: Not Found for url: https://boards-api.greenhouse.io/v1/boards/foodcorps/jobs?content=true
2026-09-28 09:49:32,985 | INFO | START | Greenhouse | https://job-boards.greenhouse.io/casetify
2026-09-28 09:49:33,166 | INFO | SUCCESS | Greenhouse | https://job-boards.greenhouse.io/casetify | jobs=63
2026-09-28 09:49:33,166 | INFO | START | Greenhouse | https://job-boards.greenhouse.io/happifyhealth
2026-09-28 09:49:33,271 | ERROR | FAILED | Greenhouse | https://job-boards.greenhouse.io/happifyhealth | error=404 Client Error: Not Found for url: https://boards-api.greenhouse.io/v1/boards/happifyhealth/jobs?content=true
2026-09-28 09:49:33,272 | INFO | START | Greenhouse | https://job-boards.greenhouse.io/bird
2026-09-28 09:49:33,523 | INFO | SUCCESS | Greenhouse | https://job-boards.greenhouse.io/bird | jobs=31
2026-09-28 09:49:33,524 | INFO | START | Greenhouse | https://job-boards.greenhouse.io/dremio
2026-09-28 09:49:33,641 | INFO | SUCCESS | Greenhouse | https://job-boards.greenhouse.io/dremio | jobs=7
2026-09-28 09:49:33,641 | INFO | START | Greenhouse | https://job-boards.greenhouse.io/sterling
2026-09-28 09:49:33,743 | INFO | SUCCESS | Greenhouse | https://job-boards.greenhouse.io/sterling | jobs=2
2026-09-28 09:49:33,743 | INFO | START | Greenhouse | https://job-boards.greenhouse.io/parkmobileus
2026-09-28 09:49:33,894 | ERROR | FAILED | Greenhouse | https://job-boards.greenhouse.io/parkmobileus | error=404 Client Error: Not Found for url: https://boards-api.greenhouse.io/v1/boards/parkmobileus/jobs?content=true
2026-09-28 09:49:33,896 | INFO | START | Greenhouse | https://job-boards.greenhouse.io/merchantsauto
2026-09-28 09:49:34,027 | INFO | SUCCESS | Greenhouse | https://job-boards.greenhouse.io/merchantsauto | jobs=1
2026-09-28 09:49:34,027 | INFO | START | Greenhouse | https://job-boards.greenhouse.io/canopytax
2026-09-28 09:49:34,185 | INFO | SUCCESS | Greenhouse | https://job-boards.greenhouse.io/canopytax | jobs=12
2026-09-28 09:49:34,186 | INFO | START | Greenhouse | https://job-boards.greenhouse.io/straitsx
2026-09-28 09:49:34,311 | INFO | SUCCESS | Greenhouse | https://job-boards.greenhouse.io/straitsx | jobs=25
2026-09-28 09:49:34,311 | INFO | START | Greenhouse | https://job-boards.greenhouse.io/nycedc
2026-09-28 09:49:34,717 | INFO | SUCCESS | Greenhouse | https://job-boards.greenhouse.io/nycedc | jobs=32
2026-09-28 09:49:34,717 | INFO | START | Greenhouse | https://job-boards.greenhouse.io/fractalteam
2026-09-28 09:49:34,814 | ERROR | FAILED | Greenhouse | https://job-boards.greenhouse.io/fractalteam | error=404 Client Error: Not Found for url: https://boards-api.greenhouse.io/v1/boards/fractalteam/jobs?content=true
2026-09-28 09:49:34,814 | INFO | START | Greenhouse | https://job-boards.greenhouse.io/abdielcapital
2026-09-28 09:49:35,010 | INFO | SUCCESS | Greenhouse | https://job-boards.greenhouse.io/abdielcapital | jobs=0
2026-09-28 09:49:35,011 | INFO | START | Greenhouse | https://job-boards.greenhouse.io/github
2026-09-28 09:49:35,135 | ERROR | FAILED | Greenhouse | https://job-boards.greenhouse.io/github | error=404 Client Error: Not Found for url: https://boards-api.greenhouse.io/v1/boards/github/jobs?content=true
2026-09-28 09:49:35,138 | INFO | START | Greenhouse | https://job-boards.greenhouse.io/theplanningshopuk
2026-09-28 09:49:44,388 | INFO | SUCCESS | Greenhouse | https://job-boards.greenhouse.io/theplanningshopuk | jobs=0
2026-09-28 09:49:44,389 | INFO | START | Greenhouse | https://job-boards.greenhouse.io/mcafee
2026-09-28 09:49:44,521 | INFO | SUCCESS | Greenhouse | https://job-boards.greenhouse.io/mcafee | jobs=1
2026-09-28 09:49:44,521 | INFO | START | Greenhouse | https://job-boards.greenhouse.io/peoplestrata
2026-09-28 09:49:44,632 | INFO | SUCCESS | Greenhouse | https://job-boards.greenhouse.io/peoplestrata | jobs=0
2026-09-28 09:49:44,632 | INFO | START | Greenhouse | https://job-boards.greenhouse.io/c3
2026-09-28 09:49:44,740 | ERROR | FAILED | Greenhouse | https://job-boards.greenhouse.io/c3 | error=404 Client Error: Not Found for url: https://boards-api.greenhouse.io/v1/boards/c3/jobs?content=true
2026-09-28 09:49:44,741 | INFO | START | Greenhouse | https://job-boards.greenhouse.io/vsapartners
2026-09-28 09:49:44,971 | INFO | SUCCESS | Greenhouse | https://job-boards.greenhouse.io/vsapartners | jobs=11
2026-09-28 09:49:44,971 | INFO | START | Greenhouse | https://job-boards.greenhouse.io/zeel
2026-09-28 09:49:45,077 | ERROR | FAILED | Greenhouse | https://job-boards.greenhouse.io/zeel | error=404 Client Error: Not Found for url: https://boards-api.greenhouse.io/v1/boards/zeel/jobs?content=true
2026-09-28 09:49:45,077 | INFO | START | Ashby | https://jobs.ashbyhq.com/fastapicloud
2026-09-28 09:49:45,159 | ERROR | FAILED | Ashby | https://jobs.ashbyhq.com/fastapicloud | error=404 Client Error: Not Found for url: https://api.ashbyhq.com/posting-api/job-board/fastapicloud?includeCompensation=true
2026-09-28 09:49:45,159 | INFO | START | Ashby | https://jobs.ashbyhq.com/netgear
2026-09-28 09:49:45,269 | INFO | SUCCESS | Ashby | https://jobs.ashbyhq.com/netgear | jobs=51
2026-09-28 09:49:45,269 | INFO | START | Ashby | https://jobs.ashbyhq.com/base-operations
2026-09-28 09:49:45,445 | INFO | SUCCESS | Ashby | https://jobs.ashbyhq.com/base-operations | jobs=1
2026-09-28 09:49:45,445 | INFO | START | Ashby | https://jobs.ashbyhq.com/vultr
2026-09-28 09:49:45,556 | INFO | SUCCESS | Ashby | https://jobs.ashbyhq.com/vultr | jobs=53
2026-09-28 09:49:45,556 | INFO | START | Ashby | https://jobs.ashbyhq.com/Voya%20Energy
2026-09-28 09:49:45,632 | INFO | SUCCESS | Ashby | https://jobs.ashbyhq.com/Voya%20Energy | jobs=6
2026-09-28 09:49:45,632 | INFO | START | Ashby | https://jobs.ashbyhq.com/mexdigital
2026-09-28 09:49:45,717 | INFO | SUCCESS | Ashby | https://jobs.ashbyhq.com/mexdigital | jobs=14
2026-09-28 09:49:45,717 | INFO | START | Ashby | https://jobs.ashbyhq.com/zodl
2026-09-28 09:49:45,791 | INFO | SUCCESS | Ashby | https://jobs.ashbyhq.com/zodl | jobs=2
2026-09-28 09:49:45,791 | INFO | START | Ashby | https://jobs.ashbyhq.com/positive-development
2026-09-28 09:49:45,962 | INFO | SUCCESS | Ashby | https://jobs.ashbyhq.com/positive-development | jobs=56
2026-09-28 09:49:45,962 | INFO | START | Ashby | https://jobs.ashbyhq.com/arda-therapeutics
2026-09-28 09:49:46,043 | INFO | SUCCESS | Ashby | https://jobs.ashbyhq.com/arda-therapeutics | jobs=0
2026-09-28 09:49:46,043 | INFO | START | Ashby | https://jobs.ashbyhq.com/aryahealth.ai
2026-09-28 09:49:46,159 | INFO | SUCCESS | Ashby | https://jobs.ashbyhq.com/aryahealth.ai | jobs=14
2026-09-28 09:49:46,159 | INFO | START | Ashby | https://jobs.ashbyhq.com/abstraction.games
2026-09-28 09:49:46,284 | INFO | SUCCESS | Ashby | https://jobs.ashbyhq.com/abstraction.games | jobs=1
2026-09-28 09:49:46,284 | INFO | START | Ashby | https://jobs.ashbyhq.com/regent
2026-09-28 09:49:46,382 | INFO | SUCCESS | Ashby | https://jobs.ashbyhq.com/regent | jobs=28
2026-09-28 09:49:46,382 | INFO | START | Ashby | https://jobs.ashbyhq.com/hearth
2026-09-28 09:49:46,555 | ERROR | FAILED | Ashby | https://jobs.ashbyhq.com/hearth | error=404 Client Error: Not Found for url: https://api.ashbyhq.com/posting-api/job-board/hearth?includeCompensation=true
2026-09-28 09:49:46,556 | INFO | START | Ashby | https://jobs.ashbyhq.com/mistral.ai
2026-09-28 09:49:46,735 | INFO | SUCCESS | Ashby | https://jobs.ashbyhq.com/mistral.ai | jobs=210
2026-09-28 09:49:46,736 | INFO | START | Ashby | https://jobs.ashbyhq.com/impulse
2026-09-28 09:49:46,805 | INFO | SUCCESS | Ashby | https://jobs.ashbyhq.com/impulse | jobs=2
2026-09-28 09:49:46,805 | INFO | START | Ashby | https://jobs.ashbyhq.com/nen
2026-09-28 09:49:46,876 | ERROR | FAILED | Ashby | https://jobs.ashbyhq.com/nen | error=404 Client Error: Not Found for url: https://api.ashbyhq.com/posting-api/job-board/nen?includeCompensation=true
2026-09-28 09:49:46,877 | INFO | START | Ashby | https://jobs.ashbyhq.com/gridverify
2026-09-28 09:49:47,027 | INFO | SUCCESS | Ashby | https://jobs.ashbyhq.com/gridverify | jobs=5
2026-09-28 09:49:47,027 | INFO | START | Ashby | https://jobs.ashbyhq.com/graphyte
2026-09-28 09:49:47,109 | INFO | SUCCESS | Ashby | https://jobs.ashbyhq.com/graphyte | jobs=1
2026-09-28 09:49:47,109 | INFO | START | Ashby | https://jobs.ashbyhq.com/bigeye
2026-09-28 09:49:47,169 | ERROR | FAILED | Ashby | https://jobs.ashbyhq.com/bigeye | error=404 Client Error: Not Found for url: https://api.ashbyhq.com/posting-api/job-board/bigeye?includeCompensation=true
2026-09-28 09:49:47,169 | INFO | START | Ashby | https://jobs.ashbyhq.com/windborne-systems
2026-09-28 09:49:47,251 | INFO | SUCCESS | Ashby | https://jobs.ashbyhq.com/windborne-systems | jobs=19
2026-09-28 09:49:47,251 | INFO | START | Lever | https://jobs.lever.co/tildei
2026-09-28 09:49:47,596 | INFO | SUCCESS | Lever | https://jobs.lever.co/tildei | jobs=1
2026-09-28 09:49:47,596 | INFO | START | Lever | https://jobs.lever.co/crewapp
2026-09-28 09:49:47,863 | ERROR | FAILED | Lever | https://jobs.lever.co/crewapp | error=404 Client Error: Not Found for url: https://api.lever.co/v0/postings/crewapp?mode=json
2026-09-28 09:49:47,864 | INFO | START | Lever | https://jobs.lever.co/mulhalls
2026-09-28 09:49:48,458 | INFO | SUCCESS | Lever | https://jobs.lever.co/mulhalls | jobs=6
2026-09-28 09:49:48,459 | INFO | START | Lever | https://jobs.lever.co/straitcapital
2026-09-28 09:49:48,806 | ERROR | FAILED | Lever | https://jobs.lever.co/straitcapital | error=404 Client Error: Not Found for url: https://api.lever.co/v0/postings/straitcapital?mode=json
2026-09-28 09:49:48,806 | INFO | START | Lever | https://jobs.lever.co/lqdigital
2026-09-28 09:49:49,171 | INFO | SUCCESS | Lever | https://jobs.lever.co/lqdigital | jobs=0
2026-09-28 09:49:49,172 | INFO | START | Lever | https://jobs.lever.co/d-one
2026-09-28 09:49:49,468 | ERROR | FAILED | Lever | https://jobs.lever.co/d-one | error=404 Client Error: Not Found for url: https://api.lever.co/v0/postings/d-one?mode=json
2026-09-28 09:49:49,469 | INFO | START | Lever | https://jobs.lever.co/Rebuilt
2026-09-28 09:49:49,847 | ERROR | FAILED | Lever | https://jobs.lever.co/Rebuilt | error=404 Client Error: Not Found for url: https://api.lever.co/v0/postings/Rebuilt?mode=json
2026-09-28 09:49:49,848 | INFO | START | Lever | https://jobs.lever.co/doranjones
2026-09-28 09:49:50,226 | INFO | SUCCESS | Lever | https://jobs.lever.co/doranjones | jobs=1
2026-09-28 09:49:50,226 | INFO | START | Lever | https://jobs.lever.co/robust-ai
2026-09-28 09:49:50,801 | INFO | SUCCESS | Lever | https://jobs.lever.co/robust-ai | jobs=5
2026-09-28 09:49:50,802 | INFO | START | Lever | https://jobs.lever.co/chec
2026-09-28 09:49:51,105 | ERROR | FAILED | Lever | https://jobs.lever.co/chec | error=404 Client Error: Not Found for url: https://api.lever.co/v0/postings/chec?mode=json
2026-09-28 09:49:51,107 | INFO | START | Greenhouse | https://job-boards.greenhouse.io/foodcorps
2026-09-28 09:49:51,314 | ERROR | FAILED | Greenhouse | https://job-boards.greenhouse.io/foodcorps | error=404 Client Error: Not Found for url: https://boards-api.greenhouse.io/v1/boards/foodcorps/jobs?content=true
2026-09-28 09:49:51,315 | INFO | START | Greenhouse | https://job-boards.greenhouse.io/casetify
2026-09-28 09:49:51,505 | INFO | SUCCESS | Greenhouse | https://job-boards.greenhouse.io/casetify | jobs=63
2026-09-28 09:49:51,505 | INFO | START | Greenhouse | https://job-boards.greenhouse.io/happifyhealth
2026-09-28 09:49:51,612 | ERROR | FAILED | Greenhouse | https://job-boards.greenhouse.io/happifyhealth | error=404 Client Error: Not Found for url: https://boards-api.greenhouse.io/v1/boards/happifyhealth/jobs?content=true
2026-09-28 09:49:51,612 | INFO | START | Greenhouse | https://job-boards.greenhouse.io/bird
2026-09-28 09:49:51,846 | INFO | SUCCESS | Greenhouse | https://job-boards.greenhouse.io/bird | jobs=31
2026-09-28 09:49:51,846 | INFO | START | Greenhouse | https://job-boards.greenhouse.io/dremio
2026-09-28 09:49:51,961 | INFO | SUCCESS | Greenhouse | https://job-boards.greenhouse.io/dremio | jobs=7
2026-09-28 09:49:51,961 | INFO | START | Greenhouse | https://job-boards.greenhouse.io/sterling
2026-09-28 09:49:52,069 | INFO | SUCCESS | Greenhouse | https://job-boards.greenhouse.io/sterling | jobs=2
2026-09-28 09:49:52,069 | INFO | START | Greenhouse | https://job-boards.greenhouse.io/parkmobileus
2026-09-28 09:49:52,244 | ERROR | FAILED | Greenhouse | https://job-boards.greenhouse.io/parkmobileus | error=404 Client Error: Not Found for url: https://boards-api.greenhouse.io/v1/boards/parkmobileus/jobs?content=true
2026-09-28 09:49:52,245 | INFO | START | Greenhouse | https://job-boards.greenhouse.io/merchantsauto
2026-09-28 09:49:52,378 | INFO | SUCCESS | Greenhouse | https://job-boards.greenhouse.io/merchantsauto | jobs=1
2026-09-28 09:49:52,378 | INFO | START | Greenhouse | https://job-boards.greenhouse.io/canopytax
2026-09-28 09:49:52,509 | INFO | SUCCESS | Greenhouse | https://job-boards.greenhouse.io/canopytax | jobs=12
2026-09-28 09:49:52,509 | INFO | START | Greenhouse | https://job-boards.greenhouse.io/straitsx
2026-09-28 09:49:52,672 | INFO | SUCCESS | Greenhouse | https://job-boards.greenhouse.io/straitsx | jobs=25
2026-09-28 09:49:52,672 | INFO | START | Greenhouse | https://job-boards.greenhouse.io/nycedc
2026-09-28 09:49:53,015 | INFO | SUCCESS | Greenhouse | https://job-boards.greenhouse.io/nycedc | jobs=32
2026-09-28 09:49:53,015 | INFO | START | Greenhouse | https://job-boards.greenhouse.io/fractalteam
2026-09-28 09:49:53,119 | ERROR | FAILED | Greenhouse | https://job-boards.greenhouse.io/fractalteam | error=404 Client Error: Not Found for url: https://boards-api.greenhouse.io/v1/boards/fractalteam/jobs?content=true
2026-09-28 09:49:53,119 | INFO | START | Greenhouse | https://job-boards.greenhouse.io/abdielcapital
2026-09-28 09:49:53,293 | INFO | SUCCESS | Greenhouse | https://job-boards.greenhouse.io/abdielcapital | jobs=0
2026-09-28 09:49:53,293 | INFO | START | Greenhouse | https://job-boards.greenhouse.io/github
2026-09-28 09:49:53,394 | ERROR | FAILED | Greenhouse | https://job-boards.greenhouse.io/github | error=404 Client Error: Not Found for url: https://boards-api.greenhouse.io/v1/boards/github/jobs?content=true
2026-09-28 09:49:53,395 | INFO | START | Greenhouse | https://job-boards.greenhouse.io/theplanningshopuk
2026-09-28 09:49:53,500 | INFO | SUCCESS | Greenhouse | https://job-boards.greenhouse.io/theplanningshopuk | jobs=0
2026-09-28 09:49:53,500 | INFO | START | Greenhouse | https://job-boards.greenhouse.io/mcafee
2026-09-28 09:49:53,613 | INFO | SUCCESS | Greenhouse | https://job-boards.greenhouse.io/mcafee | jobs=1
2026-09-28 09:49:53,613 | INFO | START | Greenhouse | https://job-boards.greenhouse.io/peoplestrata
2026-09-28 09:49:53,816 | INFO | SUCCESS | Greenhouse | https://job-boards.greenhouse.io/peoplestrata | jobs=0
2026-09-28 09:49:53,816 | INFO | START | Greenhouse | https://job-boards.greenhouse.io/c3
2026-09-28 09:49:53,919 | ERROR | FAILED | Greenhouse | https://job-boards.greenhouse.io/c3 | error=404 Client Error: Not Found for url: https://boards-api.greenhouse.io/v1/boards/c3/jobs?content=true
2026-09-28 09:49:53,919 | INFO | START | Greenhouse | https://job-boards.greenhouse.io/vsapartners
2026-09-28 09:49:54,048 | INFO | SUCCESS | Greenhouse | https://job-boards.greenhouse.io/vsapartners | jobs=11
2026-09-28 09:49:54,048 | INFO | START | Greenhouse | https://job-boards.greenhouse.io/zeel
2026-09-28 09:49:54,147 | ERROR | FAILED | Greenhouse | https://job-boards.greenhouse.io/zeel | error=404 Client Error: Not Found for url: https://boards-api.greenhouse.io/v1/boards/zeel/jobs?content=true
2026-09-28 09:49:54,147 | INFO | START | Ashby | https://jobs.ashbyhq.com/fastapicloud
2026-09-28 09:49:54,213 | ERROR | FAILED | Ashby | https://jobs.ashbyhq.com/fastapicloud | error=404 Client Error: Not Found for url: https://api.ashbyhq.com/posting-api/job-board/fastapicloud?includeCompensation=true
2026-09-28 09:49:54,214 | INFO | START | Ashby | https://jobs.ashbyhq.com/netgear
2026-09-28 09:49:54,396 | INFO | SUCCESS | Ashby | https://jobs.ashbyhq.com/netgear | jobs=51
2026-09-28 09:49:54,397 | INFO | START | Ashby | https://jobs.ashbyhq.com/base-operations
2026-09-28 09:49:54,485 | INFO | SUCCESS | Ashby | https://jobs.ashbyhq.com/base-operations | jobs=1
2026-09-28 09:49:54,485 | INFO | START | Ashby | https://jobs.ashbyhq.com/vultr
2026-09-28 09:49:54,599 | INFO | SUCCESS | Ashby | https://jobs.ashbyhq.com/vultr | jobs=53
2026-09-28 09:49:54,599 | INFO | START | Ashby | https://jobs.ashbyhq.com/Voya%20Energy
2026-09-28 09:49:54,687 | INFO | SUCCESS | Ashby | https://jobs.ashbyhq.com/Voya%20Energy | jobs=6
2026-09-28 09:49:54,687 | INFO | START | Ashby | https://jobs.ashbyhq.com/mexdigital
2026-09-28 09:49:54,766 | INFO | SUCCESS | Ashby | https://jobs.ashbyhq.com/mexdigital | jobs=14
2026-09-28 09:49:54,766 | INFO | START | Ashby | https://jobs.ashbyhq.com/zodl
2026-09-28 09:49:54,940 | INFO | SUCCESS | Ashby | https://jobs.ashbyhq.com/zodl | jobs=2
2026-09-28 09:49:54,940 | INFO | START | Ashby | https://jobs.ashbyhq.com/positive-development
2026-09-28 09:49:55,018 | INFO | SUCCESS | Ashby | https://jobs.ashbyhq.com/positive-development | jobs=56
2026-09-28 09:49:55,018 | INFO | START | Ashby | https://jobs.ashbyhq.com/arda-therapeutics
2026-09-28 09:49:55,099 | INFO | SUCCESS | Ashby | https://jobs.ashbyhq.com/arda-therapeutics | jobs=0
2026-09-28 09:49:55,099 | INFO | START | Ashby | https://jobs.ashbyhq.com/aryahealth.ai
2026-09-28 09:49:55,178 | INFO | SUCCESS | Ashby | https://jobs.ashbyhq.com/aryahealth.ai | jobs=14
2026-09-28 09:49:55,179 | INFO | START | Ashby | https://jobs.ashbyhq.com/abstraction.games
2026-09-28 09:49:55,255 | INFO | SUCCESS | Ashby | https://jobs.ashbyhq.com/abstraction.games | jobs=1
2026-09-28 09:49:55,255 | INFO | START | Ashby | https://jobs.ashbyhq.com/regent
2026-09-28 09:49:55,430 | INFO | SUCCESS | Ashby | https://jobs.ashbyhq.com/regent | jobs=28
2026-09-28 09:49:55,430 | INFO | START | Ashby | https://jobs.ashbyhq.com/hearth
2026-09-28 09:49:55,503 | ERROR | FAILED | Ashby | https://jobs.ashbyhq.com/hearth | error=404 Client Error: Not Found for url: https://api.ashbyhq.com/posting-api/job-board/hearth?includeCompensation=true
2026-09-28 09:49:55,503 | INFO | START | Ashby | https://jobs.ashbyhq.com/mistral.ai
2026-09-28 09:49:55,671 | INFO | SUCCESS | Ashby | https://jobs.ashbyhq.com/mistral.ai | jobs=210
2026-09-28 09:49:55,671 | INFO | START | Ashby | https://jobs.ashbyhq.com/impulse
2026-09-28 09:49:55,736 | INFO | SUCCESS | Ashby | https://jobs.ashbyhq.com/impulse | jobs=2
2026-09-28 09:49:55,736 | INFO | START | Ashby | https://jobs.ashbyhq.com/nen
2026-09-28 09:49:55,799 | ERROR | FAILED | Ashby | https://jobs.ashbyhq.com/nen | error=404 Client Error: Not Found for url: https://api.ashbyhq.com/posting-api/job-board/nen?includeCompensation=true
2026-09-28 09:49:55,800 | INFO | START | Ashby | https://jobs.ashbyhq.com/gridverify
2026-09-28 09:49:56,015 | INFO | SUCCESS | Ashby | https://jobs.ashbyhq.com/gridverify | jobs=5
2026-09-28 09:49:56,015 | INFO | START | Ashby | https://jobs.ashbyhq.com/graphyte
2026-09-28 09:49:56,082 | INFO | SUCCESS | Ashby | https://jobs.ashbyhq.com/graphyte | jobs=1
2026-09-28 09:49:56,082 | INFO | START | Ashby | https://jobs.ashbyhq.com/bigeye
2026-09-28 09:49:56,152 | ERROR | FAILED | Ashby | https://jobs.ashbyhq.com/bigeye | error=404 Client Error: Not Found for url: https://api.ashbyhq.com/posting-api/job-board/bigeye?includeCompensation=true
2026-09-28 09:49:56,152 | INFO | START | Ashby | https://jobs.ashbyhq.com/windborne-systems
2026-09-28 09:49:56,223 | INFO | SUCCESS | Ashby | https://jobs.ashbyhq.com/windborne-systems | jobs=19
2026-09-28 09:49:56,223 | INFO | START | Lever | https://jobs.lever.co/tildei
2026-09-28 09:49:56,966 | INFO | SUCCESS | Lever | https://jobs.lever.co/tildei | jobs=1
2026-09-28 09:49:56,966 | INFO | START | Lever | https://jobs.lever.co/crewapp
2026-09-28 09:49:57,252 | ERROR | FAILED | Lever | https://jobs.lever.co/crewapp | error=404 Client Error: Not Found for url: https://api.lever.co/v0/postings/crewapp?mode=json
2026-09-28 09:49:57,254 | INFO | START | Lever | https://jobs.lever.co/mulhalls
2026-09-28 09:49:57,756 | INFO | SUCCESS | Lever | https://jobs.lever.co/mulhalls | jobs=6
2026-09-28 09:49:57,756 | INFO | START | Lever | https://jobs.lever.co/straitcapital
2026-09-28 09:49:58,137 | ERROR | FAILED | Lever | https://jobs.lever.co/straitcapital | error=404 Client Error: Not Found for url: https://api.lever.co/v0/postings/straitcapital?mode=json
2026-09-28 09:49:58,137 | INFO | START | Lever | https://jobs.lever.co/lqdigital
2026-09-28 09:49:58,419 | INFO | SUCCESS | Lever | https://jobs.lever.co/lqdigital | jobs=0
2026-09-28 09:49:58,419 | INFO | START | Lever | https://jobs.lever.co/d-one
2026-09-28 09:49:59,336 | ERROR | FAILED | Lever | https://jobs.lever.co/d-one | error=404 Client Error: Not Found for url: https://api.lever.co/v0/postings/d-one?mode=json
2026-09-28 09:49:59,337 | INFO | START | Lever | https://jobs.lever.co/Rebuilt
2026-09-28 09:49:59,722 | ERROR | FAILED | Lever | https://jobs.lever.co/Rebuilt | error=404 Client Error: Not Found for url: https://api.lever.co/v0/postings/Rebuilt?mode=json
2026-09-28 09:49:59,725 | INFO | START | Lever | https://jobs.lever.co/doranjones
2026-09-28 09:50:00,153 | INFO | SUCCESS | Lever | https://jobs.lever.co/doranjones | jobs=1
2026-09-28 09:50:00,154 | INFO | START | Lever | https://jobs.lever.co/robust-ai
2026-09-28 09:50:00,637 | INFO | SUCCESS | Lever | https://jobs.lever.co/robust-ai | jobs=5
2026-09-28 09:50:00,637 | INFO | START | Lever | https://jobs.lever.co/chec
2026-09-28 09:50:00,939 | ERROR | FAILED | Lever | https://jobs.lever.co/chec | error=404 Client Error: Not Found for url: https://api.lever.co/v0/postings/chec?mode=json
2026-09-28 09:50:00,942 | INFO | START | Greenhouse | https://job-boards.greenhouse.io/foodcorps
2026-09-28 09:50:01,156 | ERROR | FAILED | Greenhouse | https://job-boards.greenhouse.io/foodcorps | error=404 Client Error: Not Found for url: https://boards-api.greenhouse.io/v1/boards/foodcorps/jobs?content=true
2026-09-28 09:50:01,159 | INFO | START | Greenhouse | https://job-boards.greenhouse.io/casetify
2026-09-28 09:50:01,368 | INFO | SUCCESS | Greenhouse | https://job-boards.greenhouse.io/casetify | jobs=63
2026-09-28 09:50:01,368 | INFO | START | Greenhouse | https://job-boards.greenhouse.io/happifyhealth
2026-09-28 09:50:01,479 | ERROR | FAILED | Greenhouse | https://job-boards.greenhouse.io/happifyhealth | error=404 Client Error: Not Found for url: https://boards-api.greenhouse.io/v1/boards/happifyhealth/jobs?content=true
2026-09-28 09:50:01,480 | INFO | START | Greenhouse | https://job-boards.greenhouse.io/bird
2026-09-28 09:50:01,714 | INFO | SUCCESS | Greenhouse | https://job-boards.greenhouse.io/bird | jobs=31
2026-09-28 09:50:01,714 | INFO | START | Greenhouse | https://job-boards.greenhouse.io/dremio
2026-09-28 09:50:01,830 | INFO | SUCCESS | Greenhouse | https://job-boards.greenhouse.io/dremio | jobs=7
2026-09-28 09:50:01,830 | INFO | START | Greenhouse | https://job-boards.greenhouse.io/sterling
2026-09-28 09:50:01,942 | INFO | SUCCESS | Greenhouse | https://job-boards.greenhouse.io/sterling | jobs=2
2026-09-28 09:50:01,942 | INFO | START | Greenhouse | https://job-boards.greenhouse.io/parkmobileus
2026-09-28 09:50:02,045 | ERROR | FAILED | Greenhouse | https://job-boards.greenhouse.io/parkmobileus | error=404 Client Error: Not Found for url: https://boards-api.greenhouse.io/v1/boards/parkmobileus/jobs?content=true
2026-09-28 09:50:02,046 | INFO | START | Greenhouse | https://job-boards.greenhouse.io/merchantsauto
2026-09-28 09:50:02,212 | INFO | SUCCESS | Greenhouse | https://job-boards.greenhouse.io/merchantsauto | jobs=1
2026-09-28 09:50:02,212 | INFO | START | Greenhouse | https://job-boards.greenhouse.io/canopytax
2026-09-28 09:50:02,340 | INFO | SUCCESS | Greenhouse | https://job-boards.greenhouse.io/canopytax | jobs=12
2026-09-28 09:50:02,341 | INFO | START | Greenhouse | https://job-boards.greenhouse.io/straitsx
2026-09-28 09:50:02,462 | INFO | SUCCESS | Greenhouse | https://job-boards.greenhouse.io/straitsx | jobs=25
2026-09-28 09:50:02,463 | INFO | START | Greenhouse | https://job-boards.greenhouse.io/nycedc
2026-09-28 09:50:02,711 | INFO | SUCCESS | Greenhouse | https://job-boards.greenhouse.io/nycedc | jobs=32
2026-09-28 09:50:02,711 | INFO | START | Greenhouse | https://job-boards.greenhouse.io/fractalteam
2026-09-28 09:50:02,824 | ERROR | FAILED | Greenhouse | https://job-boards.greenhouse.io/fractalteam | error=404 Client Error: Not Found for url: https://boards-api.greenhouse.io/v1/boards/fractalteam/jobs?content=true
2026-09-28 09:50:02,825 | INFO | START | Greenhouse | https://job-boards.greenhouse.io/abdielcapital
2026-09-28 09:50:02,937 | INFO | SUCCESS | Greenhouse | https://job-boards.greenhouse.io/abdielcapital | jobs=0
2026-09-28 09:50:02,937 | INFO | START | Greenhouse | https://job-boards.greenhouse.io/github
2026-09-28 09:50:03,038 | ERROR | FAILED | Greenhouse | https://job-boards.greenhouse.io/github | error=404 Client Error: Not Found for url: https://boards-api.greenhouse.io/v1/boards/github/jobs?content=true
2026-09-28 09:50:03,039 | INFO | START | Greenhouse | https://job-boards.greenhouse.io/theplanningshopuk
2026-09-28 09:50:03,146 | INFO | SUCCESS | Greenhouse | https://job-boards.greenhouse.io/theplanningshopuk | jobs=0
2026-09-28 09:50:03,146 | INFO | START | Greenhouse | https://job-boards.greenhouse.io/mcafee
2026-09-28 09:50:03,333 | INFO | SUCCESS | Greenhouse | https://job-boards.greenhouse.io/mcafee | jobs=1
2026-09-28 09:50:03,333 | INFO | START | Greenhouse | https://job-boards.greenhouse.io/peoplestrata
2026-09-28 09:50:03,447 | INFO | SUCCESS | Greenhouse | https://job-boards.greenhouse.io/peoplestrata | jobs=0
2026-09-28 09:50:03,447 | INFO | START | Greenhouse | https://job-boards.greenhouse.io/c3
2026-09-28 09:50:04,354 | ERROR | FAILED | Greenhouse | https://job-boards.greenhouse.io/c3 | error=404 Client Error: Not Found for url: https://boards-api.greenhouse.io/v1/boards/c3/jobs?content=true
2026-09-28 09:50:04,357 | INFO | START | Greenhouse | https://job-boards.greenhouse.io/vsapartners
2026-09-28 09:50:04,517 | INFO | SUCCESS | Greenhouse | https://job-boards.greenhouse.io/vsapartners | jobs=11
2026-09-28 09:50:04,517 | INFO | START | Greenhouse | https://job-boards.greenhouse.io/zeel
2026-09-28 09:50:04,628 | ERROR | FAILED | Greenhouse | https://job-boards.greenhouse.io/zeel | error=404 Client Error: Not Found for url: https://boards-api.greenhouse.io/v1/boards/zeel/jobs?content=true
2026-09-28 09:50:04,629 | INFO | START | Ashby | https://jobs.ashbyhq.com/fastapicloud
2026-09-28 09:50:04,721 | ERROR | FAILED | Ashby | https://jobs.ashbyhq.com/fastapicloud | error=404 Client Error: Not Found for url: https://api.ashbyhq.com/posting-api/job-board/fastapicloud?includeCompensation=true
2026-09-28 09:50:04,722 | INFO | START | Ashby | https://jobs.ashbyhq.com/netgear
2026-09-28 09:50:04,964 | INFO | SUCCESS | Ashby | https://jobs.ashbyhq.com/netgear | jobs=51
2026-09-28 09:50:04,965 | INFO | START | Ashby | https://jobs.ashbyhq.com/base-operations
2026-09-28 09:50:05,053 | INFO | SUCCESS | Ashby | https://jobs.ashbyhq.com/base-operations | jobs=1
2026-09-28 09:50:05,053 | INFO | START | Ashby | https://jobs.ashbyhq.com/vultr
2026-09-28 09:50:05,162 | INFO | SUCCESS | Ashby | https://jobs.ashbyhq.com/vultr | jobs=53
2026-09-28 09:50:05,162 | INFO | START | Ashby | https://jobs.ashbyhq.com/Voya%20Energy
2026-09-28 09:50:05,253 | INFO | SUCCESS | Ashby | https://jobs.ashbyhq.com/Voya%20Energy | jobs=6
2026-09-28 09:50:05,253 | INFO | START | Ashby | https://jobs.ashbyhq.com/mexdigital
2026-09-28 09:50:05,438 | INFO | SUCCESS | Ashby | https://jobs.ashbyhq.com/mexdigital | jobs=14
2026-09-28 09:50:05,438 | INFO | START | Ashby | https://jobs.ashbyhq.com/zodl
2026-09-28 09:50:05,517 | INFO | SUCCESS | Ashby | https://jobs.ashbyhq.com/zodl | jobs=2
2026-09-28 09:50:05,517 | INFO | START | Ashby | https://jobs.ashbyhq.com/positive-development
2026-09-28 09:50:05,614 | INFO | SUCCESS | Ashby | https://jobs.ashbyhq.com/positive-development | jobs=56
2026-09-28 09:50:05,614 | INFO | START | Ashby | https://jobs.ashbyhq.com/arda-therapeutics
2026-09-28 09:50:05,692 | INFO | SUCCESS | Ashby | https://jobs.ashbyhq.com/arda-therapeutics | jobs=0
2026-09-28 09:50:05,692 | INFO | START | Ashby | https://jobs.ashbyhq.com/aryahealth.ai
2026-09-28 09:50:05,882 | INFO | SUCCESS | Ashby | https://jobs.ashbyhq.com/aryahealth.ai | jobs=14
2026-09-28 09:50:05,882 | INFO | START | Ashby | https://jobs.ashbyhq.com/abstraction.games
2026-09-28 09:50:05,964 | INFO | SUCCESS | Ashby | https://jobs.ashbyhq.com/abstraction.games | jobs=1
2026-09-28 09:50:05,964 | INFO | START | Ashby | https://jobs.ashbyhq.com/regent
2026-09-28 09:50:06,072 | INFO | SUCCESS | Ashby | https://jobs.ashbyhq.com/regent | jobs=28
2026-09-28 09:50:06,072 | INFO | START | Ashby | https://jobs.ashbyhq.com/hearth
2026-09-28 09:50:06,158 | ERROR | FAILED | Ashby | https://jobs.ashbyhq.com/hearth | error=404 Client Error: Not Found for url: https://api.ashbyhq.com/posting-api/job-board/hearth?includeCompensation=true
2026-09-28 09:50:06,159 | INFO | START | Ashby | https://jobs.ashbyhq.com/mistral.ai
2026-09-28 09:50:06,462 | INFO | SUCCESS | Ashby | https://jobs.ashbyhq.com/mistral.ai | jobs=210
2026-09-28 09:50:06,462 | INFO | START | Ashby | https://jobs.ashbyhq.com/impulse
2026-09-28 09:50:06,537 | INFO | SUCCESS | Ashby | https://jobs.ashbyhq.com/impulse | jobs=2
2026-09-28 09:50:06,537 | INFO | START | Ashby | https://jobs.ashbyhq.com/nen
2026-09-28 09:50:06,610 | ERROR | FAILED | Ashby | https://jobs.ashbyhq.com/nen | error=404 Client Error: Not Found for url: https://api.ashbyhq.com/posting-api/job-board/nen?includeCompensation=true
2026-09-28 09:50:06,611 | INFO | START | Ashby | https://jobs.ashbyhq.com/gridverify
2026-09-28 09:50:06,706 | INFO | SUCCESS | Ashby | https://jobs.ashbyhq.com/gridverify | jobs=5
2026-09-28 09:50:06,706 | INFO | START | Ashby | https://jobs.ashbyhq.com/graphyte
2026-09-28 09:50:06,786 | INFO | SUCCESS | Ashby | https://jobs.ashbyhq.com/graphyte | jobs=1
2026-09-28 09:50:06,787 | INFO | START | Ashby | https://jobs.ashbyhq.com/bigeye
2026-09-28 09:50:06,952 | ERROR | FAILED | Ashby | https://jobs.ashbyhq.com/bigeye | error=404 Client Error: Not Found for url: https://api.ashbyhq.com/posting-api/job-board/bigeye?includeCompensation=true
2026-09-28 09:50:06,955 | INFO | START | Ashby | https://jobs.ashbyhq.com/windborne-systems
2026-09-28 09:50:07,062 | INFO | SUCCESS | Ashby | https://jobs.ashbyhq.com/windborne-systems | jobs=19
2026-09-28 09:50:07,062 | INFO | START | Lever | https://jobs.lever.co/tildei
2026-09-28 09:50:07,448 | INFO | SUCCESS | Lever | https://jobs.lever.co/tildei | jobs=1
2026-09-28 09:50:07,448 | INFO | START | Lever | https://jobs.lever.co/crewapp
2026-09-28 09:50:07,722 | ERROR | FAILED | Lever | https://jobs.lever.co/crewapp | error=404 Client Error: Not Found for url: https://api.lever.co/v0/postings/crewapp?mode=json
2026-09-28 09:50:07,723 | INFO | START | Lever | https://jobs.lever.co/mulhalls
2026-09-28 09:50:08,228 | INFO | SUCCESS | Lever | https://jobs.lever.co/mulhalls | jobs=6
2026-09-28 09:50:08,228 | INFO | START | Lever | https://jobs.lever.co/straitcapital
2026-09-28 09:50:08,571 | ERROR | FAILED | Lever | https://jobs.lever.co/straitcapital | error=404 Client Error: Not Found for url: https://api.lever.co/v0/postings/straitcapital?mode=json
2026-09-28 09:50:08,572 | INFO | START | Lever | https://jobs.lever.co/lqdigital
2026-09-28 09:50:08,854 | INFO | SUCCESS | Lever | https://jobs.lever.co/lqdigital | jobs=0
2026-09-28 09:50:08,854 | INFO | START | Lever | https://jobs.lever.co/d-one
2026-09-28 09:50:09,209 | ERROR | FAILED | Lever | https://jobs.lever.co/d-one | error=404 Client Error: Not Found for url: https://api.lever.co/v0/postings/d-one?mode=json
2026-09-28 09:50:09,210 | INFO | START | Lever | https://jobs.lever.co/Rebuilt
2026-09-28 09:50:09,683 | ERROR | FAILED | Lever | https://jobs.lever.co/Rebuilt | error=404 Client Error: Not Found for url: https://api.lever.co/v0/postings/Rebuilt?mode=json
2026-09-28 09:50:09,686 | INFO | START | Lever | https://jobs.lever.co/doranjones
2026-09-28 09:50:10,602 | INFO | SUCCESS | Lever | https://jobs.lever.co/doranjones | jobs=1
2026-09-28 09:50:10,602 | INFO | START | Lever | https://jobs.lever.co/robust-ai
2026-09-28 09:50:11,018 | INFO | SUCCESS | Lever | https://jobs.lever.co/robust-ai | jobs=5
2026-09-28 09:50:11,018 | INFO | START | Lever | https://jobs.lever.co/chec
2026-09-28 09:50:11,351 | ERROR | FAILED | Lever | https://jobs.lever.co/chec | error=404 Client Error: Not Found for url: https://api.lever.co/v0/postings/chec?mode=json
2026-09-28 09:50:11,352 | INFO | START | Greenhouse | https://job-boards.greenhouse.io/foodcorps
2026-09-28 09:50:11,457 | ERROR | FAILED | Greenhouse | https://job-boards.greenhouse.io/foodcorps | error=404 Client Error: Not Found for url: https://boards-api.greenhouse.io/v1/boards/foodcorps/jobs?content=true
2026-09-28 09:50:11,458 | INFO | START | Greenhouse | https://job-boards.greenhouse.io/casetify
2026-09-28 09:50:11,688 | INFO | SUCCESS | Greenhouse | https://job-boards.greenhouse.io/casetify | jobs=63
2026-09-28 09:50:11,688 | INFO | START | Greenhouse | https://job-boards.greenhouse.io/happifyhealth
2026-09-28 09:50:11,784 | ERROR | FAILED | Greenhouse | https://job-boards.greenhouse.io/happifyhealth | error=404 Client Error: Not Found for url: https://boards-api.greenhouse.io/v1/boards/happifyhealth/jobs?content=true
2026-09-28 09:50:11,785 | INFO | START | Greenhouse | https://job-boards.greenhouse.io/bird
2026-09-28 09:50:11,957 | INFO | SUCCESS | Greenhouse | https://job-boards.greenhouse.io/bird | jobs=31
2026-09-28 09:50:11,957 | INFO | START | Greenhouse | https://job-boards.greenhouse.io/dremio
2026-09-28 09:50:12,073 | INFO | SUCCESS | Greenhouse | https://job-boards.greenhouse.io/dremio | jobs=7
2026-09-28 09:50:12,073 | INFO | START | Greenhouse | https://job-boards.greenhouse.io/sterling
2026-09-28 09:50:12,266 | INFO | SUCCESS | Greenhouse | https://job-boards.greenhouse.io/sterling | jobs=2
2026-09-28 09:50:12,266 | INFO | START | Greenhouse | https://job-boards.greenhouse.io/parkmobileus
2026-09-28 09:50:12,368 | ERROR | FAILED | Greenhouse | https://job-boards.greenhouse.io/parkmobileus | error=404 Client Error: Not Found for url: https://boards-api.greenhouse.io/v1/boards/parkmobileus/jobs?content=true
2026-09-28 09:50:12,369 | INFO | START | Greenhouse | https://job-boards.greenhouse.io/merchantsauto
2026-09-28 09:50:12,483 | INFO | SUCCESS | Greenhouse | https://job-boards.greenhouse.io/merchantsauto | jobs=1
2026-09-28 09:50:12,484 | INFO | START | Greenhouse | https://job-boards.greenhouse.io/canopytax
2026-09-28 09:50:12,612 | INFO | SUCCESS | Greenhouse | https://job-boards.greenhouse.io/canopytax | jobs=12
2026-09-28 09:50:12,612 | INFO | START | Greenhouse | https://job-boards.greenhouse.io/straitsx
2026-09-28 09:50:12,802 | INFO | SUCCESS | Greenhouse | https://job-boards.greenhouse.io/straitsx | jobs=25
2026-09-28 09:50:12,803 | INFO | START | Greenhouse | https://job-boards.greenhouse.io/nycedc
2026-09-28 09:50:13,080 | INFO | SUCCESS | Greenhouse | https://job-boards.greenhouse.io/nycedc | jobs=32
2026-09-28 09:50:13,080 | INFO | START | Greenhouse | https://job-boards.greenhouse.io/fractalteam
2026-09-28 09:50:13,214 | ERROR | FAILED | Greenhouse | https://job-boards.greenhouse.io/fractalteam | error=404 Client Error: Not Found for url: https://boards-api.greenhouse.io/v1/boards/fractalteam/jobs?content=true
2026-09-28 09:50:13,215 | INFO | START | Greenhouse | https://job-boards.greenhouse.io/abdielcapital
2026-09-28 09:50:13,326 | INFO | SUCCESS | Greenhouse | https://job-boards.greenhouse.io/abdielcapital | jobs=0
2026-09-28 09:50:13,326 | INFO | START | Greenhouse | https://job-boards.greenhouse.io/github
2026-09-28 09:50:13,440 | ERROR | FAILED | Greenhouse | https://job-boards.greenhouse.io/github | error=404 Client Error: Not Found for url: https://boards-api.greenhouse.io/v1/boards/github/jobs?content=true
2026-09-28 09:50:13,441 | INFO | START | Greenhouse | https://job-boards.greenhouse.io/theplanningshopuk
2026-09-28 09:50:13,567 | INFO | SUCCESS | Greenhouse | https://job-boards.greenhouse.io/theplanningshopuk | jobs=0
2026-09-28 09:50:13,567 | INFO | START | Greenhouse | https://job-boards.greenhouse.io/mcafee
2026-09-28 09:50:13,744 | INFO | SUCCESS | Greenhouse | https://job-boards.greenhouse.io/mcafee | jobs=1
2026-09-28 09:50:13,744 | INFO | START | Greenhouse | https://job-boards.greenhouse.io/peoplestrata
2026-09-28 09:50:13,872 | INFO | SUCCESS | Greenhouse | https://job-boards.greenhouse.io/peoplestrata | jobs=0
2026-09-28 09:50:13,872 | INFO | START | Greenhouse | https://job-boards.greenhouse.io/c3
2026-09-28 09:50:13,988 | ERROR | FAILED | Greenhouse | https://job-boards.greenhouse.io/c3 | error=404 Client Error: Not Found for url: https://boards-api.greenhouse.io/v1/boards/c3/jobs?content=true
2026-09-28 09:50:13,990 | INFO | START | Greenhouse | https://job-boards.greenhouse.io/vsapartners
2026-09-28 09:50:14,135 | INFO | SUCCESS | Greenhouse | https://job-boards.greenhouse.io/vsapartners | jobs=11
2026-09-28 09:50:14,135 | INFO | START | Greenhouse | https://job-boards.greenhouse.io/zeel
2026-09-28 09:50:14,330 | ERROR | FAILED | Greenhouse | https://job-boards.greenhouse.io/zeel | error=404 Client Error: Not Found for url: https://boards-api.greenhouse.io/v1/boards/zeel/jobs?content=true
2026-09-28 09:50:14,333 | INFO | START | Ashby | https://jobs.ashbyhq.com/fastapicloud
2026-09-28 09:50:14,424 | ERROR | FAILED | Ashby | https://jobs.ashbyhq.com/fastapicloud | error=404 Client Error: Not Found for url: https://api.ashbyhq.com/posting-api/job-board/fastapicloud?includeCompensation=true
2026-09-28 09:50:14,424 | INFO | START | Ashby | https://jobs.ashbyhq.com/netgear
2026-09-28 09:50:14,539 | INFO | SUCCESS | Ashby | https://jobs.ashbyhq.com/netgear | jobs=51
2026-09-28 09:50:14,539 | INFO | START | Ashby | https://jobs.ashbyhq.com/base-operations
2026-09-28 09:50:14,654 | INFO | SUCCESS | Ashby | https://jobs.ashbyhq.com/base-operations | jobs=1
2026-09-28 09:50:14,654 | INFO | START | Ashby | https://jobs.ashbyhq.com/vultr
2026-09-28 09:50:14,849 | INFO | SUCCESS | Ashby | https://jobs.ashbyhq.com/vultr | jobs=53
2026-09-28 09:50:14,849 | INFO | START | Ashby | https://jobs.ashbyhq.com/Voya%20Energy
2026-09-28 09:50:14,936 | INFO | SUCCESS | Ashby | https://jobs.ashbyhq.com/Voya%20Energy | jobs=6
2026-09-28 09:50:14,936 | INFO | START | Ashby | https://jobs.ashbyhq.com/mexdigital
2026-09-28 09:50:15,030 | INFO | SUCCESS | Ashby | https://jobs.ashbyhq.com/mexdigital | jobs=14
2026-09-28 09:50:15,030 | INFO | START | Ashby | https://jobs.ashbyhq.com/zodl
2026-09-28 09:50:15,116 | INFO | SUCCESS | Ashby | https://jobs.ashbyhq.com/zodl | jobs=2
2026-09-28 09:50:15,116 | INFO | START | Ashby | https://jobs.ashbyhq.com/positive-development
2026-09-28 09:50:15,213 | INFO | SUCCESS | Ashby | https://jobs.ashbyhq.com/positive-development | jobs=56
2026-09-28 09:50:15,213 | INFO | START | Ashby | https://jobs.ashbyhq.com/arda-therapeutics
2026-09-28 09:50:15,382 | INFO | SUCCESS | Ashby | https://jobs.ashbyhq.com/arda-therapeutics | jobs=0
2026-09-28 09:50:15,382 | INFO | START | Ashby | https://jobs.ashbyhq.com/aryahealth.ai
2026-09-28 09:50:15,472 | INFO | SUCCESS | Ashby | https://jobs.ashbyhq.com/aryahealth.ai | jobs=14
2026-09-28 09:50:15,472 | INFO | START | Ashby | https://jobs.ashbyhq.com/abstraction.games
2026-09-28 09:50:15,556 | INFO | SUCCESS | Ashby | https://jobs.ashbyhq.com/abstraction.games | jobs=1
2026-09-28 09:50:15,556 | INFO | START | Ashby | https://jobs.ashbyhq.com/regent
2026-09-28 09:50:15,669 | INFO | SUCCESS | Ashby | https://jobs.ashbyhq.com/regent | jobs=28
2026-09-28 09:50:15,669 | INFO | START | Ashby | https://jobs.ashbyhq.com/hearth
2026-09-28 09:50:15,835 | ERROR | FAILED | Ashby | https://jobs.ashbyhq.com/hearth | error=404 Client Error: Not Found for url: https://api.ashbyhq.com/posting-api/job-board/hearth?includeCompensation=true
2026-09-28 09:50:15,836 | INFO | START | Ashby | https://jobs.ashbyhq.com/mistral.ai
2026-09-28 09:50:16,037 | INFO | SUCCESS | Ashby | https://jobs.ashbyhq.com/mistral.ai | jobs=210
2026-09-28 09:50:16,037 | INFO | START | Ashby | https://jobs.ashbyhq.com/impulse
2026-09-28 09:50:16,119 | INFO | SUCCESS | Ashby | https://jobs.ashbyhq.com/impulse | jobs=2
2026-09-28 09:50:16,119 | INFO | START | Ashby | https://jobs.ashbyhq.com/nen
2026-09-28 09:50:16,197 | ERROR | FAILED | Ashby | https://jobs.ashbyhq.com/nen | error=404 Client Error: Not Found for url: https://api.ashbyhq.com/posting-api/job-board/nen?includeCompensation=true
2026-09-28 09:50:16,198 | INFO | START | Ashby | https://jobs.ashbyhq.com/gridverify
2026-09-28 09:50:16,364 | INFO | SUCCESS | Ashby | https://jobs.ashbyhq.com/gridverify | jobs=5
2026-09-28 09:50:16,365 | INFO | START | Ashby | https://jobs.ashbyhq.com/graphyte
2026-09-28 09:50:16,459 | INFO | SUCCESS | Ashby | https://jobs.ashbyhq.com/graphyte | jobs=1
2026-09-28 09:50:16,459 | INFO | START | Ashby | https://jobs.ashbyhq.com/bigeye
2026-09-28 09:50:16,536 | ERROR | FAILED | Ashby | https://jobs.ashbyhq.com/bigeye | error=404 Client Error: Not Found for url: https://api.ashbyhq.com/posting-api/job-board/bigeye?includeCompensation=true
2026-09-28 09:50:16,536 | INFO | START | Ashby | https://jobs.ashbyhq.com/windborne-systems
2026-09-28 09:50:16,623 | INFO | SUCCESS | Ashby | https://jobs.ashbyhq.com/windborne-systems | jobs=19
2026-09-28 09:50:16,623 | INFO | START | Lever | https://jobs.lever.co/tildei
2026-09-28 09:50:16,963 | INFO | SUCCESS | Lever | https://jobs.lever.co/tildei | jobs=1
2026-09-28 09:50:16,963 | INFO | START | Lever | https://jobs.lever.co/crewapp
2026-09-28 09:50:17,250 | ERROR | FAILED | Lever | https://jobs.lever.co/crewapp | error=404 Client Error: Not Found for url: https://api.lever.co/v0/postings/crewapp?mode=json
2026-09-28 09:50:17,251 | INFO | START | Lever | https://jobs.lever.co/mulhalls
2026-09-28 09:50:17,751 | INFO | SUCCESS | Lever | https://jobs.lever.co/mulhalls | jobs=6
2026-09-28 09:50:17,751 | INFO | START | Lever | https://jobs.lever.co/straitcapital
2026-09-28 09:50:18,069 | ERROR | FAILED | Lever | https://jobs.lever.co/straitcapital | error=404 Client Error: Not Found for url: https://api.lever.co/v0/postings/straitcapital?mode=json
2026-09-28 09:50:18,069 | INFO | START | Lever | https://jobs.lever.co/lqdigital
2026-09-28 09:50:18,459 | INFO | SUCCESS | Lever | https://jobs.lever.co/lqdigital | jobs=0
2026-09-28 09:50:18,459 | INFO | START | Lever | https://jobs.lever.co/d-one
2026-09-28 09:50:19,303 | ERROR | FAILED | Lever | https://jobs.lever.co/d-one | error=404 Client Error: Not Found for url: https://api.lever.co/v0/postings/d-one?mode=json
2026-09-28 09:50:19,303 | INFO | START | Lever | https://jobs.lever.co/Rebuilt
2026-09-28 09:50:19,640 | ERROR | FAILED | Lever | https://jobs.lever.co/Rebuilt | error=404 Client Error: Not Found for url: https://api.lever.co/v0/postings/Rebuilt?mode=json
2026-09-28 09:50:19,641 | INFO | START | Lever | https://jobs.lever.co/doranjones
2026-09-28 09:50:19,931 | INFO | SUCCESS | Lever | https://jobs.lever.co/doranjones | jobs=1
2026-09-28 09:50:19,931 | INFO | START | Lever | https://jobs.lever.co/robust-ai
2026-09-28 09:50:20,379 | INFO | SUCCESS | Lever | https://jobs.lever.co/robust-ai | jobs=5
2026-09-28 09:50:20,379 | INFO | START | Lever | https://jobs.lever.co/chec
2026-09-28 09:50:20,743 | ERROR | FAILED | Lever | https://jobs.lever.co/chec | error=404 Client Error: Not Found for url: https://api.lever.co/v0/postings/chec?mode=json
2026-09-28 09:50:20,743 | INFO | START | Greenhouse | https://job-boards.greenhouse.io/foodcorps
2026-09-28 09:50:22,480 | ERROR | FAILED | Greenhouse | https://job-boards.greenhouse.io/foodcorps | error=404 Client Error: Not Found for url: https://boards-api.greenhouse.io/v1/boards/foodcorps/jobs?content=true
2026-09-28 09:50:22,483 | INFO | START | Greenhouse | https://job-boards.greenhouse.io/casetify
2026-09-28 09:50:42,551 | ERROR | FAILED | Greenhouse | https://job-boards.greenhouse.io/casetify | error=HTTPSConnectionPool(host='boards-api.greenhouse.io', port=443): Read timed out. (read timeout=20)
2026-09-28 09:50:42,551 | INFO | START | Greenhouse | https://job-boards.greenhouse.io/happifyhealth
2026-09-28 09:50:42,777 | ERROR | FAILED | Greenhouse | https://job-boards.greenhouse.io/happifyhealth | error=404 Client Error: Not Found for url: https://boards-api.greenhouse.io/v1/boards/happifyhealth/jobs?content=true
2026-09-28 09:50:42,780 | INFO | START | Greenhouse | https://job-boards.greenhouse.io/bird
2026-09-28 09:50:42,981 | INFO | SUCCESS | Greenhouse | https://job-boards.greenhouse.io/bird | jobs=31
2026-09-28 09:50:42,981 | INFO | START | Greenhouse | https://job-boards.greenhouse.io/dremio
2026-09-28 09:50:43,202 | INFO | SUCCESS | Greenhouse | https://job-boards.greenhouse.io/dremio | jobs=7
2026-09-28 09:50:43,202 | INFO | START | Greenhouse | https://job-boards.greenhouse.io/sterling
2026-09-28 09:50:43,320 | INFO | SUCCESS | Greenhouse | https://job-boards.greenhouse.io/sterling | jobs=2
2026-09-28 09:50:43,321 | INFO | START | Greenhouse | https://job-boards.greenhouse.io/parkmobileus
2026-09-28 09:50:43,432 | ERROR | FAILED | Greenhouse | https://job-boards.greenhouse.io/parkmobileus | error=404 Client Error: Not Found for url: https://boards-api.greenhouse.io/v1/boards/parkmobileus/jobs?content=true
2026-09-28 09:50:43,433 | INFO | START | Greenhouse | https://job-boards.greenhouse.io/merchantsauto
2026-09-28 09:50:43,636 | INFO | SUCCESS | Greenhouse | https://job-boards.greenhouse.io/merchantsauto | jobs=1
2026-09-28 09:50:43,636 | INFO | START | Greenhouse | https://job-boards.greenhouse.io/canopytax
2026-09-28 09:50:43,784 | INFO | SUCCESS | Greenhouse | https://job-boards.greenhouse.io/canopytax | jobs=12
2026-09-28 09:50:43,784 | INFO | START | Greenhouse | https://job-boards.greenhouse.io/straitsx
2026-09-28 09:50:43,913 | INFO | SUCCESS | Greenhouse | https://job-boards.greenhouse.io/straitsx | jobs=25
2026-09-28 09:50:43,913 | INFO | START | Greenhouse | https://job-boards.greenhouse.io/nycedc
2026-09-28 09:50:44,183 | INFO | SUCCESS | Greenhouse | https://job-boards.greenhouse.io/nycedc | jobs=32
2026-09-28 09:50:44,184 | INFO | START | Greenhouse | https://job-boards.greenhouse.io/fractalteam
2026-09-28 09:50:44,277 | ERROR | FAILED | Greenhouse | https://job-boards.greenhouse.io/fractalteam | error=404 Client Error: Not Found for url: https://boards-api.greenhouse.io/v1/boards/fractalteam/jobs?content=true
2026-09-28 09:50:44,277 | INFO | START | Greenhouse | https://job-boards.greenhouse.io/abdielcapital
2026-09-28 09:50:44,388 | INFO | SUCCESS | Greenhouse | https://job-boards.greenhouse.io/abdielcapital | jobs=0
2026-09-28 09:50:44,388 | INFO | START | Greenhouse | https://job-boards.greenhouse.io/github
2026-09-28 09:50:44,484 | ERROR | FAILED | Greenhouse | https://job-boards.greenhouse.io/github | error=404 Client Error: Not Found for url: https://boards-api.greenhouse.io/v1/boards/github/jobs?content=true
2026-09-28 09:50:44,485 | INFO | START | Greenhouse | https://job-boards.greenhouse.io/theplanningshopuk
2026-09-28 09:50:44,673 | INFO | SUCCESS | Greenhouse | https://job-boards.greenhouse.io/theplanningshopuk | jobs=0
2026-09-28 09:50:44,673 | INFO | START | Greenhouse | https://job-boards.greenhouse.io/mcafee
2026-09-28 09:50:44,800 | INFO | SUCCESS | Greenhouse | https://job-boards.greenhouse.io/mcafee | jobs=1
2026-09-28 09:50:44,800 | INFO | START | Greenhouse | https://job-boards.greenhouse.io/peoplestrata
2026-09-28 09:50:44,926 | INFO | SUCCESS | Greenhouse | https://job-boards.greenhouse.io/peoplestrata | jobs=0
2026-09-28 09:50:44,926 | INFO | START | Greenhouse | https://job-boards.greenhouse.io/c3
2026-09-28 09:50:45,055 | ERROR | FAILED | Greenhouse | https://job-boards.greenhouse.io/c3 | error=404 Client Error: Not Found for url: https://boards-api.greenhouse.io/v1/boards/c3/jobs?content=true
2026-09-28 09:50:45,061 | INFO | START | Greenhouse | https://job-boards.greenhouse.io/vsapartners
2026-09-28 09:50:45,298 | INFO | SUCCESS | Greenhouse | https://job-boards.greenhouse.io/vsapartners | jobs=11
2026-09-28 09:50:45,298 | INFO | START | Greenhouse | https://job-boards.greenhouse.io/zeel
2026-09-28 09:50:45,403 | ERROR | FAILED | Greenhouse | https://job-boards.greenhouse.io/zeel | error=404 Client Error: Not Found for url: https://boards-api.greenhouse.io/v1/boards/zeel/jobs?content=true
2026-09-28 09:50:45,404 | INFO | START | Ashby | https://jobs.ashbyhq.com/fastapicloud
2026-09-28 09:50:45,476 | ERROR | FAILED | Ashby | https://jobs.ashbyhq.com/fastapicloud | error=404 Client Error: Not Found for url: https://api.ashbyhq.com/posting-api/job-board/fastapicloud?includeCompensation=true
2026-09-28 09:50:45,477 | INFO | START | Ashby | https://jobs.ashbyhq.com/netgear
2026-09-28 09:50:45,590 | INFO | SUCCESS | Ashby | https://jobs.ashbyhq.com/netgear | jobs=51
2026-09-28 09:50:45,590 | INFO | START | Ashby | https://jobs.ashbyhq.com/base-operations
2026-09-28 09:50:45,780 | INFO | SUCCESS | Ashby | https://jobs.ashbyhq.com/base-operations | jobs=1
2026-09-28 09:50:45,781 | INFO | START | Ashby | https://jobs.ashbyhq.com/vultr
2026-09-28 09:50:45,921 | INFO | SUCCESS | Ashby | https://jobs.ashbyhq.com/vultr | jobs=53
2026-09-28 09:50:45,921 | INFO | START | Ashby | https://jobs.ashbyhq.com/Voya%20Energy
2026-09-28 09:50:46,034 | INFO | SUCCESS | Ashby | https://jobs.ashbyhq.com/Voya%20Energy | jobs=6
2026-09-28 09:50:46,034 | INFO | START | Ashby | https://jobs.ashbyhq.com/mexdigital
2026-09-28 09:50:46,126 | INFO | SUCCESS | Ashby | https://jobs.ashbyhq.com/mexdigital | jobs=14
2026-09-28 09:50:46,126 | INFO | START | Ashby | https://jobs.ashbyhq.com/zodl
2026-09-28 09:50:46,302 | INFO | SUCCESS | Ashby | https://jobs.ashbyhq.com/zodl | jobs=2
2026-09-28 09:50:46,302 | INFO | START | Ashby | https://jobs.ashbyhq.com/positive-development
2026-09-28 09:50:46,405 | INFO | SUCCESS | Ashby | https://jobs.ashbyhq.com/positive-development | jobs=56
2026-09-28 09:50:46,405 | INFO | START | Ashby | https://jobs.ashbyhq.com/arda-therapeutics
2026-09-28 09:50:46,482 | INFO | SUCCESS | Ashby | https://jobs.ashbyhq.com/arda-therapeutics | jobs=0
2026-09-28 09:50:46,482 | INFO | START | Ashby | https://jobs.ashbyhq.com/aryahealth.ai
2026-09-28 09:50:46,581 | INFO | SUCCESS | Ashby | https://jobs.ashbyhq.com/aryahealth.ai | jobs=14
2026-09-28 09:50:46,581 | INFO | START | Ashby | https://jobs.ashbyhq.com/abstraction.games
2026-09-28 09:50:46,771 | INFO | SUCCESS | Ashby | https://jobs.ashbyhq.com/abstraction.games | jobs=1
2026-09-28 09:50:46,772 | INFO | START | Ashby | https://jobs.ashbyhq.com/regent
2026-09-28 09:50:46,880 | INFO | SUCCESS | Ashby | https://jobs.ashbyhq.com/regent | jobs=28
2026-09-28 09:50:46,880 | INFO | START | Ashby | https://jobs.ashbyhq.com/hearth
2026-09-28 09:50:46,957 | ERROR | FAILED | Ashby | https://jobs.ashbyhq.com/hearth | error=404 Client Error: Not Found for url: https://api.ashbyhq.com/posting-api/job-board/hearth?includeCompensation=true
2026-09-28 09:50:46,957 | INFO | START | Ashby | https://jobs.ashbyhq.com/mistral.ai
2026-09-28 09:50:47,162 | INFO | SUCCESS | Ashby | https://jobs.ashbyhq.com/mistral.ai | jobs=210
2026-09-28 09:50:47,162 | INFO | START | Ashby | https://jobs.ashbyhq.com/impulse
2026-09-28 09:50:47,329 | INFO | SUCCESS | Ashby | https://jobs.ashbyhq.com/impulse | jobs=2
2026-09-28 09:50:47,329 | INFO | START | Ashby | https://jobs.ashbyhq.com/nen
2026-09-28 09:50:47,420 | ERROR | FAILED | Ashby | https://jobs.ashbyhq.com/nen | error=404 Client Error: Not Found for url: https://api.ashbyhq.com/posting-api/job-board/nen?includeCompensation=true
2026-09-28 09:50:47,421 | INFO | START | Ashby | https://jobs.ashbyhq.com/gridverify
2026-09-28 09:50:47,502 | INFO | SUCCESS | Ashby | https://jobs.ashbyhq.com/gridverify | jobs=5
2026-09-28 09:50:47,502 | INFO | START | Ashby | https://jobs.ashbyhq.com/graphyte
2026-09-28 09:50:47,581 | INFO | SUCCESS | Ashby | https://jobs.ashbyhq.com/graphyte | jobs=1
2026-09-28 09:50:47,581 | INFO | START | Ashby | https://jobs.ashbyhq.com/bigeye
2026-09-28 09:50:47,667 | ERROR | FAILED | Ashby | https://jobs.ashbyhq.com/bigeye | error=404 Client Error: Not Found for url: https://api.ashbyhq.com/posting-api/job-board/bigeye?includeCompensation=true
2026-09-28 09:50:47,668 | INFO | START | Ashby | https://jobs.ashbyhq.com/windborne-systems
2026-09-28 09:50:47,822 | INFO | SUCCESS | Ashby | https://jobs.ashbyhq.com/windborne-systems | jobs=19
2026-09-28 09:50:47,822 | INFO | START | Lever | https://jobs.lever.co/tildei
2026-09-28 09:50:48,131 | INFO | SUCCESS | Lever | https://jobs.lever.co/tildei | jobs=1
2026-09-28 09:50:48,131 | INFO | START | Lever | https://jobs.lever.co/crewapp
2026-09-28 09:50:48,477 | ERROR | FAILED | Lever | https://jobs.lever.co/crewapp | error=404 Client Error: Not Found for url: https://api.lever.co/v0/postings/crewapp?mode=json
2026-09-28 09:50:48,480 | INFO | START | Lever | https://jobs.lever.co/mulhalls
2026-09-28 09:50:48,999 | INFO | SUCCESS | Lever | https://jobs.lever.co/mulhalls | jobs=6
2026-09-28 09:50:49,000 | INFO | START | Lever | https://jobs.lever.co/straitcapital
2026-09-28 09:50:49,388 | ERROR | FAILED | Lever | https://jobs.lever.co/straitcapital | error=404 Client Error: Not Found for url: https://api.lever.co/v0/postings/straitcapital?mode=json
2026-09-28 09:50:49,392 | INFO | START | Lever | https://jobs.lever.co/lqdigital
2026-09-28 09:50:49,729 | INFO | SUCCESS | Lever | https://jobs.lever.co/lqdigital | jobs=0
2026-09-28 09:50:49,729 | INFO | START | Lever | https://jobs.lever.co/d-one
2026-09-28 09:50:50,108 | ERROR | FAILED | Lever | https://jobs.lever.co/d-one | error=404 Client Error: Not Found for url: https://api.lever.co/v0/postings/d-one?mode=json
2026-09-28 09:50:50,111 | INFO | START | Lever | https://jobs.lever.co/Rebuilt
2026-09-28 09:50:50,437 | ERROR | FAILED | Lever | https://jobs.lever.co/Rebuilt | error=404 Client Error: Not Found for url: https://api.lever.co/v0/postings/Rebuilt?mode=json
2026-09-28 09:50:50,440 | INFO | START | Lever | https://jobs.lever.co/doranjones
2026-09-28 09:50:50,745 | INFO | SUCCESS | Lever | https://jobs.lever.co/doranjones | jobs=1
2026-09-28 09:50:50,745 | INFO | START | Lever | https://jobs.lever.co/robust-ai
2026-09-28 09:50:51,281 | INFO | SUCCESS | Lever | https://jobs.lever.co/robust-ai | jobs=5
2026-09-28 09:50:51,281 | INFO | START | Lever | https://jobs.lever.co/chec
2026-09-28 09:50:51,622 | ERROR | FAILED | Lever | https://jobs.lever.co/chec | error=404 Client Error: Not Found for url: https://api.lever.co/v0/postings/chec?mode=json
2026-09-28 09:50:51,626 | INFO | START | Greenhouse | https://job-boards.greenhouse.io/foodcorps
2026-09-28 09:50:51,759 | ERROR | FAILED | Greenhouse | https://job-boards.greenhouse.io/foodcorps | error=404 Client Error: Not Found for url: https://boards-api.greenhouse.io/v1/boards/foodcorps/jobs?content=true
2026-09-28 09:50:51,762 | INFO | START | Greenhouse | https://job-boards.greenhouse.io/casetify
2026-09-28 09:50:51,965 | INFO | SUCCESS | Greenhouse | https://job-boards.greenhouse.io/casetify | jobs=63
2026-09-28 09:50:51,965 | INFO | START | Greenhouse | https://job-boards.greenhouse.io/happifyhealth
2026-09-28 09:50:52,104 | ERROR | FAILED | Greenhouse | https://job-boards.greenhouse.io/happifyhealth | error=404 Client Error: Not Found for url: https://boards-api.greenhouse.io/v1/boards/happifyhealth/jobs?content=true
2026-09-28 09:50:52,105 | INFO | START | Greenhouse | https://job-boards.greenhouse.io/bird
2026-09-28 09:50:52,282 | INFO | SUCCESS | Greenhouse | https://job-boards.greenhouse.io/bird | jobs=31
2026-09-28 09:50:52,282 | INFO | START | Greenhouse | https://job-boards.greenhouse.io/dremio
2026-09-28 09:50:52,414 | INFO | SUCCESS | Greenhouse | https://job-boards.greenhouse.io/dremio | jobs=7
2026-09-28 09:50:52,414 | INFO | START | Greenhouse | https://job-boards.greenhouse.io/sterling
2026-09-28 09:50:52,611 | INFO | SUCCESS | Greenhouse | https://job-boards.greenhouse.io/sterling | jobs=2
2026-09-28 09:50:52,611 | INFO | START | Greenhouse | https://job-boards.greenhouse.io/parkmobileus
2026-09-28 09:50:52,735 | ERROR | FAILED | Greenhouse | https://job-boards.greenhouse.io/parkmobileus | error=404 Client Error: Not Found for url: https://boards-api.greenhouse.io/v1/boards/parkmobileus/jobs?content=true
2026-09-28 09:50:52,737 | INFO | START | Greenhouse | https://job-boards.greenhouse.io/merchantsauto
2026-09-28 09:50:52,863 | INFO | SUCCESS | Greenhouse | https://job-boards.greenhouse.io/merchantsauto | jobs=1
2026-09-28 09:50:52,863 | INFO | START | Greenhouse | https://job-boards.greenhouse.io/canopytax
2026-09-28 09:50:53,089 | INFO | SUCCESS | Greenhouse | https://job-boards.greenhouse.io/canopytax | jobs=12
2026-09-28 09:50:53,089 | INFO | START | Greenhouse | https://job-boards.greenhouse.io/straitsx
2026-09-28 09:50:53,227 | INFO | SUCCESS | Greenhouse | https://job-boards.greenhouse.io/straitsx | jobs=25
2026-09-28 09:50:53,227 | INFO | START | Greenhouse | https://job-boards.greenhouse.io/nycedc
2026-09-28 09:50:53,513 | INFO | SUCCESS | Greenhouse | https://job-boards.greenhouse.io/nycedc | jobs=32
2026-09-28 09:50:53,513 | INFO | START | Greenhouse | https://job-boards.greenhouse.io/fractalteam
2026-09-28 09:50:53,678 | ERROR | FAILED | Greenhouse | https://job-boards.greenhouse.io/fractalteam | error=404 Client Error: Not Found for url: https://boards-api.greenhouse.io/v1/boards/fractalteam/jobs?content=true
2026-09-28 09:50:53,678 | INFO | START | Greenhouse | https://job-boards.greenhouse.io/abdielcapital
2026-09-28 09:50:53,789 | INFO | SUCCESS | Greenhouse | https://job-boards.greenhouse.io/abdielcapital | jobs=0
2026-09-28 09:50:53,789 | INFO | START | Greenhouse | https://job-boards.greenhouse.io/github
2026-09-28 09:50:53,910 | ERROR | FAILED | Greenhouse | https://job-boards.greenhouse.io/github | error=404 Client Error: Not Found for url: https://boards-api.greenhouse.io/v1/boards/github/jobs?content=true
2026-09-28 09:50:53,912 | INFO | START | Greenhouse | https://job-boards.greenhouse.io/theplanningshopuk
2026-09-28 09:50:54,110 | INFO | SUCCESS | Greenhouse | https://job-boards.greenhouse.io/theplanningshopuk | jobs=0
2026-09-28 09:50:54,111 | INFO | START | Greenhouse | https://job-boards.greenhouse.io/mcafee
2026-09-28 09:50:54,242 | INFO | SUCCESS | Greenhouse | https://job-boards.greenhouse.io/mcafee | jobs=1
2026-09-28 09:50:54,242 | INFO | START | Greenhouse | https://job-boards.greenhouse.io/peoplestrata
2026-09-28 09:50:54,369 | INFO | SUCCESS | Greenhouse | https://job-boards.greenhouse.io/peoplestrata | jobs=0
2026-09-28 09:50:54,370 | INFO | START | Greenhouse | https://job-boards.greenhouse.io/c3
2026-09-28 09:50:54,485 | ERROR | FAILED | Greenhouse | https://job-boards.greenhouse.io/c3 | error=404 Client Error: Not Found for url: https://boards-api.greenhouse.io/v1/boards/c3/jobs?content=true
2026-09-28 09:50:54,487 | INFO | START | Greenhouse | https://job-boards.greenhouse.io/vsapartners
2026-09-28 09:50:54,729 | INFO | SUCCESS | Greenhouse | https://job-boards.greenhouse.io/vsapartners | jobs=11
2026-09-28 09:50:54,729 | INFO | START | Greenhouse | https://job-boards.greenhouse.io/zeel
2026-09-28 09:50:54,832 | ERROR | FAILED | Greenhouse | https://job-boards.greenhouse.io/zeel | error=404 Client Error: Not Found for url: https://boards-api.greenhouse.io/v1/boards/zeel/jobs?content=true
2026-09-28 09:50:54,832 | INFO | START | Ashby | https://jobs.ashbyhq.com/fastapicloud
2026-09-28 09:50:54,909 | ERROR | FAILED | Ashby | https://jobs.ashbyhq.com/fastapicloud | error=404 Client Error: Not Found for url: https://api.ashbyhq.com/posting-api/job-board/fastapicloud?includeCompensation=true
2026-09-28 09:50:54,910 | INFO | START | Ashby | https://jobs.ashbyhq.com/netgear
2026-09-28 09:50:55,023 | INFO | SUCCESS | Ashby | https://jobs.ashbyhq.com/netgear | jobs=51
2026-09-28 09:50:55,023 | INFO | START | Ashby | https://jobs.ashbyhq.com/base-operations
2026-09-28 09:50:55,215 | INFO | SUCCESS | Ashby | https://jobs.ashbyhq.com/base-operations | jobs=1
2026-09-28 09:50:55,216 | INFO | START | Ashby | https://jobs.ashbyhq.com/vultr
2026-09-28 09:50:55,353 | INFO | SUCCESS | Ashby | https://jobs.ashbyhq.com/vultr | jobs=53
2026-09-28 09:50:55,353 | INFO | START | Ashby | https://jobs.ashbyhq.com/Voya%20Energy
2026-09-28 09:50:55,437 | INFO | SUCCESS | Ashby | https://jobs.ashbyhq.com/Voya%20Energy | jobs=6
2026-09-28 09:50:55,438 | INFO | START | Ashby | https://jobs.ashbyhq.com/mexdigital
2026-09-28 09:50:55,524 | INFO | SUCCESS | Ashby | https://jobs.ashbyhq.com/mexdigital | jobs=14
2026-09-28 09:50:55,524 | INFO | START | Ashby | https://jobs.ashbyhq.com/zodl
2026-09-28 09:50:55,684 | INFO | SUCCESS | Ashby | https://jobs.ashbyhq.com/zodl | jobs=2
2026-09-28 09:50:55,684 | INFO | START | Ashby | https://jobs.ashbyhq.com/positive-development
2026-09-28 09:50:55,797 | INFO | SUCCESS | Ashby | https://jobs.ashbyhq.com/positive-development | jobs=56
2026-09-28 09:50:55,797 | INFO | START | Ashby | https://jobs.ashbyhq.com/arda-therapeutics
2026-09-28 09:50:55,888 | INFO | SUCCESS | Ashby | https://jobs.ashbyhq.com/arda-therapeutics | jobs=0
2026-09-28 09:50:55,888 | INFO | START | Ashby | https://jobs.ashbyhq.com/aryahealth.ai
2026-09-28 09:50:55,984 | INFO | SUCCESS | Ashby | https://jobs.ashbyhq.com/aryahealth.ai | jobs=14
2026-09-28 09:50:55,984 | INFO | START | Ashby | https://jobs.ashbyhq.com/abstraction.games
2026-09-28 09:50:56,067 | INFO | SUCCESS | Ashby | https://jobs.ashbyhq.com/abstraction.games | jobs=1
2026-09-28 09:50:56,067 | INFO | START | Ashby | https://jobs.ashbyhq.com/regent
2026-09-28 09:50:56,253 | INFO | SUCCESS | Ashby | https://jobs.ashbyhq.com/regent | jobs=28
2026-09-28 09:50:56,253 | INFO | START | Ashby | https://jobs.ashbyhq.com/hearth
2026-09-28 09:50:56,340 | ERROR | FAILED | Ashby | https://jobs.ashbyhq.com/hearth | error=404 Client Error: Not Found for url: https://api.ashbyhq.com/posting-api/job-board/hearth?includeCompensation=true
2026-09-28 09:50:56,341 | INFO | START | Ashby | https://jobs.ashbyhq.com/mistral.ai
2026-09-28 09:50:56,537 | INFO | SUCCESS | Ashby | https://jobs.ashbyhq.com/mistral.ai | jobs=210
2026-09-28 09:50:56,537 | INFO | START | Ashby | https://jobs.ashbyhq.com/impulse
2026-09-28 09:50:56,615 | INFO | SUCCESS | Ashby | https://jobs.ashbyhq.com/impulse | jobs=2
2026-09-28 09:50:56,615 | INFO | START | Ashby | https://jobs.ashbyhq.com/nen
2026-09-28 09:50:56,762 | ERROR | FAILED | Ashby | https://jobs.ashbyhq.com/nen | error=404 Client Error: Not Found for url: https://api.ashbyhq.com/posting-api/job-board/nen?includeCompensation=true
2026-09-28 09:50:56,764 | INFO | START | Ashby | https://jobs.ashbyhq.com/gridverify
2026-09-28 09:50:56,860 | INFO | SUCCESS | Ashby | https://jobs.ashbyhq.com/gridverify | jobs=5
2026-09-28 09:50:56,860 | INFO | START | Ashby | https://jobs.ashbyhq.com/graphyte
2026-09-28 09:50:56,939 | INFO | SUCCESS | Ashby | https://jobs.ashbyhq.com/graphyte | jobs=1
2026-09-28 09:50:56,939 | INFO | START | Ashby | https://jobs.ashbyhq.com/bigeye
2026-09-28 09:50:57,021 | ERROR | FAILED | Ashby | https://jobs.ashbyhq.com/bigeye | error=404 Client Error: Not Found for url: https://api.ashbyhq.com/posting-api/job-board/bigeye?includeCompensation=true
2026-09-28 09:50:57,022 | INFO | START | Ashby | https://jobs.ashbyhq.com/windborne-systems
2026-09-28 09:50:57,106 | INFO | SUCCESS | Ashby | https://jobs.ashbyhq.com/windborne-systems | jobs=19
2026-09-28 09:50:57,106 | INFO | START | Lever | https://jobs.lever.co/tildei
2026-09-28 09:50:57,482 | INFO | SUCCESS | Lever | https://jobs.lever.co/tildei | jobs=1
2026-09-28 09:50:57,482 | INFO | START | Lever | https://jobs.lever.co/crewapp
2026-09-28 09:50:57,846 | ERROR | FAILED | Lever | https://jobs.lever.co/crewapp | error=404 Client Error: Not Found for url: https://api.lever.co/v0/postings/crewapp?mode=json
2026-09-28 09:50:57,848 | INFO | START | Lever | https://jobs.lever.co/mulhalls
2026-09-28 09:50:58,370 | INFO | SUCCESS | Lever | https://jobs.lever.co/mulhalls | jobs=6
2026-09-28 09:50:58,370 | INFO | START | Lever | https://jobs.lever.co/straitcapital
2026-09-28 09:50:58,825 | ERROR | FAILED | Lever | https://jobs.lever.co/straitcapital | error=404 Client Error: Not Found for url: https://api.lever.co/v0/postings/straitcapital?mode=json
2026-09-28 09:50:58,829 | INFO | START | Lever | https://jobs.lever.co/lqdigital
2026-09-28 09:50:59,134 | INFO | SUCCESS | Lever | https://jobs.lever.co/lqdigital | jobs=0
2026-09-28 09:50:59,134 | INFO | START | Lever | https://jobs.lever.co/d-one
2026-09-28 09:50:59,535 | ERROR | FAILED | Lever | https://jobs.lever.co/d-one | error=404 Client Error: Not Found for url: https://api.lever.co/v0/postings/d-one?mode=json
2026-09-28 09:50:59,539 | INFO | START | Lever | https://jobs.lever.co/Rebuilt
2026-09-28 09:50:59,942 | ERROR | FAILED | Lever | https://jobs.lever.co/Rebuilt | error=404 Client Error: Not Found for url: https://api.lever.co/v0/postings/Rebuilt?mode=json
2026-09-28 09:50:59,944 | INFO | START | Lever | https://jobs.lever.co/doranjones
2026-09-28 09:51:00,287 | INFO | SUCCESS | Lever | https://jobs.lever.co/doranjones | jobs=1
2026-09-28 09:51:00,287 | INFO | START | Lever | https://jobs.lever.co/robust-ai
2026-09-28 09:51:00,799 | INFO | SUCCESS | Lever | https://jobs.lever.co/robust-ai | jobs=5
2026-09-28 09:51:00,800 | INFO | START | Lever | https://jobs.lever.co/chec
2026-09-28 09:51:01,152 | ERROR | FAILED | Lever | https://jobs.lever.co/chec | error=404 Client Error: Not Found for url: https://api.lever.co/v0/postings/chec?mode=json
2026-09-28 09:51:01,154 | INFO | START | Greenhouse | https://job-boards.greenhouse.io/foodcorps
2026-09-28 09:51:16,035 | ERROR | FAILED | Greenhouse | https://job-boards.greenhouse.io/foodcorps | error=404 Client Error: Not Found for url: https://boards-api.greenhouse.io/v1/boards/foodcorps/jobs?content=true
2026-09-28 09:51:16,038 | INFO | START | Greenhouse | https://job-boards.greenhouse.io/casetify
2026-09-28 09:51:16,331 | INFO | SUCCESS | Greenhouse | https://job-boards.greenhouse.io/casetify | jobs=63
2026-09-28 09:51:16,331 | INFO | START | Greenhouse | https://job-boards.greenhouse.io/happifyhealth
2026-09-28 09:51:16,438 | ERROR | FAILED | Greenhouse | https://job-boards.greenhouse.io/happifyhealth | error=404 Client Error: Not Found for url: https://boards-api.greenhouse.io/v1/boards/happifyhealth/jobs?content=true
2026-09-28 09:51:16,439 | INFO | START | Greenhouse | https://job-boards.greenhouse.io/bird
2026-09-28 09:51:16,707 | INFO | SUCCESS | Greenhouse | https://job-boards.greenhouse.io/bird | jobs=31
2026-09-28 09:51:16,707 | INFO | START | Greenhouse | https://job-boards.greenhouse.io/dremio
2026-09-28 09:51:16,837 | INFO | SUCCESS | Greenhouse | https://job-boards.greenhouse.io/dremio | jobs=7
2026-09-28 09:51:16,837 | INFO | START | Greenhouse | https://job-boards.greenhouse.io/sterling
2026-09-28 09:51:16,952 | INFO | SUCCESS | Greenhouse | https://job-boards.greenhouse.io/sterling | jobs=2
2026-09-28 09:51:16,952 | INFO | START | Greenhouse | https://job-boards.greenhouse.io/parkmobileus
2026-09-28 09:51:17,064 | ERROR | FAILED | Greenhouse | https://job-boards.greenhouse.io/parkmobileus | error=404 Client Error: Not Found for url: https://boards-api.greenhouse.io/v1/boards/parkmobileus/jobs?content=true
2026-09-28 09:51:17,065 | INFO | START | Greenhouse | https://job-boards.greenhouse.io/merchantsauto
2026-09-28 09:51:17,258 | INFO | SUCCESS | Greenhouse | https://job-boards.greenhouse.io/merchantsauto | jobs=1
2026-09-28 09:51:17,258 | INFO | START | Greenhouse | https://job-boards.greenhouse.io/canopytax
2026-09-28 09:51:17,418 | INFO | SUCCESS | Greenhouse | https://job-boards.greenhouse.io/canopytax | jobs=12
2026-09-28 09:51:17,418 | INFO | START | Greenhouse | https://job-boards.greenhouse.io/straitsx
2026-09-28 09:51:17,551 | INFO | SUCCESS | Greenhouse | https://job-boards.greenhouse.io/straitsx | jobs=25
2026-09-28 09:51:17,551 | INFO | START | Greenhouse | https://job-boards.greenhouse.io/nycedc
2026-09-28 09:51:17,860 | INFO | SUCCESS | Greenhouse | https://job-boards.greenhouse.io/nycedc | jobs=32
2026-09-28 09:51:17,860 | INFO | START | Greenhouse | https://job-boards.greenhouse.io/fractalteam
2026-09-28 09:51:17,973 | ERROR | FAILED | Greenhouse | https://job-boards.greenhouse.io/fractalteam | error=404 Client Error: Not Found for url: https://boards-api.greenhouse.io/v1/boards/fractalteam/jobs?content=true
2026-09-28 09:51:17,974 | INFO | START | Greenhouse | https://job-boards.greenhouse.io/abdielcapital
2026-09-28 09:51:18,097 | INFO | SUCCESS | Greenhouse | https://job-boards.greenhouse.io/abdielcapital | jobs=0
2026-09-28 09:51:18,097 | INFO | START | Greenhouse | https://job-boards.greenhouse.io/github
2026-09-28 09:51:18,296 | ERROR | FAILED | Greenhouse | https://job-boards.greenhouse.io/github | error=404 Client Error: Not Found for url: https://boards-api.greenhouse.io/v1/boards/github/jobs?content=true
2026-09-28 09:51:18,299 | INFO | START | Greenhouse | https://job-boards.greenhouse.io/theplanningshopuk
2026-09-28 09:51:18,421 | INFO | SUCCESS | Greenhouse | https://job-boards.greenhouse.io/theplanningshopuk | jobs=0
2026-09-28 09:51:18,421 | INFO | START | Greenhouse | https://job-boards.greenhouse.io/mcafee
2026-09-28 09:51:18,542 | INFO | SUCCESS | Greenhouse | https://job-boards.greenhouse.io/mcafee | jobs=1
2026-09-28 09:51:18,542 | INFO | START | Greenhouse | https://job-boards.greenhouse.io/peoplestrata
2026-09-28 09:51:18,752 | INFO | SUCCESS | Greenhouse | https://job-boards.greenhouse.io/peoplestrata | jobs=0
2026-09-28 09:51:18,752 | INFO | START | Greenhouse | https://job-boards.greenhouse.io/c3
2026-09-28 09:51:18,866 | ERROR | FAILED | Greenhouse | https://job-boards.greenhouse.io/c3 | error=404 Client Error: Not Found for url: https://boards-api.greenhouse.io/v1/boards/c3/jobs?content=true
2026-09-28 09:51:18,869 | INFO | START | Greenhouse | https://job-boards.greenhouse.io/vsapartners
2026-09-28 09:51:19,023 | INFO | SUCCESS | Greenhouse | https://job-boards.greenhouse.io/vsapartners | jobs=11
2026-09-28 09:51:19,023 | INFO | START | Greenhouse | https://job-boards.greenhouse.io/zeel
2026-09-28 09:51:19,126 | ERROR | FAILED | Greenhouse | https://job-boards.greenhouse.io/zeel | error=404 Client Error: Not Found for url: https://boards-api.greenhouse.io/v1/boards/zeel/jobs?content=true
2026-09-28 09:51:19,127 | INFO | START | Ashby | https://jobs.ashbyhq.com/fastapicloud
2026-09-28 09:51:19,273 | ERROR | FAILED | Ashby | https://jobs.ashbyhq.com/fastapicloud | error=404 Client Error: Not Found for url: https://api.ashbyhq.com/posting-api/job-board/fastapicloud?includeCompensation=true
2026-09-28 09:51:19,275 | INFO | START | Ashby | https://jobs.ashbyhq.com/netgear
2026-09-28 09:51:19,389 | INFO | SUCCESS | Ashby | https://jobs.ashbyhq.com/netgear | jobs=51
2026-09-28 09:51:19,389 | INFO | START | Ashby | https://jobs.ashbyhq.com/base-operations
2026-09-28 09:51:19,483 | INFO | SUCCESS | Ashby | https://jobs.ashbyhq.com/base-operations | jobs=1
2026-09-28 09:51:19,484 | INFO | START | Ashby | https://jobs.ashbyhq.com/vultr
2026-09-28 09:51:19,613 | INFO | SUCCESS | Ashby | https://jobs.ashbyhq.com/vultr | jobs=53
2026-09-28 09:51:19,613 | INFO | START | Ashby | https://jobs.ashbyhq.com/Voya%20Energy
2026-09-28 09:51:19,697 | INFO | SUCCESS | Ashby | https://jobs.ashbyhq.com/Voya%20Energy | jobs=6
2026-09-28 09:51:19,697 | INFO | START | Ashby | https://jobs.ashbyhq.com/mexdigital
2026-09-28 09:51:19,876 | INFO | SUCCESS | Ashby | https://jobs.ashbyhq.com/mexdigital | jobs=14
2026-09-28 09:51:19,876 | INFO | START | Ashby | https://jobs.ashbyhq.com/zodl
2026-09-28 09:51:19,963 | INFO | SUCCESS | Ashby | https://jobs.ashbyhq.com/zodl | jobs=2
2026-09-28 09:51:19,963 | INFO | START | Ashby | https://jobs.ashbyhq.com/positive-development
2026-09-28 09:51:20,057 | INFO | SUCCESS | Ashby | https://jobs.ashbyhq.com/positive-development | jobs=56
2026-09-28 09:51:20,057 | INFO | START | Ashby | https://jobs.ashbyhq.com/arda-therapeutics
2026-09-28 09:51:20,136 | INFO | SUCCESS | Ashby | https://jobs.ashbyhq.com/arda-therapeutics | jobs=0
2026-09-28 09:51:20,136 | INFO | START | Ashby | https://jobs.ashbyhq.com/aryahealth.ai
2026-09-28 09:51:20,218 | INFO | SUCCESS | Ashby | https://jobs.ashbyhq.com/aryahealth.ai | jobs=14
2026-09-28 09:51:20,218 | INFO | START | Ashby | https://jobs.ashbyhq.com/abstraction.games
2026-09-28 09:51:20,396 | INFO | SUCCESS | Ashby | https://jobs.ashbyhq.com/abstraction.games | jobs=1
2026-09-28 09:51:20,396 | INFO | START | Ashby | https://jobs.ashbyhq.com/regent
2026-09-28 09:51:20,501 | INFO | SUCCESS | Ashby | https://jobs.ashbyhq.com/regent | jobs=28
2026-09-28 09:51:20,502 | INFO | START | Ashby | https://jobs.ashbyhq.com/hearth
2026-09-28 09:51:20,578 | ERROR | FAILED | Ashby | https://jobs.ashbyhq.com/hearth | error=404 Client Error: Not Found for url: https://api.ashbyhq.com/posting-api/job-board/hearth?includeCompensation=true
2026-09-28 09:51:20,579 | INFO | START | Ashby | https://jobs.ashbyhq.com/mistral.ai
2026-09-28 09:51:20,773 | INFO | SUCCESS | Ashby | https://jobs.ashbyhq.com/mistral.ai | jobs=210
2026-09-28 09:51:20,773 | INFO | START | Ashby | https://jobs.ashbyhq.com/impulse
2026-09-28 09:51:20,934 | INFO | SUCCESS | Ashby | https://jobs.ashbyhq.com/impulse | jobs=2
2026-09-28 09:51:20,934 | INFO | START | Ashby | https://jobs.ashbyhq.com/nen
2026-09-28 09:51:21,045 | ERROR | FAILED | Ashby | https://jobs.ashbyhq.com/nen | error=404 Client Error: Not Found for url: https://api.ashbyhq.com/posting-api/job-board/nen?includeCompensation=true
2026-09-28 09:51:21,046 | INFO | START | Ashby | https://jobs.ashbyhq.com/gridverify
2026-09-28 09:51:21,148 | INFO | SUCCESS | Ashby | https://jobs.ashbyhq.com/gridverify | jobs=5
2026-09-28 09:51:21,148 | INFO | START | Ashby | https://jobs.ashbyhq.com/graphyte
2026-09-28 09:51:21,237 | INFO | SUCCESS | Ashby | https://jobs.ashbyhq.com/graphyte | jobs=1
2026-09-28 09:51:21,237 | INFO | START | Ashby | https://jobs.ashbyhq.com/bigeye
2026-09-28 09:51:21,405 | ERROR | FAILED | Ashby | https://jobs.ashbyhq.com/bigeye | error=404 Client Error: Not Found for url: https://api.ashbyhq.com/posting-api/job-board/bigeye?includeCompensation=true
2026-09-28 09:51:21,406 | INFO | START | Ashby | https://jobs.ashbyhq.com/windborne-systems
2026-09-28 09:51:21,505 | INFO | SUCCESS | Ashby | https://jobs.ashbyhq.com/windborne-systems | jobs=19
2026-09-28 09:51:21,505 | INFO | START | Lever | https://jobs.lever.co/tildei
2026-09-28 09:51:22,053 | INFO | SUCCESS | Lever | https://jobs.lever.co/tildei | jobs=1
2026-09-28 09:51:22,053 | INFO | START | Lever | https://jobs.lever.co/crewapp
2026-09-28 09:51:22,417 | ERROR | FAILED | Lever | https://jobs.lever.co/crewapp | error=404 Client Error: Not Found for url: https://api.lever.co/v0/postings/crewapp?mode=json
2026-09-28 09:51:22,420 | INFO | START | Lever | https://jobs.lever.co/mulhalls
2026-09-28 09:51:23,072 | INFO | SUCCESS | Lever | https://jobs.lever.co/mulhalls | jobs=6
2026-09-28 09:51:23,072 | INFO | START | Lever | https://jobs.lever.co/straitcapital
2026-09-28 09:51:24,304 | ERROR | FAILED | Lever | https://jobs.lever.co/straitcapital | error=404 Client Error: Not Found for url: https://api.lever.co/v0/postings/straitcapital?mode=json
2026-09-28 09:51:24,306 | INFO | START | Lever | https://jobs.lever.co/lqdigital
2026-09-28 09:51:24,660 | INFO | SUCCESS | Lever | https://jobs.lever.co/lqdigital | jobs=0
2026-09-28 09:51:24,660 | INFO | START | Lever | https://jobs.lever.co/d-one
2026-09-28 09:51:25,039 | ERROR | FAILED | Lever | https://jobs.lever.co/d-one | error=404 Client Error: Not Found for url: https://api.lever.co/v0/postings/d-one?mode=json
2026-09-28 09:51:25,042 | INFO | START | Lever | https://jobs.lever.co/Rebuilt
2026-09-28 09:51:25,406 | ERROR | FAILED | Lever | https://jobs.lever.co/Rebuilt | error=404 Client Error: Not Found for url: https://api.lever.co/v0/postings/Rebuilt?mode=json
2026-09-28 09:51:25,408 | INFO | START | Lever | https://jobs.lever.co/doranjones
2026-09-28 09:51:25,844 | INFO | SUCCESS | Lever | https://jobs.lever.co/doranjones | jobs=1
2026-09-28 09:51:25,844 | INFO | START | Lever | https://jobs.lever.co/robust-ai
2026-09-28 09:51:26,616 | INFO | SUCCESS | Lever | https://jobs.lever.co/robust-ai | jobs=5
2026-09-28 09:51:26,616 | INFO | START | Lever | https://jobs.lever.co/chec
2026-09-28 09:51:27,137 | ERROR | FAILED | Lever | https://jobs.lever.co/chec | error=404 Client Error: Not Found for url: https://api.lever.co/v0/postings/chec?mode=json
2026-09-28 09:51:27,140 | INFO | START | Greenhouse | https://job-boards.greenhouse.io/foodcorps
2026-09-28 09:51:27,270 | ERROR | FAILED | Greenhouse | https://job-boards.greenhouse.io/foodcorps | error=404 Client Error: Not Found for url: https://boards-api.greenhouse.io/v1/boards/foodcorps/jobs?content=true
2026-09-28 09:51:27,273 | INFO | START | Greenhouse | https://job-boards.greenhouse.io/casetify
2026-09-28 09:51:27,468 | INFO | SUCCESS | Greenhouse | https://job-boards.greenhouse.io/casetify | jobs=63
2026-09-28 09:51:27,468 | INFO | START | Greenhouse | https://job-boards.greenhouse.io/happifyhealth
2026-09-28 09:51:27,660 | ERROR | FAILED | Greenhouse | https://job-boards.greenhouse.io/happifyhealth | error=404 Client Error: Not Found for url: https://boards-api.greenhouse.io/v1/boards/happifyhealth/jobs?content=true
2026-09-28 09:51:27,663 | INFO | START | Greenhouse | https://job-boards.greenhouse.io/bird
2026-09-28 09:51:27,853 | INFO | SUCCESS | Greenhouse | https://job-boards.greenhouse.io/bird | jobs=31
2026-09-28 09:51:27,853 | INFO | START | Greenhouse | https://job-boards.greenhouse.io/dremio
2026-09-28 09:51:27,971 | INFO | SUCCESS | Greenhouse | https://job-boards.greenhouse.io/dremio | jobs=7
2026-09-28 09:51:27,971 | INFO | START | Greenhouse | https://job-boards.greenhouse.io/sterling
2026-09-28 09:51:28,080 | INFO | SUCCESS | Greenhouse | https://job-boards.greenhouse.io/sterling | jobs=2
2026-09-28 09:51:28,080 | INFO | START | Greenhouse | https://job-boards.greenhouse.io/parkmobileus
2026-09-28 09:51:28,251 | ERROR | FAILED | Greenhouse | https://job-boards.greenhouse.io/parkmobileus | error=404 Client Error: Not Found for url: https://boards-api.greenhouse.io/v1/boards/parkmobileus/jobs?content=true
2026-09-28 09:51:28,254 | INFO | START | Greenhouse | https://job-boards.greenhouse.io/merchantsauto
2026-09-28 09:51:28,394 | INFO | SUCCESS | Greenhouse | https://job-boards.greenhouse.io/merchantsauto | jobs=1
2026-09-28 09:51:28,394 | INFO | START | Greenhouse | https://job-boards.greenhouse.io/canopytax
2026-09-28 09:51:28,550 | INFO | SUCCESS | Greenhouse | https://job-boards.greenhouse.io/canopytax | jobs=12
2026-09-28 09:51:28,550 | INFO | START | Greenhouse | https://job-boards.greenhouse.io/straitsx
2026-09-28 09:51:28,736 | INFO | SUCCESS | Greenhouse | https://job-boards.greenhouse.io/straitsx | jobs=25
2026-09-28 09:51:28,736 | INFO | START | Greenhouse | https://job-boards.greenhouse.io/nycedc
2026-09-28 09:51:29,012 | INFO | SUCCESS | Greenhouse | https://job-boards.greenhouse.io/nycedc | jobs=32
2026-09-28 09:51:29,012 | INFO | START | Greenhouse | https://job-boards.greenhouse.io/fractalteam
2026-09-28 09:51:29,106 | ERROR | FAILED | Greenhouse | https://job-boards.greenhouse.io/fractalteam | error=404 Client Error: Not Found for url: https://boards-api.greenhouse.io/v1/boards/fractalteam/jobs?content=true
2026-09-28 09:51:29,106 | INFO | START | Greenhouse | https://job-boards.greenhouse.io/abdielcapital
2026-09-28 09:51:29,303 | INFO | SUCCESS | Greenhouse | https://job-boards.greenhouse.io/abdielcapital | jobs=0
2026-09-28 09:51:29,304 | INFO | START | Greenhouse | https://job-boards.greenhouse.io/github
2026-09-28 09:51:29,419 | ERROR | FAILED | Greenhouse | https://job-boards.greenhouse.io/github | error=404 Client Error: Not Found for url: https://boards-api.greenhouse.io/v1/boards/github/jobs?content=true
2026-09-28 09:51:29,420 | INFO | START | Greenhouse | https://job-boards.greenhouse.io/theplanningshopuk
2026-09-28 09:51:29,564 | INFO | SUCCESS | Greenhouse | https://job-boards.greenhouse.io/theplanningshopuk | jobs=0
2026-09-28 09:51:29,564 | INFO | START | Greenhouse | https://job-boards.greenhouse.io/mcafee
2026-09-28 09:51:29,765 | INFO | SUCCESS | Greenhouse | https://job-boards.greenhouse.io/mcafee | jobs=1
2026-09-28 09:51:29,766 | INFO | START | Greenhouse | https://job-boards.greenhouse.io/peoplestrata
2026-09-28 09:51:29,888 | INFO | SUCCESS | Greenhouse | https://job-boards.greenhouse.io/peoplestrata | jobs=0
2026-09-28 09:51:29,888 | INFO | START | Greenhouse | https://job-boards.greenhouse.io/c3
2026-09-28 09:51:30,004 | ERROR | FAILED | Greenhouse | https://job-boards.greenhouse.io/c3 | error=404 Client Error: Not Found for url: https://boards-api.greenhouse.io/v1/boards/c3/jobs?content=true
2026-09-28 09:51:30,006 | INFO | START | Greenhouse | https://job-boards.greenhouse.io/vsapartners
2026-09-28 09:51:39,112 | INFO | SUCCESS | Greenhouse | https://job-boards.greenhouse.io/vsapartners | jobs=11
2026-09-28 09:51:39,113 | INFO | START | Greenhouse | https://job-boards.greenhouse.io/zeel
2026-09-28 09:51:39,305 | ERROR | FAILED | Greenhouse | https://job-boards.greenhouse.io/zeel | error=404 Client Error: Not Found for url: https://boards-api.greenhouse.io/v1/boards/zeel/jobs?content=true
2026-09-28 09:51:39,307 | INFO | START | Ashby | https://jobs.ashbyhq.com/fastapicloud
2026-09-28 09:51:39,489 | ERROR | FAILED | Ashby | https://jobs.ashbyhq.com/fastapicloud | error=404 Client Error: Not Found for url: https://api.ashbyhq.com/posting-api/job-board/fastapicloud?includeCompensation=true
2026-09-28 09:51:39,492 | INFO | START | Ashby | https://jobs.ashbyhq.com/netgear
2026-09-28 09:51:39,630 | INFO | SUCCESS | Ashby | https://jobs.ashbyhq.com/netgear | jobs=51
2026-09-28 09:51:39,630 | INFO | START | Ashby | https://jobs.ashbyhq.com/base-operations
2026-09-28 09:51:39,821 | INFO | SUCCESS | Ashby | https://jobs.ashbyhq.com/base-operations | jobs=1
2026-09-28 09:51:39,821 | INFO | START | Ashby | https://jobs.ashbyhq.com/vultr
2026-09-28 09:51:39,963 | INFO | SUCCESS | Ashby | https://jobs.ashbyhq.com/vultr | jobs=53
2026-09-28 09:51:39,964 | INFO | START | Ashby | https://jobs.ashbyhq.com/Voya%20Energy
2026-09-28 09:51:40,055 | INFO | SUCCESS | Ashby | https://jobs.ashbyhq.com/Voya%20Energy | jobs=6
2026-09-28 09:51:40,055 | INFO | START | Ashby | https://jobs.ashbyhq.com/mexdigital
2026-09-28 09:51:40,148 | INFO | SUCCESS | Ashby | https://jobs.ashbyhq.com/mexdigital | jobs=14
2026-09-28 09:51:40,148 | INFO | START | Ashby | https://jobs.ashbyhq.com/zodl
2026-09-28 09:51:40,330 | INFO | SUCCESS | Ashby | https://jobs.ashbyhq.com/zodl | jobs=2
2026-09-28 09:51:40,330 | INFO | START | Ashby | https://jobs.ashbyhq.com/positive-development
2026-09-28 09:51:40,433 | INFO | SUCCESS | Ashby | https://jobs.ashbyhq.com/positive-development | jobs=56
2026-09-28 09:51:40,433 | INFO | START | Ashby | https://jobs.ashbyhq.com/arda-therapeutics
2026-09-28 09:51:40,508 | INFO | SUCCESS | Ashby | https://jobs.ashbyhq.com/arda-therapeutics | jobs=0
2026-09-28 09:51:40,509 | INFO | START | Ashby | https://jobs.ashbyhq.com/aryahealth.ai
2026-09-28 09:51:40,619 | INFO | SUCCESS | Ashby | https://jobs.ashbyhq.com/aryahealth.ai | jobs=14
2026-09-28 09:51:40,619 | INFO | START | Ashby | https://jobs.ashbyhq.com/abstraction.games
2026-09-28 09:51:40,770 | INFO | SUCCESS | Ashby | https://jobs.ashbyhq.com/abstraction.games | jobs=1
2026-09-28 09:51:40,770 | INFO | START | Ashby | https://jobs.ashbyhq.com/regent
2026-09-28 09:51:40,883 | INFO | SUCCESS | Ashby | https://jobs.ashbyhq.com/regent | jobs=28
2026-09-28 09:51:40,883 | INFO | START | Ashby | https://jobs.ashbyhq.com/hearth
2026-09-28 09:51:40,970 | ERROR | FAILED | Ashby | https://jobs.ashbyhq.com/hearth | error=404 Client Error: Not Found for url: https://api.ashbyhq.com/posting-api/job-board/hearth?includeCompensation=true
2026-09-28 09:51:40,971 | INFO | START | Ashby | https://jobs.ashbyhq.com/mistral.ai
2026-09-28 09:51:41,216 | INFO | SUCCESS | Ashby | https://jobs.ashbyhq.com/mistral.ai | jobs=210
2026-09-28 09:51:41,216 | INFO | START | Ashby | https://jobs.ashbyhq.com/impulse
2026-09-28 09:51:41,376 | INFO | SUCCESS | Ashby | https://jobs.ashbyhq.com/impulse | jobs=2
2026-09-28 09:51:41,376 | INFO | START | Ashby | https://jobs.ashbyhq.com/nen
2026-09-28 09:51:41,460 | ERROR | FAILED | Ashby | https://jobs.ashbyhq.com/nen | error=404 Client Error: Not Found for url: https://api.ashbyhq.com/posting-api/job-board/nen?includeCompensation=true
2026-09-28 09:51:41,461 | INFO | START | Ashby | https://jobs.ashbyhq.com/gridverify
2026-09-28 09:51:41,547 | INFO | SUCCESS | Ashby | https://jobs.ashbyhq.com/gridverify | jobs=5
2026-09-28 09:51:41,547 | INFO | START | Ashby | https://jobs.ashbyhq.com/graphyte
2026-09-28 09:51:41,646 | INFO | SUCCESS | Ashby | https://jobs.ashbyhq.com/graphyte | jobs=1
2026-09-28 09:51:41,646 | INFO | START | Ashby | https://jobs.ashbyhq.com/bigeye
2026-09-28 09:51:41,815 | ERROR | FAILED | Ashby | https://jobs.ashbyhq.com/bigeye | error=404 Client Error: Not Found for url: https://api.ashbyhq.com/posting-api/job-board/bigeye?includeCompensation=true
2026-09-28 09:51:41,818 | INFO | START | Ashby | https://jobs.ashbyhq.com/windborne-systems
2026-09-28 09:51:41,922 | INFO | SUCCESS | Ashby | https://jobs.ashbyhq.com/windborne-systems | jobs=19
2026-09-28 09:51:41,922 | INFO | START | Lever | https://jobs.lever.co/tildei
2026-09-28 09:51:42,230 | INFO | SUCCESS | Lever | https://jobs.lever.co/tildei | jobs=1
2026-09-28 09:51:42,231 | INFO | START | Lever | https://jobs.lever.co/crewapp
2026-09-28 09:51:42,573 | ERROR | FAILED | Lever | https://jobs.lever.co/crewapp | error=404 Client Error: Not Found for url: https://api.lever.co/v0/postings/crewapp?mode=json
2026-09-28 09:51:42,576 | INFO | START | Lever | https://jobs.lever.co/mulhalls
2026-09-28 09:51:43,098 | INFO | SUCCESS | Lever | https://jobs.lever.co/mulhalls | jobs=6
2026-09-28 09:51:43,098 | INFO | START | Lever | https://jobs.lever.co/straitcapital
2026-09-28 09:51:43,467 | ERROR | FAILED | Lever | https://jobs.lever.co/straitcapital | error=404 Client Error: Not Found for url: https://api.lever.co/v0/postings/straitcapital?mode=json
2026-09-28 09:51:43,471 | INFO | START | Lever | https://jobs.lever.co/lqdigital
2026-09-28 09:51:43,916 | INFO | SUCCESS | Lever | https://jobs.lever.co/lqdigital | jobs=0
2026-09-28 09:51:43,916 | INFO | START | Lever | https://jobs.lever.co/d-one
2026-09-28 09:51:44,234 | ERROR | FAILED | Lever | https://jobs.lever.co/d-one | error=404 Client Error: Not Found for url: https://api.lever.co/v0/postings/d-one?mode=json
2026-09-28 09:51:44,237 | INFO | START | Lever | https://jobs.lever.co/Rebuilt
2026-09-28 09:51:44,573 | ERROR | FAILED | Lever | https://jobs.lever.co/Rebuilt | error=404 Client Error: Not Found for url: https://api.lever.co/v0/postings/Rebuilt?mode=json
2026-09-28 09:51:44,576 | INFO | START | Lever | https://jobs.lever.co/doranjones
2026-09-28 09:51:46,964 | INFO | SUCCESS | Lever | https://jobs.lever.co/doranjones | jobs=1
2026-09-28 09:51:46,964 | INFO | START | Lever | https://jobs.lever.co/robust-ai
2026-09-28 09:51:47,480 | INFO | SUCCESS | Lever | https://jobs.lever.co/robust-ai | jobs=5
2026-09-28 09:51:47,480 | INFO | START | Lever | https://jobs.lever.co/chec
2026-09-28 09:51:47,862 | ERROR | FAILED | Lever | https://jobs.lever.co/chec | error=404 Client Error: Not Found for url: https://api.lever.co/v0/postings/chec?mode=json
2026-09-28 09:51:47,864 | INFO | START | Greenhouse | https://job-boards.greenhouse.io/foodcorps
2026-09-28 09:51:48,107 | ERROR | FAILED | Greenhouse | https://job-boards.greenhouse.io/foodcorps | error=404 Client Error: Not Found for url: https://boards-api.greenhouse.io/v1/boards/foodcorps/jobs?content=true
2026-09-28 09:51:48,110 | INFO | START | Greenhouse | https://job-boards.greenhouse.io/casetify
2026-09-28 09:51:48,306 | INFO | SUCCESS | Greenhouse | https://job-boards.greenhouse.io/casetify | jobs=63
2026-09-28 09:51:48,306 | INFO | START | Greenhouse | https://job-boards.greenhouse.io/happifyhealth
2026-09-28 09:51:48,411 | ERROR | FAILED | Greenhouse | https://job-boards.greenhouse.io/happifyhealth | error=404 Client Error: Not Found for url: https://boards-api.greenhouse.io/v1/boards/happifyhealth/jobs?content=true
2026-09-28 09:51:48,411 | INFO | START | Greenhouse | https://job-boards.greenhouse.io/bird
2026-09-28 09:51:48,586 | INFO | SUCCESS | Greenhouse | https://job-boards.greenhouse.io/bird | jobs=31
2026-09-28 09:51:48,586 | INFO | START | Greenhouse | https://job-boards.greenhouse.io/dremio
2026-09-28 09:51:48,753 | INFO | SUCCESS | Greenhouse | https://job-boards.greenhouse.io/dremio | jobs=7
2026-09-28 09:51:48,753 | INFO | START | Greenhouse | https://job-boards.greenhouse.io/sterling
2026-09-28 09:51:48,870 | INFO | SUCCESS | Greenhouse | https://job-boards.greenhouse.io/sterling | jobs=2
2026-09-28 09:51:48,870 | INFO | START | Greenhouse | https://job-boards.greenhouse.io/parkmobileus
2026-09-28 09:51:48,981 | ERROR | FAILED | Greenhouse | https://job-boards.greenhouse.io/parkmobileus | error=404 Client Error: Not Found for url: https://boards-api.greenhouse.io/v1/boards/parkmobileus/jobs?content=true
2026-09-28 09:51:48,982 | INFO | START | Greenhouse | https://job-boards.greenhouse.io/merchantsauto
2026-09-28 09:51:49,170 | INFO | SUCCESS | Greenhouse | https://job-boards.greenhouse.io/merchantsauto | jobs=1
2026-09-28 09:51:49,170 | INFO | START | Greenhouse | https://job-boards.greenhouse.io/canopytax
2026-09-28 09:51:49,329 | INFO | SUCCESS | Greenhouse | https://job-boards.greenhouse.io/canopytax | jobs=12
2026-09-28 09:51:49,329 | INFO | START | Greenhouse | https://job-boards.greenhouse.io/straitsx
2026-09-28 09:51:49,459 | INFO | SUCCESS | Greenhouse | https://job-boards.greenhouse.io/straitsx | jobs=25
2026-09-28 09:51:49,459 | INFO | START | Greenhouse | https://job-boards.greenhouse.io/nycedc
2026-09-28 09:51:49,814 | INFO | SUCCESS | Greenhouse | https://job-boards.greenhouse.io/nycedc | jobs=32
2026-09-28 09:51:49,815 | INFO | START | Greenhouse | https://job-boards.greenhouse.io/fractalteam
2026-09-28 09:51:49,908 | ERROR | FAILED | Greenhouse | https://job-boards.greenhouse.io/fractalteam | error=404 Client Error: Not Found for url: https://boards-api.greenhouse.io/v1/boards/fractalteam/jobs?content=true
2026-09-28 09:51:49,909 | INFO | START | Greenhouse | https://job-boards.greenhouse.io/abdielcapital
2026-09-28 09:51:50,015 | INFO | SUCCESS | Greenhouse | https://job-boards.greenhouse.io/abdielcapital | jobs=0
2026-09-28 09:51:50,015 | INFO | START | Greenhouse | https://job-boards.greenhouse.io/github
2026-09-28 09:51:50,204 | ERROR | FAILED | Greenhouse | https://job-boards.greenhouse.io/github | error=404 Client Error: Not Found for url: https://boards-api.greenhouse.io/v1/boards/github/jobs?content=true
2026-09-28 09:51:50,206 | INFO | START | Greenhouse | https://job-boards.greenhouse.io/theplanningshopuk
2026-09-28 09:51:50,337 | INFO | SUCCESS | Greenhouse | https://job-boards.greenhouse.io/theplanningshopuk | jobs=0
2026-09-28 09:51:50,337 | INFO | START | Greenhouse | https://job-boards.greenhouse.io/mcafee
2026-09-28 09:51:50,607 | INFO | SUCCESS | Greenhouse | https://job-boards.greenhouse.io/mcafee | jobs=1
2026-09-28 09:51:50,607 | INFO | START | Greenhouse | https://job-boards.greenhouse.io/peoplestrata
2026-09-28 09:51:50,804 | INFO | SUCCESS | Greenhouse | https://job-boards.greenhouse.io/peoplestrata | jobs=0
2026-09-28 09:51:50,805 | INFO | START | Greenhouse | https://job-boards.greenhouse.io/c3
2026-09-28 09:51:50,933 | ERROR | FAILED | Greenhouse | https://job-boards.greenhouse.io/c3 | error=404 Client Error: Not Found for url: https://boards-api.greenhouse.io/v1/boards/c3/jobs?content=true
2026-09-28 09:51:50,935 | INFO | START | Greenhouse | https://job-boards.greenhouse.io/vsapartners
2026-09-28 09:51:51,093 | INFO | SUCCESS | Greenhouse | https://job-boards.greenhouse.io/vsapartners | jobs=11
2026-09-28 09:51:51,093 | INFO | START | Greenhouse | https://job-boards.greenhouse.io/zeel
2026-09-28 09:51:51,255 | ERROR | FAILED | Greenhouse | https://job-boards.greenhouse.io/zeel | error=404 Client Error: Not Found for url: https://boards-api.greenhouse.io/v1/boards/zeel/jobs?content=true
2026-09-28 09:51:51,258 | INFO | START | Ashby | https://jobs.ashbyhq.com/fastapicloud
2026-09-28 09:51:51,347 | ERROR | FAILED | Ashby | https://jobs.ashbyhq.com/fastapicloud | error=404 Client Error: Not Found for url: https://api.ashbyhq.com/posting-api/job-board/fastapicloud?includeCompensation=true
2026-09-28 09:51:51,348 | INFO | START | Ashby | https://jobs.ashbyhq.com/netgear
2026-09-28 09:51:51,499 | INFO | SUCCESS | Ashby | https://jobs.ashbyhq.com/netgear | jobs=51
2026-09-28 09:51:51,500 | INFO | START | Ashby | https://jobs.ashbyhq.com/base-operations
2026-09-28 09:51:51,596 | INFO | SUCCESS | Ashby | https://jobs.ashbyhq.com/base-operations | jobs=1
2026-09-28 09:51:51,596 | INFO | START | Ashby | https://jobs.ashbyhq.com/vultr
2026-09-28 09:51:51,791 | INFO | SUCCESS | Ashby | https://jobs.ashbyhq.com/vultr | jobs=53
2026-09-28 09:51:51,791 | INFO | START | Ashby | https://jobs.ashbyhq.com/Voya%20Energy
2026-09-28 09:51:51,876 | INFO | SUCCESS | Ashby | https://jobs.ashbyhq.com/Voya%20Energy | jobs=6
2026-09-28 09:51:51,876 | INFO | START | Ashby | https://jobs.ashbyhq.com/mexdigital
2026-09-28 09:51:51,963 | INFO | SUCCESS | Ashby | https://jobs.ashbyhq.com/mexdigital | jobs=14
2026-09-28 09:51:51,963 | INFO | START | Ashby | https://jobs.ashbyhq.com/zodl
2026-09-28 09:51:52,055 | INFO | SUCCESS | Ashby | https://jobs.ashbyhq.com/zodl | jobs=2
2026-09-28 09:51:52,055 | INFO | START | Ashby | https://jobs.ashbyhq.com/positive-development
2026-09-28 09:51:52,171 | INFO | SUCCESS | Ashby | https://jobs.ashbyhq.com/positive-development | jobs=56
2026-09-28 09:51:52,171 | INFO | START | Ashby | https://jobs.ashbyhq.com/arda-therapeutics
2026-09-28 09:51:52,340 | INFO | SUCCESS | Ashby | https://jobs.ashbyhq.com/arda-therapeutics | jobs=0
2026-09-28 09:51:52,340 | INFO | START | Ashby | https://jobs.ashbyhq.com/aryahealth.ai
2026-09-28 09:51:52,464 | INFO | SUCCESS | Ashby | https://jobs.ashbyhq.com/aryahealth.ai | jobs=14
2026-09-28 09:51:52,465 | INFO | START | Ashby | https://jobs.ashbyhq.com/abstraction.games
2026-09-28 09:51:52,541 | INFO | SUCCESS | Ashby | https://jobs.ashbyhq.com/abstraction.games | jobs=1
2026-09-28 09:51:52,541 | INFO | START | Ashby | https://jobs.ashbyhq.com/regent
2026-09-28 09:51:52,636 | INFO | SUCCESS | Ashby | https://jobs.ashbyhq.com/regent | jobs=28
2026-09-28 09:51:52,636 | INFO | START | Ashby | https://jobs.ashbyhq.com/hearth
2026-09-28 09:51:52,710 | ERROR | FAILED | Ashby | https://jobs.ashbyhq.com/hearth | error=404 Client Error: Not Found for url: https://api.ashbyhq.com/posting-api/job-board/hearth?includeCompensation=true
2026-09-28 09:51:52,711 | INFO | START | Ashby | https://jobs.ashbyhq.com/mistral.ai
2026-09-28 09:51:52,969 | INFO | SUCCESS | Ashby | https://jobs.ashbyhq.com/mistral.ai | jobs=210
2026-09-28 09:51:52,969 | INFO | START | Ashby | https://jobs.ashbyhq.com/impulse
2026-09-28 09:51:53,048 | INFO | SUCCESS | Ashby | https://jobs.ashbyhq.com/impulse | jobs=2
2026-09-28 09:51:53,048 | INFO | START | Ashby | https://jobs.ashbyhq.com/nen
2026-09-28 09:51:53,131 | ERROR | FAILED | Ashby | https://jobs.ashbyhq.com/nen | error=404 Client Error: Not Found for url: https://api.ashbyhq.com/posting-api/job-board/nen?includeCompensation=true
2026-09-28 09:51:53,132 | INFO | START | Ashby | https://jobs.ashbyhq.com/gridverify
2026-09-28 09:51:53,212 | INFO | SUCCESS | Ashby | https://jobs.ashbyhq.com/gridverify | jobs=5
2026-09-28 09:51:53,212 | INFO | START | Ashby | https://jobs.ashbyhq.com/graphyte
2026-09-28 09:51:53,374 | INFO | SUCCESS | Ashby | https://jobs.ashbyhq.com/graphyte | jobs=1
2026-09-28 09:51:53,374 | INFO | START | Ashby | https://jobs.ashbyhq.com/bigeye
2026-09-28 09:51:53,460 | ERROR | FAILED | Ashby | https://jobs.ashbyhq.com/bigeye | error=404 Client Error: Not Found for url: https://api.ashbyhq.com/posting-api/job-board/bigeye?includeCompensation=true
2026-09-28 09:51:53,460 | INFO | START | Ashby | https://jobs.ashbyhq.com/windborne-systems
2026-09-28 09:51:53,556 | INFO | SUCCESS | Ashby | https://jobs.ashbyhq.com/windborne-systems | jobs=19
2026-09-28 09:51:53,557 | INFO | START | Lever | https://jobs.lever.co/tildei
2026-09-28 09:51:53,962 | INFO | SUCCESS | Lever | https://jobs.lever.co/tildei | jobs=1
2026-09-28 09:51:53,963 | INFO | START | Lever | https://jobs.lever.co/crewapp
2026-09-28 09:51:54,261 | ERROR | FAILED | Lever | https://jobs.lever.co/crewapp | error=404 Client Error: Not Found for url: https://api.lever.co/v0/postings/crewapp?mode=json
2026-09-28 09:51:54,264 | INFO | START | Lever | https://jobs.lever.co/mulhalls
2026-09-28 09:51:54,787 | INFO | SUCCESS | Lever | https://jobs.lever.co/mulhalls | jobs=6
2026-09-28 09:51:54,787 | INFO | START | Lever | https://jobs.lever.co/straitcapital
2026-09-28 09:51:57,097 | ERROR | FAILED | Lever | https://jobs.lever.co/straitcapital | error=404 Client Error: Not Found for url: https://api.lever.co/v0/postings/straitcapital?mode=json
2026-09-28 09:51:57,101 | INFO | START | Lever | https://jobs.lever.co/lqdigital
2026-09-28 09:51:57,422 | INFO | SUCCESS | Lever | https://jobs.lever.co/lqdigital | jobs=0
2026-09-28 09:51:57,422 | INFO | START | Lever | https://jobs.lever.co/d-one
2026-09-28 09:51:57,780 | ERROR | FAILED | Lever | https://jobs.lever.co/d-one | error=404 Client Error: Not Found for url: https://api.lever.co/v0/postings/d-one?mode=json
2026-09-28 09:51:57,780 | INFO | START | Lever | https://jobs.lever.co/Rebuilt
2026-09-28 09:51:58,136 | ERROR | FAILED | Lever | https://jobs.lever.co/Rebuilt | error=404 Client Error: Not Found for url: https://api.lever.co/v0/postings/Rebuilt?mode=json
2026-09-28 09:51:58,139 | INFO | START | Lever | https://jobs.lever.co/doranjones
2026-09-28 09:51:58,452 | INFO | SUCCESS | Lever | https://jobs.lever.co/doranjones | jobs=1
2026-09-28 09:51:58,452 | INFO | START | Lever | https://jobs.lever.co/robust-ai
2026-09-28 09:51:58,953 | INFO | SUCCESS | Lever | https://jobs.lever.co/robust-ai | jobs=5
2026-09-28 09:51:58,953 | INFO | START | Lever | https://jobs.lever.co/chec
2026-09-28 09:51:59,309 | ERROR | FAILED | Lever | https://jobs.lever.co/chec | error=404 Client Error: Not Found for url: https://api.lever.co/v0/postings/chec?mode=json
2026-09-28 09:51:59,313 | INFO | START | Greenhouse | https://job-boards.greenhouse.io/foodcorps
2026-09-28 09:51:59,434 | ERROR | FAILED | Greenhouse | https://job-boards.greenhouse.io/foodcorps | error=404 Client Error: Not Found for url: https://boards-api.greenhouse.io/v1/boards/foodcorps/jobs?content=true
2026-09-28 09:51:59,436 | INFO | START | Greenhouse | https://job-boards.greenhouse.io/casetify
2026-09-28 09:51:59,755 | INFO | SUCCESS | Greenhouse | https://job-boards.greenhouse.io/casetify | jobs=63
2026-09-28 09:51:59,755 | INFO | START | Greenhouse | https://job-boards.greenhouse.io/happifyhealth
2026-09-28 09:51:59,923 | ERROR | FAILED | Greenhouse | https://job-boards.greenhouse.io/happifyhealth | error=404 Client Error: Not Found for url: https://boards-api.greenhouse.io/v1/boards/happifyhealth/jobs?content=true
2026-09-28 09:51:59,926 | INFO | START | Greenhouse | https://job-boards.greenhouse.io/bird
2026-09-28 09:52:00,112 | INFO | SUCCESS | Greenhouse | https://job-boards.greenhouse.io/bird | jobs=31
2026-09-28 09:52:00,113 | INFO | START | Greenhouse | https://job-boards.greenhouse.io/dremio
2026-09-28 09:52:08,670 | INFO | SUCCESS | Greenhouse | https://job-boards.greenhouse.io/dremio | jobs=7
2026-09-28 09:52:08,671 | INFO | START | Greenhouse | https://job-boards.greenhouse.io/sterling
2026-09-28 09:52:09,393 | INFO | SUCCESS | Greenhouse | https://job-boards.greenhouse.io/sterling | jobs=2
2026-09-28 09:52:09,393 | INFO | START | Greenhouse | https://job-boards.greenhouse.io/parkmobileus
2026-09-28 09:52:09,603 | ERROR | FAILED | Greenhouse | https://job-boards.greenhouse.io/parkmobileus | error=404 Client Error: Not Found for url: https://boards-api.greenhouse.io/v1/boards/parkmobileus/jobs?content=true
2026-09-28 09:52:09,604 | INFO | START | Greenhouse | https://job-boards.greenhouse.io/merchantsauto
2026-09-28 09:52:12,403 | INFO | SUCCESS | Greenhouse | https://job-boards.greenhouse.io/merchantsauto | jobs=1
2026-09-28 09:52:12,404 | INFO | START | Greenhouse | https://job-boards.greenhouse.io/canopytax
2026-09-28 09:52:12,576 | INFO | SUCCESS | Greenhouse | https://job-boards.greenhouse.io/canopytax | jobs=12
2026-09-28 09:52:12,577 | INFO | START | Greenhouse | https://job-boards.greenhouse.io/straitsx
2026-09-28 09:52:12,778 | INFO | SUCCESS | Greenhouse | https://job-boards.greenhouse.io/straitsx | jobs=25
2026-09-28 09:52:12,778 | INFO | START | Greenhouse | https://job-boards.greenhouse.io/nycedc
2026-09-28 09:52:13,057 | INFO | SUCCESS | Greenhouse | https://job-boards.greenhouse.io/nycedc | jobs=32
2026-09-28 09:52:13,057 | INFO | START | Greenhouse | https://job-boards.greenhouse.io/fractalteam
2026-09-28 09:52:13,154 | ERROR | FAILED | Greenhouse | https://job-boards.greenhouse.io/fractalteam | error=404 Client Error: Not Found for url: https://boards-api.greenhouse.io/v1/boards/fractalteam/jobs?content=true
2026-09-28 09:52:13,155 | INFO | START | Greenhouse | https://job-boards.greenhouse.io/abdielcapital
2026-09-28 09:52:13,345 | INFO | SUCCESS | Greenhouse | https://job-boards.greenhouse.io/abdielcapital | jobs=0
2026-09-28 09:52:13,345 | INFO | START | Greenhouse | https://job-boards.greenhouse.io/github
2026-09-28 09:52:13,463 | ERROR | FAILED | Greenhouse | https://job-boards.greenhouse.io/github | error=404 Client Error: Not Found for url: https://boards-api.greenhouse.io/v1/boards/github/jobs?content=true
2026-09-28 09:52:13,465 | INFO | START | Greenhouse | https://job-boards.greenhouse.io/theplanningshopuk
2026-09-28 09:52:13,588 | INFO | SUCCESS | Greenhouse | https://job-boards.greenhouse.io/theplanningshopuk | jobs=0
2026-09-28 09:52:13,588 | INFO | START | Greenhouse | https://job-boards.greenhouse.io/mcafee
2026-09-28 09:52:13,804 | INFO | SUCCESS | Greenhouse | https://job-boards.greenhouse.io/mcafee | jobs=1
2026-09-28 09:52:13,804 | INFO | START | Greenhouse | https://job-boards.greenhouse.io/peoplestrata
2026-09-28 09:52:13,927 | INFO | SUCCESS | Greenhouse | https://job-boards.greenhouse.io/peoplestrata | jobs=0
2026-09-28 09:52:13,927 | INFO | START | Greenhouse | https://job-boards.greenhouse.io/c3
2026-09-28 09:52:14,038 | ERROR | FAILED | Greenhouse | https://job-boards.greenhouse.io/c3 | error=404 Client Error: Not Found for url: https://boards-api.greenhouse.io/v1/boards/c3/jobs?content=true
2026-09-28 09:52:14,039 | INFO | START | Greenhouse | https://job-boards.greenhouse.io/vsapartners
2026-09-28 09:52:14,190 | INFO | SUCCESS | Greenhouse | https://job-boards.greenhouse.io/vsapartners | jobs=11
2026-09-28 09:52:14,190 | INFO | START | Greenhouse | https://job-boards.greenhouse.io/zeel
2026-09-28 09:52:14,381 | ERROR | FAILED | Greenhouse | https://job-boards.greenhouse.io/zeel | error=404 Client Error: Not Found for url: https://boards-api.greenhouse.io/v1/boards/zeel/jobs?content=true
2026-09-28 09:52:14,384 | INFO | START | Ashby | https://jobs.ashbyhq.com/fastapicloud
2026-09-28 09:52:14,477 | ERROR | FAILED | Ashby | https://jobs.ashbyhq.com/fastapicloud | error=404 Client Error: Not Found for url: https://api.ashbyhq.com/posting-api/job-board/fastapicloud?includeCompensation=true
2026-09-28 09:52:14,478 | INFO | START | Ashby | https://jobs.ashbyhq.com/netgear
2026-09-28 09:52:14,624 | INFO | SUCCESS | Ashby | https://jobs.ashbyhq.com/netgear | jobs=51
2026-09-28 09:52:14,625 | INFO | START | Ashby | https://jobs.ashbyhq.com/base-operations
2026-09-28 09:52:14,716 | INFO | SUCCESS | Ashby | https://jobs.ashbyhq.com/base-operations | jobs=1
2026-09-28 09:52:14,716 | INFO | START | Ashby | https://jobs.ashbyhq.com/vultr
2026-09-28 09:52:14,895 | INFO | SUCCESS | Ashby | https://jobs.ashbyhq.com/vultr | jobs=53
2026-09-28 09:52:14,896 | INFO | START | Ashby | https://jobs.ashbyhq.com/Voya%20Energy
2026-09-28 09:52:14,980 | INFO | SUCCESS | Ashby | https://jobs.ashbyhq.com/Voya%20Energy | jobs=6
2026-09-28 09:52:14,980 | INFO | START | Ashby | https://jobs.ashbyhq.com/mexdigital
2026-09-28 09:52:15,066 | INFO | SUCCESS | Ashby | https://jobs.ashbyhq.com/mexdigital | jobs=14
2026-09-28 09:52:15,066 | INFO | START | Ashby | https://jobs.ashbyhq.com/zodl
2026-09-28 09:52:15,163 | INFO | SUCCESS | Ashby | https://jobs.ashbyhq.com/zodl | jobs=2
2026-09-28 09:52:15,163 | INFO | START | Ashby | https://jobs.ashbyhq.com/positive-development
2026-09-28 09:52:15,255 | INFO | SUCCESS | Ashby | https://jobs.ashbyhq.com/positive-development | jobs=56
2026-09-28 09:52:15,255 | INFO | START | Ashby | https://jobs.ashbyhq.com/arda-therapeutics
2026-09-28 09:52:15,416 | INFO | SUCCESS | Ashby | https://jobs.ashbyhq.com/arda-therapeutics | jobs=0
2026-09-28 09:52:15,416 | INFO | START | Ashby | https://jobs.ashbyhq.com/aryahealth.ai
2026-09-28 09:52:15,509 | INFO | SUCCESS | Ashby | https://jobs.ashbyhq.com/aryahealth.ai | jobs=14
2026-09-28 09:52:15,509 | INFO | START | Ashby | https://jobs.ashbyhq.com/abstraction.games
2026-09-28 09:52:15,583 | INFO | SUCCESS | Ashby | https://jobs.ashbyhq.com/abstraction.games | jobs=1
2026-09-28 09:52:15,583 | INFO | START | Ashby | https://jobs.ashbyhq.com/regent
2026-09-28 09:52:15,693 | INFO | SUCCESS | Ashby | https://jobs.ashbyhq.com/regent | jobs=28
2026-09-28 09:52:15,693 | INFO | START | Ashby | https://jobs.ashbyhq.com/hearth
2026-09-28 09:52:15,773 | ERROR | FAILED | Ashby | https://jobs.ashbyhq.com/hearth | error=404 Client Error: Not Found for url: https://api.ashbyhq.com/posting-api/job-board/hearth?includeCompensation=true
2026-09-28 09:52:15,774 | INFO | START | Ashby | https://jobs.ashbyhq.com/mistral.ai
2026-09-28 09:52:16,081 | INFO | SUCCESS | Ashby | https://jobs.ashbyhq.com/mistral.ai | jobs=210
2026-09-28 09:52:16,081 | INFO | START | Ashby | https://jobs.ashbyhq.com/impulse
2026-09-28 09:52:16,174 | INFO | SUCCESS | Ashby | https://jobs.ashbyhq.com/impulse | jobs=2
2026-09-28 09:52:16,174 | INFO | START | Ashby | https://jobs.ashbyhq.com/nen
2026-09-28 09:52:16,310 | ERROR | FAILED | Ashby | https://jobs.ashbyhq.com/nen | error=404 Client Error: Not Found for url: https://api.ashbyhq.com/posting-api/job-board/nen?includeCompensation=true
2026-09-28 09:52:16,313 | INFO | START | Ashby | https://jobs.ashbyhq.com/gridverify
2026-09-28 09:52:16,492 | INFO | SUCCESS | Ashby | https://jobs.ashbyhq.com/gridverify | jobs=5
2026-09-28 09:52:16,492 | INFO | START | Ashby | https://jobs.ashbyhq.com/graphyte
2026-09-28 09:52:16,582 | INFO | SUCCESS | Ashby | https://jobs.ashbyhq.com/graphyte | jobs=1
2026-09-28 09:52:16,582 | INFO | START | Ashby | https://jobs.ashbyhq.com/bigeye
2026-09-28 09:52:16,660 | ERROR | FAILED | Ashby | https://jobs.ashbyhq.com/bigeye | error=404 Client Error: Not Found for url: https://api.ashbyhq.com/posting-api/job-board/bigeye?includeCompensation=true
2026-09-28 09:52:16,660 | INFO | START | Ashby | https://jobs.ashbyhq.com/windborne-systems
2026-09-28 09:52:16,742 | INFO | SUCCESS | Ashby | https://jobs.ashbyhq.com/windborne-systems | jobs=19
2026-09-28 09:52:16,742 | INFO | START | Lever | https://jobs.lever.co/tildei
2026-09-28 09:52:17,144 | INFO | SUCCESS | Lever | https://jobs.lever.co/tildei | jobs=1
2026-09-28 09:52:17,145 | INFO | START | Lever | https://jobs.lever.co/crewapp
2026-09-28 09:52:17,536 | ERROR | FAILED | Lever | https://jobs.lever.co/crewapp | error=404 Client Error: Not Found for url: https://api.lever.co/v0/postings/crewapp?mode=json
2026-09-28 09:52:17,538 | INFO | START | Lever | https://jobs.lever.co/mulhalls
2026-09-28 09:52:18,063 | INFO | SUCCESS | Lever | https://jobs.lever.co/mulhalls | jobs=6
2026-09-28 09:52:18,063 | INFO | START | Lever | https://jobs.lever.co/straitcapital
2026-09-28 09:52:18,367 | ERROR | FAILED | Lever | https://jobs.lever.co/straitcapital | error=404 Client Error: Not Found for url: https://api.lever.co/v0/postings/straitcapital?mode=json
2026-09-28 09:52:18,370 | INFO | START | Lever | https://jobs.lever.co/lqdigital
2026-09-28 09:52:18,748 | INFO | SUCCESS | Lever | https://jobs.lever.co/lqdigital | jobs=0
2026-09-28 09:52:18,748 | INFO | START | Lever | https://jobs.lever.co/d-one
2026-09-28 09:52:19,107 | ERROR | FAILED | Lever | https://jobs.lever.co/d-one | error=404 Client Error: Not Found for url: https://api.lever.co/v0/postings/d-one?mode=json
2026-09-28 09:52:19,111 | INFO | START | Lever | https://jobs.lever.co/Rebuilt
2026-09-28 09:52:19,648 | ERROR | FAILED | Lever | https://jobs.lever.co/Rebuilt | error=404 Client Error: Not Found for url: https://api.lever.co/v0/postings/Rebuilt?mode=json
2026-09-28 09:52:19,651 | INFO | START | Lever | https://jobs.lever.co/doranjones
2026-09-28 09:52:19,964 | INFO | SUCCESS | Lever | https://jobs.lever.co/doranjones | jobs=1
2026-09-28 09:52:19,964 | INFO | START | Lever | https://jobs.lever.co/robust-ai
2026-09-28 09:52:21,461 | INFO | SUCCESS | Lever | https://jobs.lever.co/robust-ai | jobs=5
2026-09-28 09:52:21,462 | INFO | START | Lever | https://jobs.lever.co/chec
2026-09-28 09:52:21,959 | ERROR | FAILED | Lever | https://jobs.lever.co/chec | error=404 Client Error: Not Found for url: https://api.lever.co/v0/postings/chec?mode=json
2026-09-28 09:52:21,962 | INFO | START | Greenhouse | https://job-boards.greenhouse.io/foodcorps
2026-09-28 09:52:22,086 | ERROR | FAILED | Greenhouse | https://job-boards.greenhouse.io/foodcorps | error=404 Client Error: Not Found for url: https://boards-api.greenhouse.io/v1/boards/foodcorps/jobs?content=true
2026-09-28 09:52:22,089 | INFO | START | Greenhouse | https://job-boards.greenhouse.io/casetify
2026-09-28 09:52:22,378 | INFO | SUCCESS | Greenhouse | https://job-boards.greenhouse.io/casetify | jobs=63
2026-09-28 09:52:22,379 | INFO | START | Greenhouse | https://job-boards.greenhouse.io/happifyhealth
2026-09-28 09:52:28,330 | ERROR | FAILED | Greenhouse | https://job-boards.greenhouse.io/happifyhealth | error=404 Client Error: Not Found for url: https://boards-api.greenhouse.io/v1/boards/happifyhealth/jobs?content=true
2026-09-28 09:52:28,332 | INFO | START | Greenhouse | https://job-boards.greenhouse.io/bird
2026-09-28 09:52:28,608 | INFO | SUCCESS | Greenhouse | https://job-boards.greenhouse.io/bird | jobs=31
2026-09-28 09:52:28,609 | INFO | START | Greenhouse | https://job-boards.greenhouse.io/dremio
2026-09-28 09:52:28,734 | INFO | SUCCESS | Greenhouse | https://job-boards.greenhouse.io/dremio | jobs=7
2026-09-28 09:52:28,734 | INFO | START | Greenhouse | https://job-boards.greenhouse.io/sterling
2026-09-28 09:52:28,850 | INFO | SUCCESS | Greenhouse | https://job-boards.greenhouse.io/sterling | jobs=2
2026-09-28 09:52:28,850 | INFO | START | Greenhouse | https://job-boards.greenhouse.io/parkmobileus
2026-09-28 09:52:28,999 | ERROR | FAILED | Greenhouse | https://job-boards.greenhouse.io/parkmobileus | error=404 Client Error: Not Found for url: https://boards-api.greenhouse.io/v1/boards/parkmobileus/jobs?content=true
2026-09-28 09:52:29,002 | INFO | START | Greenhouse | https://job-boards.greenhouse.io/merchantsauto
2026-09-28 09:52:29,141 | INFO | SUCCESS | Greenhouse | https://job-boards.greenhouse.io/merchantsauto | jobs=1
2026-09-28 09:52:29,141 | INFO | START | Greenhouse | https://job-boards.greenhouse.io/canopytax
2026-09-28 09:52:29,333 | INFO | SUCCESS | Greenhouse | https://job-boards.greenhouse.io/canopytax | jobs=12
2026-09-28 09:52:29,333 | INFO | START | Greenhouse | https://job-boards.greenhouse.io/straitsx
2026-09-28 09:52:29,554 | INFO | SUCCESS | Greenhouse | https://job-boards.greenhouse.io/straitsx | jobs=25
2026-09-28 09:52:29,554 | INFO | START | Greenhouse | https://job-boards.greenhouse.io/nycedc
2026-09-28 09:52:29,840 | INFO | SUCCESS | Greenhouse | https://job-boards.greenhouse.io/nycedc | jobs=32
2026-09-28 09:52:29,840 | INFO | START | Greenhouse | https://job-boards.greenhouse.io/fractalteam
2026-09-28 09:52:29,931 | ERROR | FAILED | Greenhouse | https://job-boards.greenhouse.io/fractalteam | error=404 Client Error: Not Found for url: https://boards-api.greenhouse.io/v1/boards/fractalteam/jobs?content=true
2026-09-28 09:52:29,931 | INFO | START | Greenhouse | https://job-boards.greenhouse.io/abdielcapital
2026-09-28 09:52:30,127 | INFO | SUCCESS | Greenhouse | https://job-boards.greenhouse.io/abdielcapital | jobs=0
2026-09-28 09:52:30,127 | INFO | START | Greenhouse | https://job-boards.greenhouse.io/github
2026-09-28 09:52:30,247 | ERROR | FAILED | Greenhouse | https://job-boards.greenhouse.io/github | error=404 Client Error: Not Found for url: https://boards-api.greenhouse.io/v1/boards/github/jobs?content=true
2026-09-28 09:52:30,250 | INFO | START | Greenhouse | https://job-boards.greenhouse.io/theplanningshopuk
2026-09-28 09:52:30,387 | INFO | SUCCESS | Greenhouse | https://job-boards.greenhouse.io/theplanningshopuk | jobs=0
2026-09-28 09:52:30,388 | INFO | START | Greenhouse | https://job-boards.greenhouse.io/mcafee
2026-09-28 09:52:30,580 | INFO | SUCCESS | Greenhouse | https://job-boards.greenhouse.io/mcafee | jobs=1
2026-09-28 09:52:30,581 | INFO | START | Greenhouse | https://job-boards.greenhouse.io/peoplestrata
2026-09-28 09:52:30,702 | INFO | SUCCESS | Greenhouse | https://job-boards.greenhouse.io/peoplestrata | jobs=0
2026-09-28 09:52:30,702 | INFO | START | Greenhouse | https://job-boards.greenhouse.io/c3
2026-09-28 09:52:30,818 | ERROR | FAILED | Greenhouse | https://job-boards.greenhouse.io/c3 | error=404 Client Error: Not Found for url: https://boards-api.greenhouse.io/v1/boards/c3/jobs?content=true
2026-09-28 09:52:30,819 | INFO | START | Greenhouse | https://job-boards.greenhouse.io/vsapartners
2026-09-28 09:52:30,970 | INFO | SUCCESS | Greenhouse | https://job-boards.greenhouse.io/vsapartners | jobs=11
2026-09-28 09:52:30,970 | INFO | START | Greenhouse | https://job-boards.greenhouse.io/zeel
2026-09-28 09:52:31,228 | ERROR | FAILED | Greenhouse | https://job-boards.greenhouse.io/zeel | error=404 Client Error: Not Found for url: https://boards-api.greenhouse.io/v1/boards/zeel/jobs?content=true
2026-09-28 09:52:31,230 | INFO | START | Ashby | https://jobs.ashbyhq.com/fastapicloud
2026-09-28 09:52:31,308 | ERROR | FAILED | Ashby | https://jobs.ashbyhq.com/fastapicloud | error=404 Client Error: Not Found for url: https://api.ashbyhq.com/posting-api/job-board/fastapicloud?includeCompensation=true
2026-09-28 09:52:31,309 | INFO | START | Ashby | https://jobs.ashbyhq.com/netgear
2026-09-28 09:52:31,428 | INFO | SUCCESS | Ashby | https://jobs.ashbyhq.com/netgear | jobs=51
2026-09-28 09:52:31,428 | INFO | START | Ashby | https://jobs.ashbyhq.com/base-operations
2026-09-28 09:52:31,524 | INFO | SUCCESS | Ashby | https://jobs.ashbyhq.com/base-operations | jobs=1
2026-09-28 09:52:31,524 | INFO | START | Ashby | https://jobs.ashbyhq.com/vultr
2026-09-28 09:52:31,741 | INFO | SUCCESS | Ashby | https://jobs.ashbyhq.com/vultr | jobs=53
2026-09-28 09:52:31,741 | INFO | START | Ashby | https://jobs.ashbyhq.com/Voya%20Energy
2026-09-28 09:52:31,826 | INFO | SUCCESS | Ashby | https://jobs.ashbyhq.com/Voya%20Energy | jobs=6
2026-09-28 09:52:31,826 | INFO | START | Ashby | https://jobs.ashbyhq.com/mexdigital
2026-09-28 09:52:31,918 | INFO | SUCCESS | Ashby | https://jobs.ashbyhq.com/mexdigital | jobs=14
2026-09-28 09:52:31,919 | INFO | START | Ashby | https://jobs.ashbyhq.com/zodl
2026-09-28 09:52:31,995 | INFO | SUCCESS | Ashby | https://jobs.ashbyhq.com/zodl | jobs=2
2026-09-28 09:52:31,995 | INFO | START | Ashby | https://jobs.ashbyhq.com/positive-development
2026-09-28 09:52:32,156 | INFO | SUCCESS | Ashby | https://jobs.ashbyhq.com/positive-development | jobs=56
2026-09-28 09:52:32,156 | INFO | START | Ashby | https://jobs.ashbyhq.com/arda-therapeutics
2026-09-28 09:52:32,241 | INFO | SUCCESS | Ashby | https://jobs.ashbyhq.com/arda-therapeutics | jobs=0
2026-09-28 09:52:32,241 | INFO | START | Ashby | https://jobs.ashbyhq.com/aryahealth.ai
2026-09-28 09:52:32,349 | INFO | SUCCESS | Ashby | https://jobs.ashbyhq.com/aryahealth.ai | jobs=14
2026-09-28 09:52:32,349 | INFO | START | Ashby | https://jobs.ashbyhq.com/abstraction.games
2026-09-28 09:52:32,432 | INFO | SUCCESS | Ashby | https://jobs.ashbyhq.com/abstraction.games | jobs=1
2026-09-28 09:52:32,432 | INFO | START | Ashby | https://jobs.ashbyhq.com/regent
2026-09-28 09:52:32,542 | INFO | SUCCESS | Ashby | https://jobs.ashbyhq.com/regent | jobs=28
2026-09-28 09:52:32,542 | INFO | START | Ashby | https://jobs.ashbyhq.com/hearth
2026-09-28 09:52:32,759 | ERROR | FAILED | Ashby | https://jobs.ashbyhq.com/hearth | error=404 Client Error: Not Found for url: https://api.ashbyhq.com/posting-api/job-board/hearth?includeCompensation=true
2026-09-28 09:52:32,762 | INFO | START | Ashby | https://jobs.ashbyhq.com/mistral.ai
2026-09-28 09:52:32,983 | INFO | SUCCESS | Ashby | https://jobs.ashbyhq.com/mistral.ai | jobs=210
2026-09-28 09:52:32,983 | INFO | START | Ashby | https://jobs.ashbyhq.com/impulse
2026-09-28 09:52:33,064 | INFO | SUCCESS | Ashby | https://jobs.ashbyhq.com/impulse | jobs=2
2026-09-28 09:52:33,064 | INFO | START | Ashby | https://jobs.ashbyhq.com/nen
2026-09-28 09:52:33,252 | ERROR | FAILED | Ashby | https://jobs.ashbyhq.com/nen | error=404 Client Error: Not Found for url: https://api.ashbyhq.com/posting-api/job-board/nen?includeCompensation=true
2026-09-28 09:52:33,254 | INFO | START | Ashby | https://jobs.ashbyhq.com/gridverify
2026-09-28 09:52:33,346 | INFO | SUCCESS | Ashby | https://jobs.ashbyhq.com/gridverify | jobs=5
2026-09-28 09:52:33,346 | INFO | START | Ashby | https://jobs.ashbyhq.com/graphyte
2026-09-28 09:52:33,438 | INFO | SUCCESS | Ashby | https://jobs.ashbyhq.com/graphyte | jobs=1
2026-09-28 09:52:33,438 | INFO | START | Ashby | https://jobs.ashbyhq.com/bigeye
2026-09-28 09:52:33,569 | ERROR | FAILED | Ashby | https://jobs.ashbyhq.com/bigeye | error=404 Client Error: Not Found for url: https://api.ashbyhq.com/posting-api/job-board/bigeye?includeCompensation=true
2026-09-28 09:52:33,571 | INFO | START | Ashby | https://jobs.ashbyhq.com/windborne-systems
2026-09-28 09:52:33,759 | INFO | SUCCESS | Ashby | https://jobs.ashbyhq.com/windborne-systems | jobs=19
2026-09-28 09:52:33,759 | INFO | START | Lever | https://jobs.lever.co/tildei
2026-09-28 09:52:36,344 | INFO | SUCCESS | Lever | https://jobs.lever.co/tildei | jobs=1
2026-09-28 09:52:36,345 | INFO | START | Lever | https://jobs.lever.co/crewapp
2026-09-28 09:52:36,640 | ERROR | FAILED | Lever | https://jobs.lever.co/crewapp | error=404 Client Error: Not Found for url: https://api.lever.co/v0/postings/crewapp?mode=json
2026-09-28 09:52:36,643 | INFO | START | Lever | https://jobs.lever.co/mulhalls
2026-09-28 09:52:37,184 | INFO | SUCCESS | Lever | https://jobs.lever.co/mulhalls | jobs=6
2026-09-28 09:52:37,185 | INFO | START | Lever | https://jobs.lever.co/straitcapital
2026-09-28 09:52:37,525 | ERROR | FAILED | Lever | https://jobs.lever.co/straitcapital | error=404 Client Error: Not Found for url: https://api.lever.co/v0/postings/straitcapital?mode=json
2026-09-28 09:52:37,528 | INFO | START | Lever | https://jobs.lever.co/lqdigital
2026-09-28 09:52:38,094 | INFO | SUCCESS | Lever | https://jobs.lever.co/lqdigital | jobs=0
2026-09-28 09:52:38,095 | INFO | START | Lever | https://jobs.lever.co/d-one
2026-09-28 09:52:38,437 | ERROR | FAILED | Lever | https://jobs.lever.co/d-one | error=404 Client Error: Not Found for url: https://api.lever.co/v0/postings/d-one?mode=json
2026-09-28 09:52:38,440 | INFO | START | Lever | https://jobs.lever.co/Rebuilt
2026-09-28 09:52:38,746 | ERROR | FAILED | Lever | https://jobs.lever.co/Rebuilt | error=404 Client Error: Not Found for url: https://api.lever.co/v0/postings/Rebuilt?mode=json
2026-09-28 09:52:38,748 | INFO | START | Lever | https://jobs.lever.co/doranjones
2026-09-28 09:52:39,118 | INFO | SUCCESS | Lever | https://jobs.lever.co/doranjones | jobs=1
2026-09-28 09:52:39,118 | INFO | START | Lever | https://jobs.lever.co/robust-ai
2026-09-28 09:52:39,616 | INFO | SUCCESS | Lever | https://jobs.lever.co/robust-ai | jobs=5
2026-09-28 09:52:39,616 | INFO | START | Lever | https://jobs.lever.co/chec
2026-09-28 09:52:40,009 | ERROR | FAILED | Lever | https://jobs.lever.co/chec | error=404 Client Error: Not Found for url: https://api.lever.co/v0/postings/chec?mode=json
2026-09-28 09:52:40,011 | INFO | START | Greenhouse | https://job-boards.greenhouse.io/foodcorps
2026-09-28 09:52:40,125 | ERROR | FAILED | Greenhouse | https://job-boards.greenhouse.io/foodcorps | error=404 Client Error: Not Found for url: https://boards-api.greenhouse.io/v1/boards/foodcorps/jobs?content=true
2026-09-28 09:52:40,129 | INFO | START | Greenhouse | https://job-boards.greenhouse.io/casetify
2026-09-28 09:52:40,319 | INFO | SUCCESS | Greenhouse | https://job-boards.greenhouse.io/casetify | jobs=63
2026-09-28 09:52:40,319 | INFO | START | Greenhouse | https://job-boards.greenhouse.io/happifyhealth
2026-09-28 09:52:40,417 | ERROR | FAILED | Greenhouse | https://job-boards.greenhouse.io/happifyhealth | error=404 Client Error: Not Found for url: https://boards-api.greenhouse.io/v1/boards/happifyhealth/jobs?content=true
2026-09-28 09:52:40,418 | INFO | START | Greenhouse | https://job-boards.greenhouse.io/bird
2026-09-28 09:52:40,666 | INFO | SUCCESS | Greenhouse | https://job-boards.greenhouse.io/bird | jobs=31
2026-09-28 09:52:40,666 | INFO | START | Greenhouse | https://job-boards.greenhouse.io/dremio
2026-09-28 09:52:41,270 | INFO | SUCCESS | Greenhouse | https://job-boards.greenhouse.io/dremio | jobs=7
2026-09-28 09:52:41,270 | INFO | START | Greenhouse | https://job-boards.greenhouse.io/sterling
2026-09-28 09:52:41,386 | INFO | SUCCESS | Greenhouse | https://job-boards.greenhouse.io/sterling | jobs=2
2026-09-28 09:52:41,386 | INFO | START | Greenhouse | https://job-boards.greenhouse.io/parkmobileus
2026-09-28 09:52:41,584 | ERROR | FAILED | Greenhouse | https://job-boards.greenhouse.io/parkmobileus | error=404 Client Error: Not Found for url: https://boards-api.greenhouse.io/v1/boards/parkmobileus/jobs?content=true
2026-09-28 09:52:41,586 | INFO | START | Greenhouse | https://job-boards.greenhouse.io/merchantsauto
2026-09-28 09:52:41,725 | INFO | SUCCESS | Greenhouse | https://job-boards.greenhouse.io/merchantsauto | jobs=1
2026-09-28 09:52:41,726 | INFO | START | Greenhouse | https://job-boards.greenhouse.io/canopytax
2026-09-28 09:52:41,881 | INFO | SUCCESS | Greenhouse | https://job-boards.greenhouse.io/canopytax | jobs=12
2026-09-28 09:52:41,881 | INFO | START | Greenhouse | https://job-boards.greenhouse.io/straitsx
2026-09-28 09:52:42,018 | INFO | SUCCESS | Greenhouse | https://job-boards.greenhouse.io/straitsx | jobs=25
2026-09-28 09:52:42,018 | INFO | START | Greenhouse | https://job-boards.greenhouse.io/nycedc
2026-09-28 09:52:42,387 | INFO | SUCCESS | Greenhouse | https://job-boards.greenhouse.io/nycedc | jobs=32
2026-09-28 09:52:42,388 | INFO | START | Greenhouse | https://job-boards.greenhouse.io/fractalteam
2026-09-28 09:52:42,487 | ERROR | FAILED | Greenhouse | https://job-boards.greenhouse.io/fractalteam | error=404 Client Error: Not Found for url: https://boards-api.greenhouse.io/v1/boards/fractalteam/jobs?content=true
2026-09-28 09:52:42,488 | INFO | START | Greenhouse | https://job-boards.greenhouse.io/abdielcapital
2026-09-28 09:52:42,633 | INFO | SUCCESS | Greenhouse | https://job-boards.greenhouse.io/abdielcapital | jobs=0
2026-09-28 09:52:42,633 | INFO | START | Greenhouse | https://job-boards.greenhouse.io/github
2026-09-28 09:52:42,745 | ERROR | FAILED | Greenhouse | https://job-boards.greenhouse.io/github | error=404 Client Error: Not Found for url: https://boards-api.greenhouse.io/v1/boards/github/jobs?content=true
2026-09-28 09:52:42,746 | INFO | START | Greenhouse | https://job-boards.greenhouse.io/theplanningshopuk
2026-09-28 09:52:42,867 | INFO | SUCCESS | Greenhouse | https://job-boards.greenhouse.io/theplanningshopuk | jobs=0
2026-09-28 09:52:42,867 | INFO | START | Greenhouse | https://job-boards.greenhouse.io/mcafee
2026-09-28 09:52:42,986 | INFO | SUCCESS | Greenhouse | https://job-boards.greenhouse.io/mcafee | jobs=1
2026-09-28 09:52:42,986 | INFO | START | Greenhouse | https://job-boards.greenhouse.io/peoplestrata
2026-09-28 09:52:43,157 | INFO | SUCCESS | Greenhouse | https://job-boards.greenhouse.io/peoplestrata | jobs=0
2026-09-28 09:52:43,157 | INFO | START | Greenhouse | https://job-boards.greenhouse.io/c3
2026-09-28 09:52:43,314 | ERROR | FAILED | Greenhouse | https://job-boards.greenhouse.io/c3 | error=404 Client Error: Not Found for url: https://boards-api.greenhouse.io/v1/boards/c3/jobs?content=true
2026-09-28 09:52:43,316 | INFO | START | Greenhouse | https://job-boards.greenhouse.io/vsapartners
2026-09-28 09:52:43,475 | INFO | SUCCESS | Greenhouse | https://job-boards.greenhouse.io/vsapartners | jobs=11
2026-09-28 09:52:43,475 | INFO | START | Greenhouse | https://job-boards.greenhouse.io/zeel
2026-09-28 09:52:43,584 | ERROR | FAILED | Greenhouse | https://job-boards.greenhouse.io/zeel | error=404 Client Error: Not Found for url: https://boards-api.greenhouse.io/v1/boards/zeel/jobs?content=true
2026-09-28 09:52:43,585 | INFO | START | Ashby | https://jobs.ashbyhq.com/fastapicloud
2026-09-28 09:52:43,764 | ERROR | FAILED | Ashby | https://jobs.ashbyhq.com/fastapicloud | error=404 Client Error: Not Found for url: https://api.ashbyhq.com/posting-api/job-board/fastapicloud?includeCompensation=true
2026-09-28 09:52:43,765 | INFO | START | Ashby | https://jobs.ashbyhq.com/netgear
2026-09-28 09:52:43,877 | INFO | SUCCESS | Ashby | https://jobs.ashbyhq.com/netgear | jobs=51
2026-09-28 09:52:43,877 | INFO | START | Ashby | https://jobs.ashbyhq.com/base-operations
2026-09-28 09:52:43,974 | INFO | SUCCESS | Ashby | https://jobs.ashbyhq.com/base-operations | jobs=1
2026-09-28 09:52:43,974 | INFO | START | Ashby | https://jobs.ashbyhq.com/vultr
2026-09-28 09:52:44,109 | INFO | SUCCESS | Ashby | https://jobs.ashbyhq.com/vultr | jobs=53
2026-09-28 09:52:44,110 | INFO | START | Ashby | https://jobs.ashbyhq.com/Voya%20Energy
2026-09-28 09:52:44,281 | INFO | SUCCESS | Ashby | https://jobs.ashbyhq.com/Voya%20Energy | jobs=6
2026-09-28 09:52:44,281 | INFO | START | Ashby | https://jobs.ashbyhq.com/mexdigital
2026-09-28 09:52:44,368 | INFO | SUCCESS | Ashby | https://jobs.ashbyhq.com/mexdigital | jobs=14
2026-09-28 09:52:44,368 | INFO | START | Ashby | https://jobs.ashbyhq.com/zodl
2026-09-28 09:52:44,444 | INFO | SUCCESS | Ashby | https://jobs.ashbyhq.com/zodl | jobs=2
2026-09-28 09:52:44,444 | INFO | START | Ashby | https://jobs.ashbyhq.com/positive-development
2026-09-28 09:52:44,538 | INFO | SUCCESS | Ashby | https://jobs.ashbyhq.com/positive-development | jobs=56
2026-09-28 09:52:44,538 | INFO | START | Ashby | https://jobs.ashbyhq.com/arda-therapeutics
2026-09-28 09:52:44,634 | INFO | SUCCESS | Ashby | https://jobs.ashbyhq.com/arda-therapeutics | jobs=0
2026-09-28 09:52:44,634 | INFO | START | Ashby | https://jobs.ashbyhq.com/aryahealth.ai
2026-09-28 09:52:44,829 | INFO | SUCCESS | Ashby | https://jobs.ashbyhq.com/aryahealth.ai | jobs=14
2026-09-28 09:52:44,829 | INFO | START | Ashby | https://jobs.ashbyhq.com/abstraction.games
2026-09-28 09:52:44,914 | INFO | SUCCESS | Ashby | https://jobs.ashbyhq.com/abstraction.games | jobs=1
2026-09-28 09:52:44,914 | INFO | START | Ashby | https://jobs.ashbyhq.com/regent
2026-09-28 09:52:45,024 | INFO | SUCCESS | Ashby | https://jobs.ashbyhq.com/regent | jobs=28
2026-09-28 09:52:45,024 | INFO | START | Ashby | https://jobs.ashbyhq.com/hearth
2026-09-28 09:52:45,101 | ERROR | FAILED | Ashby | https://jobs.ashbyhq.com/hearth | error=404 Client Error: Not Found for url: https://api.ashbyhq.com/posting-api/job-board/hearth?includeCompensation=true
2026-09-28 09:52:45,102 | INFO | START | Ashby | https://jobs.ashbyhq.com/mistral.ai
2026-09-28 09:52:45,316 | INFO | SUCCESS | Ashby | https://jobs.ashbyhq.com/mistral.ai | jobs=210
2026-09-28 09:52:45,316 | INFO | START | Ashby | https://jobs.ashbyhq.com/impulse
2026-09-28 09:52:45,388 | INFO | SUCCESS | Ashby | https://jobs.ashbyhq.com/impulse | jobs=2
2026-09-28 09:52:45,388 | INFO | START | Ashby | https://jobs.ashbyhq.com/nen
2026-09-28 09:52:45,463 | ERROR | FAILED | Ashby | https://jobs.ashbyhq.com/nen | error=404 Client Error: Not Found for url: https://api.ashbyhq.com/posting-api/job-board/nen?includeCompensation=true
2026-09-28 09:52:45,464 | INFO | START | Ashby | https://jobs.ashbyhq.com/gridverify
2026-09-28 09:52:45,540 | INFO | SUCCESS | Ashby | https://jobs.ashbyhq.com/gridverify | jobs=5
2026-09-28 09:52:45,540 | INFO | START | Ashby | https://jobs.ashbyhq.com/graphyte
2026-09-28 09:52:45,624 | INFO | SUCCESS | Ashby | https://jobs.ashbyhq.com/graphyte | jobs=1
2026-09-28 09:52:45,624 | INFO | START | Ashby | https://jobs.ashbyhq.com/bigeye
2026-09-28 09:52:45,775 | ERROR | FAILED | Ashby | https://jobs.ashbyhq.com/bigeye | error=404 Client Error: Not Found for url: https://api.ashbyhq.com/posting-api/job-board/bigeye?includeCompensation=true
2026-09-28 09:52:45,777 | INFO | START | Ashby | https://jobs.ashbyhq.com/windborne-systems
2026-09-28 09:52:45,878 | INFO | SUCCESS | Ashby | https://jobs.ashbyhq.com/windborne-systems | jobs=19
2026-09-28 09:52:45,879 | INFO | START | Lever | https://jobs.lever.co/tildei
2026-09-28 09:52:46,341 | INFO | SUCCESS | Lever | https://jobs.lever.co/tildei | jobs=1
2026-09-28 09:52:46,341 | INFO | START | Lever | https://jobs.lever.co/crewapp
2026-09-28 09:52:46,642 | ERROR | FAILED | Lever | https://jobs.lever.co/crewapp | error=404 Client Error: Not Found for url: https://api.lever.co/v0/postings/crewapp?mode=json
2026-09-28 09:52:46,644 | INFO | START | Lever | https://jobs.lever.co/mulhalls
2026-09-28 09:52:47,152 | INFO | SUCCESS | Lever | https://jobs.lever.co/mulhalls | jobs=6
2026-09-28 09:52:47,152 | INFO | START | Lever | https://jobs.lever.co/straitcapital
2026-09-28 09:52:47,592 | ERROR | FAILED | Lever | https://jobs.lever.co/straitcapital | error=404 Client Error: Not Found for url: https://api.lever.co/v0/postings/straitcapital?mode=json
2026-09-28 09:52:47,596 | INFO | START | Lever | https://jobs.lever.co/lqdigital
2026-09-28 09:52:49,590 | INFO | SUCCESS | Lever | https://jobs.lever.co/lqdigital | jobs=0
2026-09-28 09:52:49,590 | INFO | START | Lever | https://jobs.lever.co/d-one
2026-09-28 09:52:49,875 | ERROR | FAILED | Lever | https://jobs.lever.co/d-one | error=404 Client Error: Not Found for url: https://api.lever.co/v0/postings/d-one?mode=json
2026-09-28 09:52:49,877 | INFO | START | Lever | https://jobs.lever.co/Rebuilt
2026-09-28 09:52:50,264 | ERROR | FAILED | Lever | https://jobs.lever.co/Rebuilt | error=404 Client Error: Not Found for url: https://api.lever.co/v0/postings/Rebuilt?mode=json
2026-09-28 09:52:50,266 | INFO | START | Lever | https://jobs.lever.co/doranjones
2026-09-28 09:52:50,670 | INFO | SUCCESS | Lever | https://jobs.lever.co/doranjones | jobs=1
2026-09-28 09:52:50,671 | INFO | START | Lever | https://jobs.lever.co/robust-ai
2026-09-28 09:52:51,148 | INFO | SUCCESS | Lever | https://jobs.lever.co/robust-ai | jobs=5
2026-09-28 09:52:51,149 | INFO | START | Lever | https://jobs.lever.co/chec
2026-09-28 09:52:51,446 | ERROR | FAILED | Lever | https://jobs.lever.co/chec | error=404 Client Error: Not Found for url: https://api.lever.co/v0/postings/chec?mode=json
2026-09-28 09:52:51,449 | INFO | START | Greenhouse | https://job-boards.greenhouse.io/foodcorps
2026-09-28 09:52:51,659 | ERROR | FAILED | Greenhouse | https://job-boards.greenhouse.io/foodcorps | error=404 Client Error: Not Found for url: https://boards-api.greenhouse.io/v1/boards/foodcorps/jobs?content=true
2026-09-28 09:52:51,662 | INFO | START | Greenhouse | https://job-boards.greenhouse.io/casetify
2026-09-28 09:52:51,849 | INFO | SUCCESS | Greenhouse | https://job-boards.greenhouse.io/casetify | jobs=63
2026-09-28 09:52:51,850 | INFO | START | Greenhouse | https://job-boards.greenhouse.io/happifyhealth
2026-09-28 09:52:51,946 | ERROR | FAILED | Greenhouse | https://job-boards.greenhouse.io/happifyhealth | error=404 Client Error: Not Found for url: https://boards-api.greenhouse.io/v1/boards/happifyhealth/jobs?content=true
2026-09-28 09:52:51,947 | INFO | START | Greenhouse | https://job-boards.greenhouse.io/bird
2026-09-28 09:52:52,199 | INFO | SUCCESS | Greenhouse | https://job-boards.greenhouse.io/bird | jobs=31
2026-09-28 09:52:52,199 | INFO | START | Greenhouse | https://job-boards.greenhouse.io/dremio
2026-09-28 09:52:52,326 | INFO | SUCCESS | Greenhouse | https://job-boards.greenhouse.io/dremio | jobs=7
2026-09-28 09:52:52,326 | INFO | START | Greenhouse | https://job-boards.greenhouse.io/sterling
2026-09-28 09:52:52,442 | INFO | SUCCESS | Greenhouse | https://job-boards.greenhouse.io/sterling | jobs=2
2026-09-28 09:52:52,442 | INFO | START | Greenhouse | https://job-boards.greenhouse.io/parkmobileus
2026-09-28 09:52:52,803 | ERROR | FAILED | Greenhouse | https://job-boards.greenhouse.io/parkmobileus | error=404 Client Error: Not Found for url: https://boards-api.greenhouse.io/v1/boards/parkmobileus/jobs?content=true
2026-09-28 09:52:52,806 | INFO | START | Greenhouse | https://job-boards.greenhouse.io/merchantsauto
2026-09-28 09:52:52,947 | INFO | SUCCESS | Greenhouse | https://job-boards.greenhouse.io/merchantsauto | jobs=1
2026-09-28 09:52:52,947 | INFO | START | Greenhouse | https://job-boards.greenhouse.io/canopytax
2026-09-28 09:52:53,235 | INFO | SUCCESS | Greenhouse | https://job-boards.greenhouse.io/canopytax | jobs=12
2026-09-28 09:52:53,235 | INFO | START | Greenhouse | https://job-boards.greenhouse.io/straitsx
2026-09-28 09:52:53,366 | INFO | SUCCESS | Greenhouse | https://job-boards.greenhouse.io/straitsx | jobs=25
2026-09-28 09:52:53,366 | INFO | START | Greenhouse | https://job-boards.greenhouse.io/nycedc
2026-09-28 09:52:53,628 | INFO | SUCCESS | Greenhouse | https://job-boards.greenhouse.io/nycedc | jobs=32
2026-09-28 09:52:53,628 | INFO | START | Greenhouse | https://job-boards.greenhouse.io/fractalteam
2026-09-28 09:52:53,728 | ERROR | FAILED | Greenhouse | https://job-boards.greenhouse.io/fractalteam | error=404 Client Error: Not Found for url: https://boards-api.greenhouse.io/v1/boards/fractalteam/jobs?content=true
2026-09-28 09:52:53,728 | INFO | START | Greenhouse | https://job-boards.greenhouse.io/abdielcapital
2026-09-28 09:52:53,843 | INFO | SUCCESS | Greenhouse | https://job-boards.greenhouse.io/abdielcapital | jobs=0
2026-09-28 09:52:53,843 | INFO | START | Greenhouse | https://job-boards.greenhouse.io/github
2026-09-28 09:52:53,953 | ERROR | FAILED | Greenhouse | https://job-boards.greenhouse.io/github | error=404 Client Error: Not Found for url: https://boards-api.greenhouse.io/v1/boards/github/jobs?content=true
2026-09-28 09:52:53,954 | INFO | START | Greenhouse | https://job-boards.greenhouse.io/theplanningshopuk
2026-09-28 09:52:54,075 | INFO | SUCCESS | Greenhouse | https://job-boards.greenhouse.io/theplanningshopuk | jobs=0
2026-09-28 09:52:54,075 | INFO | START | Greenhouse | https://job-boards.greenhouse.io/mcafee
2026-09-28 09:52:54,284 | INFO | SUCCESS | Greenhouse | https://job-boards.greenhouse.io/mcafee | jobs=1
2026-09-28 09:52:54,284 | INFO | START | Greenhouse | https://job-boards.greenhouse.io/peoplestrata
2026-09-28 09:52:54,397 | INFO | SUCCESS | Greenhouse | https://job-boards.greenhouse.io/peoplestrata | jobs=0
2026-09-28 09:52:54,397 | INFO | START | Greenhouse | https://job-boards.greenhouse.io/c3
2026-09-28 09:53:07,143 | ERROR | FAILED | Greenhouse | https://job-boards.greenhouse.io/c3 | error=404 Client Error: Not Found for url: https://boards-api.greenhouse.io/v1/boards/c3/jobs?content=true
2026-09-28 09:53:07,146 | INFO | START | Greenhouse | https://job-boards.greenhouse.io/vsapartners
2026-09-28 09:53:07,383 | INFO | SUCCESS | Greenhouse | https://job-boards.greenhouse.io/vsapartners | jobs=11
2026-09-28 09:53:07,383 | INFO | START | Greenhouse | https://job-boards.greenhouse.io/zeel
2026-09-28 09:53:08,472 | ERROR | FAILED | Greenhouse | https://job-boards.greenhouse.io/zeel | error=404 Client Error: Not Found for url: https://boards-api.greenhouse.io/v1/boards/zeel/jobs?content=true
2026-09-28 09:53:08,475 | INFO | START | Ashby | https://jobs.ashbyhq.com/fastapicloud
2026-09-28 09:53:08,582 | ERROR | FAILED | Ashby | https://jobs.ashbyhq.com/fastapicloud | error=404 Client Error: Not Found for url: https://api.ashbyhq.com/posting-api/job-board/fastapicloud?includeCompensation=true
2026-09-28 09:53:08,583 | INFO | START | Ashby | https://jobs.ashbyhq.com/netgear
2026-09-28 09:53:08,746 | INFO | SUCCESS | Ashby | https://jobs.ashbyhq.com/netgear | jobs=51
2026-09-28 09:53:08,746 | INFO | START | Ashby | https://jobs.ashbyhq.com/base-operations
2026-09-28 09:53:08,948 | INFO | SUCCESS | Ashby | https://jobs.ashbyhq.com/base-operations | jobs=1
2026-09-28 09:53:08,948 | INFO | START | Ashby | https://jobs.ashbyhq.com/vultr
2026-09-28 09:53:09,077 | INFO | SUCCESS | Ashby | https://jobs.ashbyhq.com/vultr | jobs=53
2026-09-28 09:53:09,077 | INFO | START | Ashby | https://jobs.ashbyhq.com/Voya%20Energy
2026-09-28 09:53:09,163 | INFO | SUCCESS | Ashby | https://jobs.ashbyhq.com/Voya%20Energy | jobs=6
2026-09-28 09:53:09,163 | INFO | START | Ashby | https://jobs.ashbyhq.com/mexdigital
2026-09-28 09:53:09,243 | INFO | SUCCESS | Ashby | https://jobs.ashbyhq.com/mexdigital | jobs=14
2026-09-28 09:53:09,243 | INFO | START | Ashby | https://jobs.ashbyhq.com/zodl
2026-09-28 09:53:09,406 | INFO | SUCCESS | Ashby | https://jobs.ashbyhq.com/zodl | jobs=2
2026-09-28 09:53:09,406 | INFO | START | Ashby | https://jobs.ashbyhq.com/positive-development
2026-09-28 09:53:09,508 | INFO | SUCCESS | Ashby | https://jobs.ashbyhq.com/positive-development | jobs=56
2026-09-28 09:53:09,508 | INFO | START | Ashby | https://jobs.ashbyhq.com/arda-therapeutics
2026-09-28 09:53:09,573 | INFO | SUCCESS | Ashby | https://jobs.ashbyhq.com/arda-therapeutics | jobs=0
2026-09-28 09:53:09,573 | INFO | START | Ashby | https://jobs.ashbyhq.com/aryahealth.ai
2026-09-28 09:53:09,651 | INFO | SUCCESS | Ashby | https://jobs.ashbyhq.com/aryahealth.ai | jobs=14
2026-09-28 09:53:09,651 | INFO | START | Ashby | https://jobs.ashbyhq.com/abstraction.games
2026-09-28 09:53:09,722 | INFO | SUCCESS | Ashby | https://jobs.ashbyhq.com/abstraction.games | jobs=1
2026-09-28 09:53:09,722 | INFO | START | Ashby | https://jobs.ashbyhq.com/regent
2026-09-28 09:53:09,900 | INFO | SUCCESS | Ashby | https://jobs.ashbyhq.com/regent | jobs=28
2026-09-28 09:53:09,900 | INFO | START | Ashby | https://jobs.ashbyhq.com/hearth
2026-09-28 09:53:09,994 | ERROR | FAILED | Ashby | https://jobs.ashbyhq.com/hearth | error=404 Client Error: Not Found for url: https://api.ashbyhq.com/posting-api/job-board/hearth?includeCompensation=true
2026-09-28 09:53:09,995 | INFO | START | Ashby | https://jobs.ashbyhq.com/mistral.ai
2026-09-28 09:53:10,194 | INFO | SUCCESS | Ashby | https://jobs.ashbyhq.com/mistral.ai | jobs=210
2026-09-28 09:53:10,195 | INFO | START | Ashby | https://jobs.ashbyhq.com/impulse
2026-09-28 09:53:10,286 | INFO | SUCCESS | Ashby | https://jobs.ashbyhq.com/impulse | jobs=2
2026-09-28 09:53:10,286 | INFO | START | Ashby | https://jobs.ashbyhq.com/nen
2026-09-28 09:53:10,447 | ERROR | FAILED | Ashby | https://jobs.ashbyhq.com/nen | error=404 Client Error: Not Found for url: https://api.ashbyhq.com/posting-api/job-board/nen?includeCompensation=true
2026-09-28 09:53:10,449 | INFO | START | Ashby | https://jobs.ashbyhq.com/gridverify
2026-09-28 09:53:10,541 | INFO | SUCCESS | Ashby | https://jobs.ashbyhq.com/gridverify | jobs=5
2026-09-28 09:53:10,541 | INFO | START | Ashby | https://jobs.ashbyhq.com/graphyte
2026-09-28 09:53:10,621 | INFO | SUCCESS | Ashby | https://jobs.ashbyhq.com/graphyte | jobs=1
2026-09-28 09:53:10,621 | INFO | START | Ashby | https://jobs.ashbyhq.com/bigeye
2026-09-28 09:53:10,695 | ERROR | FAILED | Ashby | https://jobs.ashbyhq.com/bigeye | error=404 Client Error: Not Found for url: https://api.ashbyhq.com/posting-api/job-board/bigeye?includeCompensation=true
2026-09-28 09:53:10,696 | INFO | START | Ashby | https://jobs.ashbyhq.com/windborne-systems
2026-09-28 09:53:10,771 | INFO | SUCCESS | Ashby | https://jobs.ashbyhq.com/windborne-systems | jobs=19
2026-09-28 09:53:10,771 | INFO | START | Lever | https://jobs.lever.co/tildei
2026-09-28 09:53:11,142 | INFO | SUCCESS | Lever | https://jobs.lever.co/tildei | jobs=1
2026-09-28 09:53:11,143 | INFO | START | Lever | https://jobs.lever.co/crewapp
2026-09-28 09:53:11,464 | ERROR | FAILED | Lever | https://jobs.lever.co/crewapp | error=404 Client Error: Not Found for url: https://api.lever.co/v0/postings/crewapp?mode=json
2026-09-28 09:53:11,466 | INFO | START | Lever | https://jobs.lever.co/mulhalls
2026-09-28 09:53:12,057 | INFO | SUCCESS | Lever | https://jobs.lever.co/mulhalls | jobs=6
2026-09-28 09:53:12,057 | INFO | START | Lever | https://jobs.lever.co/straitcapital
2026-09-28 09:53:12,351 | ERROR | FAILED | Lever | https://jobs.lever.co/straitcapital | error=404 Client Error: Not Found for url: https://api.lever.co/v0/postings/straitcapital?mode=json
2026-09-28 09:53:12,353 | INFO | START | Lever | https://jobs.lever.co/lqdigital
2026-09-28 09:53:12,723 | INFO | SUCCESS | Lever | https://jobs.lever.co/lqdigital | jobs=0
2026-09-28 09:53:12,723 | INFO | START | Lever | https://jobs.lever.co/d-one
2026-09-28 09:53:13,102 | ERROR | FAILED | Lever | https://jobs.lever.co/d-one | error=404 Client Error: Not Found for url: https://api.lever.co/v0/postings/d-one?mode=json
2026-09-28 09:53:13,105 | INFO | START | Lever | https://jobs.lever.co/Rebuilt
2026-09-28 09:53:14,102 | ERROR | FAILED | Lever | https://jobs.lever.co/Rebuilt | error=404 Client Error: Not Found for url: https://api.lever.co/v0/postings/Rebuilt?mode=json
2026-09-28 09:53:14,105 | INFO | START | Lever | https://jobs.lever.co/doranjones
2026-09-28 09:53:14,438 | INFO | SUCCESS | Lever | https://jobs.lever.co/doranjones | jobs=1
2026-09-28 09:53:14,439 | INFO | START | Lever | https://jobs.lever.co/robust-ai
2026-09-28 09:53:15,027 | INFO | SUCCESS | Lever | https://jobs.lever.co/robust-ai | jobs=5
2026-09-28 09:53:15,027 | INFO | START | Lever | https://jobs.lever.co/chec
2026-09-28 09:53:15,534 | ERROR | FAILED | Lever | https://jobs.lever.co/chec | error=404 Client Error: Not Found for url: https://api.lever.co/v0/postings/chec?mode=json
2026-09-28 09:53:15,537 | INFO | START | Greenhouse | https://job-boards.greenhouse.io/foodcorps
2026-09-28 09:53:15,733 | ERROR | FAILED | Greenhouse | https://job-boards.greenhouse.io/foodcorps | error=404 Client Error: Not Found for url: https://boards-api.greenhouse.io/v1/boards/foodcorps/jobs?content=true
2026-09-28 09:53:15,735 | INFO | START | Greenhouse | https://job-boards.greenhouse.io/casetify
2026-09-28 09:53:15,927 | INFO | SUCCESS | Greenhouse | https://job-boards.greenhouse.io/casetify | jobs=63
2026-09-28 09:53:15,927 | INFO | START | Greenhouse | https://job-boards.greenhouse.io/happifyhealth
2026-09-28 09:53:16,028 | ERROR | FAILED | Greenhouse | https://job-boards.greenhouse.io/happifyhealth | error=404 Client Error: Not Found for url: https://boards-api.greenhouse.io/v1/boards/happifyhealth/jobs?content=true
2026-09-28 09:53:16,029 | INFO | START | Greenhouse | https://job-boards.greenhouse.io/bird
2026-09-28 09:53:16,251 | INFO | SUCCESS | Greenhouse | https://job-boards.greenhouse.io/bird | jobs=31
2026-09-28 09:53:16,251 | INFO | START | Greenhouse | https://job-boards.greenhouse.io/dremio
2026-09-28 09:53:16,373 | INFO | SUCCESS | Greenhouse | https://job-boards.greenhouse.io/dremio | jobs=7
2026-09-28 09:53:16,373 | INFO | START | Greenhouse | https://job-boards.greenhouse.io/sterling
2026-09-28 09:53:16,485 | INFO | SUCCESS | Greenhouse | https://job-boards.greenhouse.io/sterling | jobs=2
2026-09-28 09:53:16,485 | INFO | START | Greenhouse | https://job-boards.greenhouse.io/parkmobileus
2026-09-28 09:53:16,845 | ERROR | FAILED | Greenhouse | https://job-boards.greenhouse.io/parkmobileus | error=404 Client Error: Not Found for url: https://boards-api.greenhouse.io/v1/boards/parkmobileus/jobs?content=true
2026-09-28 09:53:16,846 | INFO | START | Greenhouse | https://job-boards.greenhouse.io/merchantsauto
2026-09-28 09:53:17,500 | INFO | SUCCESS | Greenhouse | https://job-boards.greenhouse.io/merchantsauto | jobs=1
2026-09-28 09:53:17,500 | INFO | START | Greenhouse | https://job-boards.greenhouse.io/canopytax
2026-09-28 09:53:17,675 | INFO | SUCCESS | Greenhouse | https://job-boards.greenhouse.io/canopytax | jobs=12
2026-09-28 09:53:17,675 | INFO | START | Greenhouse | https://job-boards.greenhouse.io/straitsx
2026-09-28 09:53:17,902 | INFO | SUCCESS | Greenhouse | https://job-boards.greenhouse.io/straitsx | jobs=25
2026-09-28 09:53:17,902 | INFO | START | Greenhouse | https://job-boards.greenhouse.io/nycedc
2026-09-28 09:53:28,379 | INFO | SUCCESS | Greenhouse | https://job-boards.greenhouse.io/nycedc | jobs=32
2026-09-28 09:53:28,379 | INFO | START | Greenhouse | https://job-boards.greenhouse.io/fractalteam
2026-09-28 09:53:28,516 | ERROR | FAILED | Greenhouse | https://job-boards.greenhouse.io/fractalteam | error=404 Client Error: Not Found for url: https://boards-api.greenhouse.io/v1/boards/fractalteam/jobs?content=true
2026-09-28 09:53:28,517 | INFO | START | Greenhouse | https://job-boards.greenhouse.io/abdielcapital
2026-09-28 09:53:28,634 | INFO | SUCCESS | Greenhouse | https://job-boards.greenhouse.io/abdielcapital | jobs=0
2026-09-28 09:53:28,635 | INFO | START | Greenhouse | https://job-boards.greenhouse.io/github
2026-09-28 09:53:28,826 | ERROR | FAILED | Greenhouse | https://job-boards.greenhouse.io/github | error=404 Client Error: Not Found for url: https://boards-api.greenhouse.io/v1/boards/github/jobs?content=true
2026-09-28 09:53:28,830 | INFO | START | Greenhouse | https://job-boards.greenhouse.io/theplanningshopuk
2026-09-28 09:53:28,950 | INFO | SUCCESS | Greenhouse | https://job-boards.greenhouse.io/theplanningshopuk | jobs=0
2026-09-28 09:53:28,950 | INFO | START | Greenhouse | https://job-boards.greenhouse.io/mcafee
2026-09-28 09:53:29,102 | INFO | SUCCESS | Greenhouse | https://job-boards.greenhouse.io/mcafee | jobs=1
2026-09-28 09:53:29,102 | INFO | START | Greenhouse | https://job-boards.greenhouse.io/peoplestrata
2026-09-28 09:53:29,292 | INFO | SUCCESS | Greenhouse | https://job-boards.greenhouse.io/peoplestrata | jobs=0
2026-09-28 09:53:29,292 | INFO | START | Greenhouse | https://job-boards.greenhouse.io/c3
2026-09-28 09:53:29,400 | ERROR | FAILED | Greenhouse | https://job-boards.greenhouse.io/c3 | error=404 Client Error: Not Found for url: https://boards-api.greenhouse.io/v1/boards/c3/jobs?content=true
2026-09-28 09:53:29,401 | INFO | START | Greenhouse | https://job-boards.greenhouse.io/vsapartners
2026-09-28 09:53:29,549 | INFO | SUCCESS | Greenhouse | https://job-boards.greenhouse.io/vsapartners | jobs=11
2026-09-28 09:53:29,549 | INFO | START | Greenhouse | https://job-boards.greenhouse.io/zeel
2026-09-28 09:53:29,685 | ERROR | FAILED | Greenhouse | https://job-boards.greenhouse.io/zeel | error=404 Client Error: Not Found for url: https://boards-api.greenhouse.io/v1/boards/zeel/jobs?content=true
2026-09-28 09:53:29,686 | INFO | START | Ashby | https://jobs.ashbyhq.com/fastapicloud
2026-09-28 09:53:29,871 | ERROR | FAILED | Ashby | https://jobs.ashbyhq.com/fastapicloud | error=404 Client Error: Not Found for url: https://api.ashbyhq.com/posting-api/job-board/fastapicloud?includeCompensation=true
2026-09-28 09:53:29,872 | INFO | START | Ashby | https://jobs.ashbyhq.com/netgear
2026-09-28 09:53:30,004 | INFO | SUCCESS | Ashby | https://jobs.ashbyhq.com/netgear | jobs=51
2026-09-28 09:53:30,004 | INFO | START | Ashby | https://jobs.ashbyhq.com/base-operations
2026-09-28 09:53:30,103 | INFO | SUCCESS | Ashby | https://jobs.ashbyhq.com/base-operations | jobs=1
2026-09-28 09:53:30,103 | INFO | START | Ashby | https://jobs.ashbyhq.com/vultr
2026-09-28 09:53:30,222 | INFO | SUCCESS | Ashby | https://jobs.ashbyhq.com/vultr | jobs=53
2026-09-28 09:53:30,222 | INFO | START | Ashby | https://jobs.ashbyhq.com/Voya%20Energy
2026-09-28 09:53:30,384 | INFO | SUCCESS | Ashby | https://jobs.ashbyhq.com/Voya%20Energy | jobs=6
2026-09-28 09:53:30,384 | INFO | START | Ashby | https://jobs.ashbyhq.com/mexdigital
2026-09-28 09:53:30,473 | INFO | SUCCESS | Ashby | https://jobs.ashbyhq.com/mexdigital | jobs=14
2026-09-28 09:53:30,473 | INFO | START | Ashby | https://jobs.ashbyhq.com/zodl
2026-09-28 09:53:30,547 | INFO | SUCCESS | Ashby | https://jobs.ashbyhq.com/zodl | jobs=2
2026-09-28 09:53:30,547 | INFO | START | Ashby | https://jobs.ashbyhq.com/positive-development
2026-09-28 09:53:30,627 | INFO | SUCCESS | Ashby | https://jobs.ashbyhq.com/positive-development | jobs=56
2026-09-28 09:53:30,627 | INFO | START | Ashby | https://jobs.ashbyhq.com/arda-therapeutics
2026-09-28 09:53:30,699 | INFO | SUCCESS | Ashby | https://jobs.ashbyhq.com/arda-therapeutics | jobs=0
2026-09-28 09:53:30,699 | INFO | START | Ashby | https://jobs.ashbyhq.com/aryahealth.ai
2026-09-28 09:53:30,867 | INFO | SUCCESS | Ashby | https://jobs.ashbyhq.com/aryahealth.ai | jobs=14
2026-09-28 09:53:30,868 | INFO | START | Ashby | https://jobs.ashbyhq.com/abstraction.games
2026-09-28 09:53:30,953 | INFO | SUCCESS | Ashby | https://jobs.ashbyhq.com/abstraction.games | jobs=1
2026-09-28 09:53:30,953 | INFO | START | Ashby | https://jobs.ashbyhq.com/regent
2026-09-28 09:53:31,038 | INFO | SUCCESS | Ashby | https://jobs.ashbyhq.com/regent | jobs=28
2026-09-28 09:53:31,038 | INFO | START | Ashby | https://jobs.ashbyhq.com/hearth
2026-09-28 09:53:31,107 | ERROR | FAILED | Ashby | https://jobs.ashbyhq.com/hearth | error=404 Client Error: Not Found for url: https://api.ashbyhq.com/posting-api/job-board/hearth?includeCompensation=true
2026-09-28 09:53:31,108 | INFO | START | Ashby | https://jobs.ashbyhq.com/mistral.ai
2026-09-28 09:53:31,291 | INFO | SUCCESS | Ashby | https://jobs.ashbyhq.com/mistral.ai | jobs=210
2026-09-28 09:53:31,291 | INFO | START | Ashby | https://jobs.ashbyhq.com/impulse
2026-09-28 09:53:31,481 | INFO | SUCCESS | Ashby | https://jobs.ashbyhq.com/impulse | jobs=2
2026-09-28 09:53:31,481 | INFO | START | Ashby | https://jobs.ashbyhq.com/nen
2026-09-28 09:53:31,576 | ERROR | FAILED | Ashby | https://jobs.ashbyhq.com/nen | error=404 Client Error: Not Found for url: https://api.ashbyhq.com/posting-api/job-board/nen?includeCompensation=true
2026-09-28 09:53:31,577 | INFO | START | Ashby | https://jobs.ashbyhq.com/gridverify
2026-09-28 09:53:31,666 | INFO | SUCCESS | Ashby | https://jobs.ashbyhq.com/gridverify | jobs=5
2026-09-28 09:53:31,666 | INFO | START | Ashby | https://jobs.ashbyhq.com/graphyte
2026-09-28 09:53:31,741 | INFO | SUCCESS | Ashby | https://jobs.ashbyhq.com/graphyte | jobs=1
2026-09-28 09:53:31,741 | INFO | START | Ashby | https://jobs.ashbyhq.com/bigeye
2026-09-28 09:53:31,819 | ERROR | FAILED | Ashby | https://jobs.ashbyhq.com/bigeye | error=404 Client Error: Not Found for url: https://api.ashbyhq.com/posting-api/job-board/bigeye?includeCompensation=true
2026-09-28 09:53:31,820 | INFO | START | Ashby | https://jobs.ashbyhq.com/windborne-systems
2026-09-28 09:53:32,007 | INFO | SUCCESS | Ashby | https://jobs.ashbyhq.com/windborne-systems | jobs=19
2026-09-28 09:53:32,007 | INFO | START | Lever | https://jobs.lever.co/tildei
2026-09-28 09:53:32,311 | INFO | SUCCESS | Lever | https://jobs.lever.co/tildei | jobs=1
2026-09-28 09:53:32,311 | INFO | START | Lever | https://jobs.lever.co/crewapp
2026-09-28 09:53:32,663 | ERROR | FAILED | Lever | https://jobs.lever.co/crewapp | error=404 Client Error: Not Found for url: https://api.lever.co/v0/postings/crewapp?mode=json
2026-09-28 09:53:32,667 | INFO | START | Lever | https://jobs.lever.co/mulhalls
2026-09-28 09:53:33,164 | INFO | SUCCESS | Lever | https://jobs.lever.co/mulhalls | jobs=6
2026-09-28 09:53:33,164 | INFO | START | Lever | https://jobs.lever.co/straitcapital
2026-09-28 09:53:33,553 | ERROR | FAILED | Lever | https://jobs.lever.co/straitcapital | error=404 Client Error: Not Found for url: https://api.lever.co/v0/postings/straitcapital?mode=json
2026-09-28 09:53:33,555 | INFO | START | Lever | https://jobs.lever.co/lqdigital
2026-09-28 09:53:33,864 | INFO | SUCCESS | Lever | https://jobs.lever.co/lqdigital | jobs=0
2026-09-28 09:53:33,865 | INFO | START | Lever | https://jobs.lever.co/d-one
2026-09-28 09:53:34,234 | ERROR | FAILED | Lever | https://jobs.lever.co/d-one | error=404 Client Error: Not Found for url: https://api.lever.co/v0/postings/d-one?mode=json
2026-09-28 09:53:34,237 | INFO | START | Lever | https://jobs.lever.co/Rebuilt
2026-09-28 09:53:34,671 | ERROR | FAILED | Lever | https://jobs.lever.co/Rebuilt | error=404 Client Error: Not Found for url: https://api.lever.co/v0/postings/Rebuilt?mode=json
2026-09-28 09:53:34,675 | INFO | START | Lever | https://jobs.lever.co/doranjones
2026-09-28 09:53:35,063 | INFO | SUCCESS | Lever | https://jobs.lever.co/doranjones | jobs=1
2026-09-28 09:53:35,064 | INFO | START | Lever | https://jobs.lever.co/robust-ai
2026-09-28 09:53:36,867 | INFO | SUCCESS | Lever | https://jobs.lever.co/robust-ai | jobs=5
2026-09-28 09:53:36,867 | INFO | START | Lever | https://jobs.lever.co/chec
2026-09-28 09:53:37,221 | ERROR | FAILED | Lever | https://jobs.lever.co/chec | error=404 Client Error: Not Found for url: https://api.lever.co/v0/postings/chec?mode=json
2026-09-28 09:53:37,224 | INFO | START | Greenhouse | https://job-boards.greenhouse.io/foodcorps
2026-09-28 09:53:37,347 | ERROR | FAILED | Greenhouse | https://job-boards.greenhouse.io/foodcorps | error=404 Client Error: Not Found for url: https://boards-api.greenhouse.io/v1/boards/foodcorps/jobs?content=true
2026-09-28 09:53:37,349 | INFO | START | Greenhouse | https://job-boards.greenhouse.io/casetify
2026-09-28 09:53:37,561 | INFO | SUCCESS | Greenhouse | https://job-boards.greenhouse.io/casetify | jobs=63
2026-09-28 09:53:37,561 | INFO | START | Greenhouse | https://job-boards.greenhouse.io/happifyhealth
2026-09-28 09:53:37,754 | ERROR | FAILED | Greenhouse | https://job-boards.greenhouse.io/happifyhealth | error=404 Client Error: Not Found for url: https://boards-api.greenhouse.io/v1/boards/happifyhealth/jobs?content=true
2026-09-28 09:53:37,758 | INFO | START | Greenhouse | https://job-boards.greenhouse.io/bird
2026-09-28 09:53:37,947 | INFO | SUCCESS | Greenhouse | https://job-boards.greenhouse.io/bird | jobs=31
2026-09-28 09:53:37,947 | INFO | START | Greenhouse | https://job-boards.greenhouse.io/dremio
2026-09-28 09:53:38,075 | INFO | SUCCESS | Greenhouse | https://job-boards.greenhouse.io/dremio | jobs=7
2026-09-28 09:53:38,075 | INFO | START | Greenhouse | https://job-boards.greenhouse.io/sterling
2026-09-28 09:53:38,281 | INFO | SUCCESS | Greenhouse | https://job-boards.greenhouse.io/sterling | jobs=2
2026-09-28 09:53:38,282 | INFO | START | Greenhouse | https://job-boards.greenhouse.io/parkmobileus
2026-09-28 09:53:38,407 | ERROR | FAILED | Greenhouse | https://job-boards.greenhouse.io/parkmobileus | error=404 Client Error: Not Found for url: https://boards-api.greenhouse.io/v1/boards/parkmobileus/jobs?content=true
2026-09-28 09:53:38,410 | INFO | START | Greenhouse | https://job-boards.greenhouse.io/merchantsauto
2026-09-28 09:53:38,549 | INFO | SUCCESS | Greenhouse | https://job-boards.greenhouse.io/merchantsauto | jobs=1
2026-09-28 09:53:38,549 | INFO | START | Greenhouse | https://job-boards.greenhouse.io/canopytax
2026-09-28 09:53:38,770 | INFO | SUCCESS | Greenhouse | https://job-boards.greenhouse.io/canopytax | jobs=12
2026-09-28 09:53:38,770 | INFO | START | Greenhouse | https://job-boards.greenhouse.io/straitsx
2026-09-28 09:53:38,895 | INFO | SUCCESS | Greenhouse | https://job-boards.greenhouse.io/straitsx | jobs=25
2026-09-28 09:53:38,896 | INFO | START | Greenhouse | https://job-boards.greenhouse.io/nycedc
2026-09-28 09:53:39,197 | INFO | SUCCESS | Greenhouse | https://job-boards.greenhouse.io/nycedc | jobs=32
2026-09-28 09:53:39,197 | INFO | START | Greenhouse | https://job-boards.greenhouse.io/fractalteam
2026-09-28 09:53:39,345 | ERROR | FAILED | Greenhouse | https://job-boards.greenhouse.io/fractalteam | error=404 Client Error: Not Found for url: https://boards-api.greenhouse.io/v1/boards/fractalteam/jobs?content=true
2026-09-28 09:53:39,346 | INFO | START | Greenhouse | https://job-boards.greenhouse.io/abdielcapital
2026-09-28 09:53:39,458 | INFO | SUCCESS | Greenhouse | https://job-boards.greenhouse.io/abdielcapital | jobs=0
2026-09-28 09:53:39,458 | INFO | START | Greenhouse | https://job-boards.greenhouse.io/github
2026-09-28 09:53:39,573 | ERROR | FAILED | Greenhouse | https://job-boards.greenhouse.io/github | error=404 Client Error: Not Found for url: https://boards-api.greenhouse.io/v1/boards/github/jobs?content=true
2026-09-28 09:53:39,574 | INFO | START | Greenhouse | https://job-boards.greenhouse.io/theplanningshopuk
2026-09-28 09:53:39,779 | INFO | SUCCESS | Greenhouse | https://job-boards.greenhouse.io/theplanningshopuk | jobs=0
2026-09-28 09:53:39,779 | INFO | START | Greenhouse | https://job-boards.greenhouse.io/mcafee
2026-09-28 09:53:39,909 | INFO | SUCCESS | Greenhouse | https://job-boards.greenhouse.io/mcafee | jobs=1
2026-09-28 09:53:39,909 | INFO | START | Greenhouse | https://job-boards.greenhouse.io/peoplestrata
2026-09-28 09:53:40,035 | INFO | SUCCESS | Greenhouse | https://job-boards.greenhouse.io/peoplestrata | jobs=0
2026-09-28 09:53:40,035 | INFO | START | Greenhouse | https://job-boards.greenhouse.io/c3
2026-09-28 09:53:40,146 | ERROR | FAILED | Greenhouse | https://job-boards.greenhouse.io/c3 | error=404 Client Error: Not Found for url: https://boards-api.greenhouse.io/v1/boards/c3/jobs?content=true
2026-09-28 09:53:40,148 | INFO | START | Greenhouse | https://job-boards.greenhouse.io/vsapartners
2026-09-28 09:53:40,334 | INFO | SUCCESS | Greenhouse | https://job-boards.greenhouse.io/vsapartners | jobs=11
2026-09-28 09:53:40,335 | INFO | START | Greenhouse | https://job-boards.greenhouse.io/zeel
2026-09-28 09:53:40,484 | ERROR | FAILED | Greenhouse | https://job-boards.greenhouse.io/zeel | error=404 Client Error: Not Found for url: https://boards-api.greenhouse.io/v1/boards/zeel/jobs?content=true
2026-09-28 09:53:40,487 | INFO | START | Ashby | https://jobs.ashbyhq.com/fastapicloud
2026-09-28 09:53:40,567 | ERROR | FAILED | Ashby | https://jobs.ashbyhq.com/fastapicloud | error=404 Client Error: Not Found for url: https://api.ashbyhq.com/posting-api/job-board/fastapicloud?includeCompensation=true
2026-09-28 09:53:40,568 | INFO | START | Ashby | https://jobs.ashbyhq.com/netgear
2026-09-28 09:53:40,677 | INFO | SUCCESS | Ashby | https://jobs.ashbyhq.com/netgear | jobs=51
2026-09-28 09:53:40,677 | INFO | START | Ashby | https://jobs.ashbyhq.com/base-operations
2026-09-28 09:53:40,838 | INFO | SUCCESS | Ashby | https://jobs.ashbyhq.com/base-operations | jobs=1
2026-09-28 09:53:40,838 | INFO | START | Ashby | https://jobs.ashbyhq.com/vultr
2026-09-28 09:53:40,969 | INFO | SUCCESS | Ashby | https://jobs.ashbyhq.com/vultr | jobs=53
2026-09-28 09:53:40,970 | INFO | START | Ashby | https://jobs.ashbyhq.com/Voya%20Energy
2026-09-28 09:53:41,060 | INFO | SUCCESS | Ashby | https://jobs.ashbyhq.com/Voya%20Energy | jobs=6
2026-09-28 09:53:41,060 | INFO | START | Ashby | https://jobs.ashbyhq.com/mexdigital
2026-09-28 09:53:41,142 | INFO | SUCCESS | Ashby | https://jobs.ashbyhq.com/mexdigital | jobs=14
2026-09-28 09:53:41,142 | INFO | START | Ashby | https://jobs.ashbyhq.com/zodl
2026-09-28 09:53:41,215 | INFO | SUCCESS | Ashby | https://jobs.ashbyhq.com/zodl | jobs=2
2026-09-28 09:53:41,215 | INFO | START | Ashby | https://jobs.ashbyhq.com/positive-development
2026-09-28 09:53:41,405 | INFO | SUCCESS | Ashby | https://jobs.ashbyhq.com/positive-development | jobs=56
2026-09-28 09:53:41,406 | INFO | START | Ashby | https://jobs.ashbyhq.com/arda-therapeutics
2026-09-28 09:53:41,502 | INFO | SUCCESS | Ashby | https://jobs.ashbyhq.com/arda-therapeutics | jobs=0
2026-09-28 09:53:41,502 | INFO | START | Ashby | https://jobs.ashbyhq.com/aryahealth.ai
2026-09-28 09:53:41,615 | INFO | SUCCESS | Ashby | https://jobs.ashbyhq.com/aryahealth.ai | jobs=14
2026-09-28 09:53:41,615 | INFO | START | Ashby | https://jobs.ashbyhq.com/abstraction.games
2026-09-28 09:53:41,699 | INFO | SUCCESS | Ashby | https://jobs.ashbyhq.com/abstraction.games | jobs=1
2026-09-28 09:53:41,699 | INFO | START | Ashby | https://jobs.ashbyhq.com/regent
2026-09-28 09:53:41,882 | INFO | SUCCESS | Ashby | https://jobs.ashbyhq.com/regent | jobs=28
2026-09-28 09:53:41,882 | INFO | START | Ashby | https://jobs.ashbyhq.com/hearth
2026-09-28 09:53:41,974 | ERROR | FAILED | Ashby | https://jobs.ashbyhq.com/hearth | error=404 Client Error: Not Found for url: https://api.ashbyhq.com/posting-api/job-board/hearth?includeCompensation=true
2026-09-28 09:53:41,975 | INFO | START | Ashby | https://jobs.ashbyhq.com/mistral.ai
2026-09-28 09:53:42,233 | INFO | SUCCESS | Ashby | https://jobs.ashbyhq.com/mistral.ai | jobs=210
2026-09-28 09:53:42,233 | INFO | START | Ashby | https://jobs.ashbyhq.com/impulse
2026-09-28 09:53:42,403 | INFO | SUCCESS | Ashby | https://jobs.ashbyhq.com/impulse | jobs=2
2026-09-28 09:53:42,403 | INFO | START | Ashby | https://jobs.ashbyhq.com/nen
2026-09-28 09:53:42,499 | ERROR | FAILED | Ashby | https://jobs.ashbyhq.com/nen | error=404 Client Error: Not Found for url: https://api.ashbyhq.com/posting-api/job-board/nen?includeCompensation=true
2026-09-28 09:53:42,500 | INFO | START | Ashby | https://jobs.ashbyhq.com/gridverify
2026-09-28 09:53:42,582 | INFO | SUCCESS | Ashby | https://jobs.ashbyhq.com/gridverify | jobs=5
2026-09-28 09:53:42,582 | INFO | START | Ashby | https://jobs.ashbyhq.com/graphyte
2026-09-28 09:53:42,667 | INFO | SUCCESS | Ashby | https://jobs.ashbyhq.com/graphyte | jobs=1
2026-09-28 09:53:42,667 | INFO | START | Ashby | https://jobs.ashbyhq.com/bigeye
2026-09-28 09:53:42,746 | ERROR | FAILED | Ashby | https://jobs.ashbyhq.com/bigeye | error=404 Client Error: Not Found for url: https://api.ashbyhq.com/posting-api/job-board/bigeye?includeCompensation=true
2026-09-28 09:53:42,747 | INFO | START | Ashby | https://jobs.ashbyhq.com/windborne-systems
2026-09-28 09:53:42,928 | INFO | SUCCESS | Ashby | https://jobs.ashbyhq.com/windborne-systems | jobs=19
2026-09-28 09:53:42,929 | INFO | START | Lever | https://jobs.lever.co/tildei
2026-09-28 09:53:43,333 | INFO | SUCCESS | Lever | https://jobs.lever.co/tildei | jobs=1
2026-09-28 09:53:43,334 | INFO | START | Lever | https://jobs.lever.co/crewapp
2026-09-28 09:53:43,755 | ERROR | FAILED | Lever | https://jobs.lever.co/crewapp | error=404 Client Error: Not Found for url: https://api.lever.co/v0/postings/crewapp?mode=json
2026-09-28 09:53:43,758 | INFO | START | Lever | https://jobs.lever.co/mulhalls
2026-09-28 09:53:44,281 | INFO | SUCCESS | Lever | https://jobs.lever.co/mulhalls | jobs=6
2026-09-28 09:53:44,282 | INFO | START | Lever | https://jobs.lever.co/straitcapital
2026-09-28 09:53:44,634 | ERROR | FAILED | Lever | https://jobs.lever.co/straitcapital | error=404 Client Error: Not Found for url: https://api.lever.co/v0/postings/straitcapital?mode=json
2026-09-28 09:53:44,637 | INFO | START | Lever | https://jobs.lever.co/lqdigital
2026-09-28 09:53:45,022 | INFO | SUCCESS | Lever | https://jobs.lever.co/lqdigital | jobs=0
2026-09-28 09:53:45,022 | INFO | START | Lever | https://jobs.lever.co/d-one
2026-09-28 09:53:45,396 | ERROR | FAILED | Lever | https://jobs.lever.co/d-one | error=404 Client Error: Not Found for url: https://api.lever.co/v0/postings/d-one?mode=json
2026-09-28 09:53:45,399 | INFO | START | Lever | https://jobs.lever.co/Rebuilt
2026-09-28 09:53:45,771 | ERROR | FAILED | Lever | https://jobs.lever.co/Rebuilt | error=404 Client Error: Not Found for url: https://api.lever.co/v0/postings/Rebuilt?mode=json
2026-09-28 09:53:45,774 | INFO | START | Lever | https://jobs.lever.co/doranjones
2026-09-28 09:53:46,141 | INFO | SUCCESS | Lever | https://jobs.lever.co/doranjones | jobs=1
2026-09-28 09:53:46,141 | INFO | START | Lever | https://jobs.lever.co/robust-ai
2026-09-28 09:53:46,656 | INFO | SUCCESS | Lever | https://jobs.lever.co/robust-ai | jobs=5
2026-09-28 09:53:46,656 | INFO | START | Lever | https://jobs.lever.co/chec
2026-09-28 09:53:46,974 | ERROR | FAILED | Lever | https://jobs.lever.co/chec | error=404 Client Error: Not Found for url: https://api.lever.co/v0/postings/chec?mode=json
2026-09-28 09:53:46,978 | INFO | START | Greenhouse | https://job-boards.greenhouse.io/foodcorps
2026-09-28 09:53:47,180 | ERROR | FAILED | Greenhouse | https://job-boards.greenhouse.io/foodcorps | error=404 Client Error: Not Found for url: https://boards-api.greenhouse.io/v1/boards/foodcorps/jobs?content=true
2026-09-28 09:53:47,183 | INFO | START | Greenhouse | https://job-boards.greenhouse.io/casetify
2026-09-28 09:53:47,386 | INFO | SUCCESS | Greenhouse | https://job-boards.greenhouse.io/casetify | jobs=63
2026-09-28 09:53:47,386 | INFO | START | Greenhouse | https://job-boards.greenhouse.io/happifyhealth
2026-09-28 09:53:47,484 | ERROR | FAILED | Greenhouse | https://job-boards.greenhouse.io/happifyhealth | error=404 Client Error: Not Found for url: https://boards-api.greenhouse.io/v1/boards/happifyhealth/jobs?content=true
2026-09-28 09:53:47,485 | INFO | START | Greenhouse | https://job-boards.greenhouse.io/bird
2026-09-28 09:53:47,694 | INFO | SUCCESS | Greenhouse | https://job-boards.greenhouse.io/bird | jobs=31
2026-09-28 09:53:47,694 | INFO | START | Greenhouse | https://job-boards.greenhouse.io/dremio
2026-09-28 09:53:47,815 | INFO | SUCCESS | Greenhouse | https://job-boards.greenhouse.io/dremio | jobs=7
2026-09-28 09:53:47,815 | INFO | START | Greenhouse | https://job-boards.greenhouse.io/sterling
2026-09-28 09:53:47,932 | INFO | SUCCESS | Greenhouse | https://job-boards.greenhouse.io/sterling | jobs=2
2026-09-28 09:53:47,932 | INFO | START | Greenhouse | https://job-boards.greenhouse.io/parkmobileus
2026-09-28 09:53:48,042 | ERROR | FAILED | Greenhouse | https://job-boards.greenhouse.io/parkmobileus | error=404 Client Error: Not Found for url: https://boards-api.greenhouse.io/v1/boards/parkmobileus/jobs?content=true
2026-09-28 09:53:48,042 | INFO | START | Greenhouse | https://job-boards.greenhouse.io/merchantsauto
2026-09-28 09:53:48,287 | INFO | SUCCESS | Greenhouse | https://job-boards.greenhouse.io/merchantsauto | jobs=1
2026-09-28 09:53:48,287 | INFO | START | Greenhouse | https://job-boards.greenhouse.io/canopytax
2026-09-28 09:53:48,445 | INFO | SUCCESS | Greenhouse | https://job-boards.greenhouse.io/canopytax | jobs=12
2026-09-28 09:53:48,445 | INFO | START | Greenhouse | https://job-boards.greenhouse.io/straitsx
2026-09-28 09:53:48,580 | INFO | SUCCESS | Greenhouse | https://job-boards.greenhouse.io/straitsx | jobs=25
2026-09-28 09:53:48,580 | INFO | START | Greenhouse | https://job-boards.greenhouse.io/nycedc
2026-09-28 09:53:48,931 | INFO | SUCCESS | Greenhouse | https://job-boards.greenhouse.io/nycedc | jobs=32
2026-09-28 09:53:48,931 | INFO | START | Greenhouse | https://job-boards.greenhouse.io/fractalteam
2026-09-28 09:53:49,027 | ERROR | FAILED | Greenhouse | https://job-boards.greenhouse.io/fractalteam | error=404 Client Error: Not Found for url: https://boards-api.greenhouse.io/v1/boards/fractalteam/jobs?content=true
2026-09-28 09:53:49,028 | INFO | START | Greenhouse | https://job-boards.greenhouse.io/abdielcapital
2026-09-28 09:53:49,215 | INFO | SUCCESS | Greenhouse | https://job-boards.greenhouse.io/abdielcapital | jobs=0
2026-09-28 09:53:49,215 | INFO | START | Greenhouse | https://job-boards.greenhouse.io/github
2026-09-28 09:53:49,336 | ERROR | FAILED | Greenhouse | https://job-boards.greenhouse.io/github | error=404 Client Error: Not Found for url: https://boards-api.greenhouse.io/v1/boards/github/jobs?content=true
2026-09-28 09:53:49,338 | INFO | START | Greenhouse | https://job-boards.greenhouse.io/theplanningshopuk
2026-09-28 09:53:49,467 | INFO | SUCCESS | Greenhouse | https://job-boards.greenhouse.io/theplanningshopuk | jobs=0
2026-09-28 09:53:49,468 | INFO | START | Greenhouse | https://job-boards.greenhouse.io/mcafee
2026-09-28 09:53:49,590 | INFO | SUCCESS | Greenhouse | https://job-boards.greenhouse.io/mcafee | jobs=1
2026-09-28 09:53:49,590 | INFO | START | Greenhouse | https://job-boards.greenhouse.io/peoplestrata
2026-09-28 09:53:49,801 | INFO | SUCCESS | Greenhouse | https://job-boards.greenhouse.io/peoplestrata | jobs=0
2026-09-28 09:53:49,802 | INFO | START | Greenhouse | https://job-boards.greenhouse.io/c3
2026-09-28 09:53:49,935 | ERROR | FAILED | Greenhouse | https://job-boards.greenhouse.io/c3 | error=404 Client Error: Not Found for url: https://boards-api.greenhouse.io/v1/boards/c3/jobs?content=true
2026-09-28 09:53:49,938 | INFO | START | Greenhouse | https://job-boards.greenhouse.io/vsapartners
2026-09-28 09:53:50,096 | INFO | SUCCESS | Greenhouse | https://job-boards.greenhouse.io/vsapartners | jobs=11
2026-09-28 09:53:50,096 | INFO | START | Greenhouse | https://job-boards.greenhouse.io/zeel
2026-09-28 09:53:50,263 | ERROR | FAILED | Greenhouse | https://job-boards.greenhouse.io/zeel | error=404 Client Error: Not Found for url: https://boards-api.greenhouse.io/v1/boards/zeel/jobs?content=true
2026-09-28 09:53:50,266 | INFO | START | Ashby | https://jobs.ashbyhq.com/fastapicloud
2026-09-28 09:53:50,354 | ERROR | FAILED | Ashby | https://jobs.ashbyhq.com/fastapicloud | error=404 Client Error: Not Found for url: https://api.ashbyhq.com/posting-api/job-board/fastapicloud?includeCompensation=true
2026-09-28 09:53:50,355 | INFO | START | Ashby | https://jobs.ashbyhq.com/netgear
2026-09-28 09:53:50,467 | INFO | SUCCESS | Ashby | https://jobs.ashbyhq.com/netgear | jobs=51
2026-09-28 09:53:50,467 | INFO | START | Ashby | https://jobs.ashbyhq.com/base-operations
2026-09-28 09:53:50,591 | INFO | SUCCESS | Ashby | https://jobs.ashbyhq.com/base-operations | jobs=1
2026-09-28 09:53:50,592 | INFO | START | Ashby | https://jobs.ashbyhq.com/vultr
2026-09-28 09:53:50,792 | INFO | SUCCESS | Ashby | https://jobs.ashbyhq.com/vultr | jobs=53
2026-09-28 09:53:50,793 | INFO | START | Ashby | https://jobs.ashbyhq.com/Voya%20Energy
2026-09-28 09:53:50,888 | INFO | SUCCESS | Ashby | https://jobs.ashbyhq.com/Voya%20Energy | jobs=6
2026-09-28 09:53:50,888 | INFO | START | Ashby | https://jobs.ashbyhq.com/mexdigital
2026-09-28 09:53:50,986 | INFO | SUCCESS | Ashby | https://jobs.ashbyhq.com/mexdigital | jobs=14
2026-09-28 09:53:50,986 | INFO | START | Ashby | https://jobs.ashbyhq.com/zodl
2026-09-28 09:53:51,074 | INFO | SUCCESS | Ashby | https://jobs.ashbyhq.com/zodl | jobs=2
2026-09-28 09:53:51,074 | INFO | START | Ashby | https://jobs.ashbyhq.com/positive-development
2026-09-28 09:53:51,160 | INFO | SUCCESS | Ashby | https://jobs.ashbyhq.com/positive-development | jobs=56
2026-09-28 09:53:51,160 | INFO | START | Ashby | https://jobs.ashbyhq.com/arda-therapeutics
2026-09-28 09:53:51,311 | INFO | SUCCESS | Ashby | https://jobs.ashbyhq.com/arda-therapeutics | jobs=0
2026-09-28 09:53:51,311 | INFO | START | Ashby | https://jobs.ashbyhq.com/aryahealth.ai
2026-09-28 09:53:51,422 | INFO | SUCCESS | Ashby | https://jobs.ashbyhq.com/aryahealth.ai | jobs=14
2026-09-28 09:53:51,423 | INFO | START | Ashby | https://jobs.ashbyhq.com/abstraction.games
2026-09-28 09:53:51,508 | INFO | SUCCESS | Ashby | https://jobs.ashbyhq.com/abstraction.games | jobs=1
2026-09-28 09:53:51,508 | INFO | START | Ashby | https://jobs.ashbyhq.com/regent
2026-09-28 09:53:51,632 | INFO | SUCCESS | Ashby | https://jobs.ashbyhq.com/regent | jobs=28
2026-09-28 09:53:51,633 | INFO | START | Ashby | https://jobs.ashbyhq.com/hearth
2026-09-28 09:53:51,712 | ERROR | FAILED | Ashby | https://jobs.ashbyhq.com/hearth | error=404 Client Error: Not Found for url: https://api.ashbyhq.com/posting-api/job-board/hearth?includeCompensation=true
2026-09-28 09:53:51,713 | INFO | START | Ashby | https://jobs.ashbyhq.com/mistral.ai
2026-09-28 09:53:51,999 | INFO | SUCCESS | Ashby | https://jobs.ashbyhq.com/mistral.ai | jobs=210
2026-09-28 09:53:51,999 | INFO | START | Ashby | https://jobs.ashbyhq.com/impulse
2026-09-28 09:53:52,084 | INFO | SUCCESS | Ashby | https://jobs.ashbyhq.com/impulse | jobs=2
2026-09-28 09:53:52,084 | INFO | START | Ashby | https://jobs.ashbyhq.com/nen
2026-09-28 09:53:52,155 | ERROR | FAILED | Ashby | https://jobs.ashbyhq.com/nen | error=404 Client Error: Not Found for url: https://api.ashbyhq.com/posting-api/job-board/nen?includeCompensation=true
2026-09-28 09:53:52,156 | INFO | START | Ashby | https://jobs.ashbyhq.com/gridverify
2026-09-28 09:53:52,237 | INFO | SUCCESS | Ashby | https://jobs.ashbyhq.com/gridverify | jobs=5
2026-09-28 09:53:52,237 | INFO | START | Ashby | https://jobs.ashbyhq.com/graphyte
2026-09-28 09:53:52,399 | INFO | SUCCESS | Ashby | https://jobs.ashbyhq.com/graphyte | jobs=1
2026-09-28 09:53:52,400 | INFO | START | Ashby | https://jobs.ashbyhq.com/bigeye
2026-09-28 09:53:52,488 | ERROR | FAILED | Ashby | https://jobs.ashbyhq.com/bigeye | error=404 Client Error: Not Found for url: https://api.ashbyhq.com/posting-api/job-board/bigeye?includeCompensation=true
2026-09-28 09:53:52,489 | INFO | START | Ashby | https://jobs.ashbyhq.com/windborne-systems
2026-09-28 09:53:52,608 | INFO | SUCCESS | Ashby | https://jobs.ashbyhq.com/windborne-systems | jobs=19
2026-09-28 09:53:52,608 | INFO | START | Lever | https://jobs.lever.co/tildei
2026-09-28 09:53:52,955 | INFO | SUCCESS | Lever | https://jobs.lever.co/tildei | jobs=1
2026-09-28 09:53:52,956 | INFO | START | Lever | https://jobs.lever.co/crewapp
2026-09-28 09:53:54,859 | ERROR | FAILED | Lever | https://jobs.lever.co/crewapp | error=404 Client Error: Not Found for url: https://api.lever.co/v0/postings/crewapp?mode=json
2026-09-28 09:53:54,862 | INFO | START | Lever | https://jobs.lever.co/mulhalls
2026-09-28 09:53:55,349 | INFO | SUCCESS | Lever | https://jobs.lever.co/mulhalls | jobs=6
2026-09-28 09:53:55,349 | INFO | START | Lever | https://jobs.lever.co/straitcapital
2026-09-28 09:53:55,739 | ERROR | FAILED | Lever | https://jobs.lever.co/straitcapital | error=404 Client Error: Not Found for url: https://api.lever.co/v0/postings/straitcapital?mode=json
2026-09-28 09:53:55,742 | INFO | START | Lever | https://jobs.lever.co/lqdigital
2026-09-28 09:53:56,100 | INFO | SUCCESS | Lever | https://jobs.lever.co/lqdigital | jobs=0
2026-09-28 09:53:56,100 | INFO | START | Lever | https://jobs.lever.co/d-one
2026-09-28 09:53:57,228 | ERROR | FAILED | Lever | https://jobs.lever.co/d-one | error=404 Client Error: Not Found for url: https://api.lever.co/v0/postings/d-one?mode=json
2026-09-28 09:53:57,230 | INFO | START | Lever | https://jobs.lever.co/Rebuilt
2026-09-28 09:53:57,605 | ERROR | FAILED | Lever | https://jobs.lever.co/Rebuilt | error=404 Client Error: Not Found for url: https://api.lever.co/v0/postings/Rebuilt?mode=json
2026-09-28 09:53:57,608 | INFO | START | Lever | https://jobs.lever.co/doranjones
2026-09-28 09:53:57,916 | INFO | SUCCESS | Lever | https://jobs.lever.co/doranjones | jobs=1
2026-09-28 09:53:57,916 | INFO | START | Lever | https://jobs.lever.co/robust-ai
2026-09-28 09:53:58,393 | INFO | SUCCESS | Lever | https://jobs.lever.co/robust-ai | jobs=5
2026-09-28 09:53:58,393 | INFO | START | Lever | https://jobs.lever.co/chec
2026-09-28 09:53:58,781 | ERROR | FAILED | Lever | https://jobs.lever.co/chec | error=404 Client Error: Not Found for url: https://api.lever.co/v0/postings/chec?mode=json
2026-09-28 09:53:58,784 | INFO | START | Greenhouse | https://job-boards.greenhouse.io/foodcorps
2026-09-28 09:53:58,912 | ERROR | FAILED | Greenhouse | https://job-boards.greenhouse.io/foodcorps | error=404 Client Error: Not Found for url: https://boards-api.greenhouse.io/v1/boards/foodcorps/jobs?content=true
2026-09-28 09:53:58,915 | INFO | START | Greenhouse | https://job-boards.greenhouse.io/casetify
2026-09-28 09:53:59,098 | INFO | SUCCESS | Greenhouse | https://job-boards.greenhouse.io/casetify | jobs=63
2026-09-28 09:53:59,098 | INFO | START | Greenhouse | https://job-boards.greenhouse.io/happifyhealth
2026-09-28 09:53:59,284 | ERROR | FAILED | Greenhouse | https://job-boards.greenhouse.io/happifyhealth | error=404 Client Error: Not Found for url: https://boards-api.greenhouse.io/v1/boards/happifyhealth/jobs?content=true
2026-09-28 09:53:59,285 | INFO | START | Greenhouse | https://job-boards.greenhouse.io/bird
2026-09-28 09:53:59,463 | INFO | SUCCESS | Greenhouse | https://job-boards.greenhouse.io/bird | jobs=31
2026-09-28 09:53:59,463 | INFO | START | Greenhouse | https://job-boards.greenhouse.io/dremio
2026-09-28 09:54:19,506 | ERROR | FAILED | Greenhouse | https://job-boards.greenhouse.io/dremio | error=HTTPSConnectionPool(host='boards-api.greenhouse.io', port=443): Read timed out. (read timeout=20)
2026-09-28 09:54:19,507 | INFO | START | Greenhouse | https://job-boards.greenhouse.io/sterling
2026-09-28 09:54:19,698 | INFO | SUCCESS | Greenhouse | https://job-boards.greenhouse.io/sterling | jobs=2
2026-09-28 09:54:19,699 | INFO | START | Greenhouse | https://job-boards.greenhouse.io/parkmobileus
2026-09-28 09:54:19,821 | ERROR | FAILED | Greenhouse | https://job-boards.greenhouse.io/parkmobileus | error=404 Client Error: Not Found for url: https://boards-api.greenhouse.io/v1/boards/parkmobileus/jobs?content=true
2026-09-28 09:54:19,823 | INFO | START | Greenhouse | https://job-boards.greenhouse.io/merchantsauto
2026-09-28 09:54:19,961 | INFO | SUCCESS | Greenhouse | https://job-boards.greenhouse.io/merchantsauto | jobs=1
2026-09-28 09:54:19,961 | INFO | START | Greenhouse | https://job-boards.greenhouse.io/canopytax
2026-09-28 09:54:20,191 | INFO | SUCCESS | Greenhouse | https://job-boards.greenhouse.io/canopytax | jobs=12
2026-09-28 09:54:20,191 | INFO | START | Greenhouse | https://job-boards.greenhouse.io/straitsx
2026-09-28 09:54:20,318 | INFO | SUCCESS | Greenhouse | https://job-boards.greenhouse.io/straitsx | jobs=25
2026-09-28 09:54:20,318 | INFO | START | Greenhouse | https://job-boards.greenhouse.io/nycedc
2026-09-28 09:54:20,598 | INFO | SUCCESS | Greenhouse | https://job-boards.greenhouse.io/nycedc | jobs=32
2026-09-28 09:54:20,599 | INFO | START | Greenhouse | https://job-boards.greenhouse.io/fractalteam
2026-09-28 09:54:20,763 | ERROR | FAILED | Greenhouse | https://job-boards.greenhouse.io/fractalteam | error=404 Client Error: Not Found for url: https://boards-api.greenhouse.io/v1/boards/fractalteam/jobs?content=true
2026-09-28 09:54:20,763 | INFO | START | Greenhouse | https://job-boards.greenhouse.io/abdielcapital
2026-09-28 09:54:20,874 | INFO | SUCCESS | Greenhouse | https://job-boards.greenhouse.io/abdielcapital | jobs=0
2026-09-28 09:54:20,874 | INFO | START | Greenhouse | https://job-boards.greenhouse.io/github
2026-09-28 09:54:21,028 | ERROR | FAILED | Greenhouse | https://job-boards.greenhouse.io/github | error=404 Client Error: Not Found for url: https://boards-api.greenhouse.io/v1/boards/github/jobs?content=true
2026-09-28 09:54:21,030 | INFO | START | Greenhouse | https://job-boards.greenhouse.io/theplanningshopuk
2026-09-28 09:54:21,196 | INFO | SUCCESS | Greenhouse | https://job-boards.greenhouse.io/theplanningshopuk | jobs=0
2026-09-28 09:54:21,196 | INFO | START | Greenhouse | https://job-boards.greenhouse.io/mcafee
2026-09-28 09:54:21,327 | INFO | SUCCESS | Greenhouse | https://job-boards.greenhouse.io/mcafee | jobs=1
2026-09-28 09:54:21,327 | INFO | START | Greenhouse | https://job-boards.greenhouse.io/peoplestrata
2026-09-28 09:54:21,454 | INFO | SUCCESS | Greenhouse | https://job-boards.greenhouse.io/peoplestrata | jobs=0
2026-09-28 09:54:21,454 | INFO | START | Greenhouse | https://job-boards.greenhouse.io/c3
2026-09-28 09:54:21,569 | ERROR | FAILED | Greenhouse | https://job-boards.greenhouse.io/c3 | error=404 Client Error: Not Found for url: https://boards-api.greenhouse.io/v1/boards/c3/jobs?content=true
2026-09-28 09:54:21,569 | INFO | START | Greenhouse | https://job-boards.greenhouse.io/vsapartners
2026-09-28 09:54:21,822 | INFO | SUCCESS | Greenhouse | https://job-boards.greenhouse.io/vsapartners | jobs=11
2026-09-28 09:54:21,822 | INFO | START | Greenhouse | https://job-boards.greenhouse.io/zeel
2026-09-28 09:54:21,935 | ERROR | FAILED | Greenhouse | https://job-boards.greenhouse.io/zeel | error=404 Client Error: Not Found for url: https://boards-api.greenhouse.io/v1/boards/zeel/jobs?content=true
2026-09-28 09:54:21,936 | INFO | START | Ashby | https://jobs.ashbyhq.com/fastapicloud
2026-09-28 09:54:22,018 | ERROR | FAILED | Ashby | https://jobs.ashbyhq.com/fastapicloud | error=404 Client Error: Not Found for url: https://api.ashbyhq.com/posting-api/job-board/fastapicloud?includeCompensation=true
2026-09-28 09:54:22,019 | INFO | START | Ashby | https://jobs.ashbyhq.com/netgear
2026-09-28 09:54:22,127 | INFO | SUCCESS | Ashby | https://jobs.ashbyhq.com/netgear | jobs=51
2026-09-28 09:54:22,127 | INFO | START | Ashby | https://jobs.ashbyhq.com/base-operations
2026-09-28 09:54:22,299 | INFO | SUCCESS | Ashby | https://jobs.ashbyhq.com/base-operations | jobs=1
2026-09-28 09:54:22,299 | INFO | START | Ashby | https://jobs.ashbyhq.com/vultr
2026-09-28 09:54:22,416 | INFO | SUCCESS | Ashby | https://jobs.ashbyhq.com/vultr | jobs=53
2026-09-28 09:54:22,416 | INFO | START | Ashby | https://jobs.ashbyhq.com/Voya%20Energy
2026-09-28 09:54:22,490 | INFO | SUCCESS | Ashby | https://jobs.ashbyhq.com/Voya%20Energy | jobs=6
2026-09-28 09:54:22,491 | INFO | START | Ashby | https://jobs.ashbyhq.com/mexdigital
2026-09-28 09:54:22,573 | INFO | SUCCESS | Ashby | https://jobs.ashbyhq.com/mexdigital | jobs=14
2026-09-28 09:54:22,573 | INFO | START | Ashby | https://jobs.ashbyhq.com/zodl
2026-09-28 09:54:22,649 | INFO | SUCCESS | Ashby | https://jobs.ashbyhq.com/zodl | jobs=2
2026-09-28 09:54:22,649 | INFO | START | Ashby | https://jobs.ashbyhq.com/positive-development
2026-09-28 09:54:22,827 | INFO | SUCCESS | Ashby | https://jobs.ashbyhq.com/positive-development | jobs=56
2026-09-28 09:54:22,828 | INFO | START | Ashby | https://jobs.ashbyhq.com/arda-therapeutics
2026-09-28 09:54:22,921 | INFO | SUCCESS | Ashby | https://jobs.ashbyhq.com/arda-therapeutics | jobs=0
2026-09-28 09:54:22,921 | INFO | START | Ashby | https://jobs.ashbyhq.com/aryahealth.ai
2026-09-28 09:54:23,007 | INFO | SUCCESS | Ashby | https://jobs.ashbyhq.com/aryahealth.ai | jobs=14
2026-09-28 09:54:23,007 | INFO | START | Ashby | https://jobs.ashbyhq.com/abstraction.games
2026-09-28 09:54:23,083 | INFO | SUCCESS | Ashby | https://jobs.ashbyhq.com/abstraction.games | jobs=1
2026-09-28 09:54:23,083 | INFO | START | Ashby | https://jobs.ashbyhq.com/regent
2026-09-28 09:54:23,178 | INFO | SUCCESS | Ashby | https://jobs.ashbyhq.com/regent | jobs=28
2026-09-28 09:54:23,178 | INFO | START | Ashby | https://jobs.ashbyhq.com/hearth
2026-09-28 09:54:23,331 | ERROR | FAILED | Ashby | https://jobs.ashbyhq.com/hearth | error=404 Client Error: Not Found for url: https://api.ashbyhq.com/posting-api/job-board/hearth?includeCompensation=true
2026-09-28 09:54:23,334 | INFO | START | Ashby | https://jobs.ashbyhq.com/mistral.ai
2026-09-28 09:54:23,573 | INFO | SUCCESS | Ashby | https://jobs.ashbyhq.com/mistral.ai | jobs=210
2026-09-28 09:54:23,573 | INFO | START | Ashby | https://jobs.ashbyhq.com/impulse
2026-09-28 09:54:23,662 | INFO | SUCCESS | Ashby | https://jobs.ashbyhq.com/impulse | jobs=2
2026-09-28 09:54:23,662 | INFO | START | Ashby | https://jobs.ashbyhq.com/nen
2026-09-28 09:54:23,814 | ERROR | FAILED | Ashby | https://jobs.ashbyhq.com/nen | error=404 Client Error: Not Found for url: https://api.ashbyhq.com/posting-api/job-board/nen?includeCompensation=true
2026-09-28 09:54:23,816 | INFO | START | Ashby | https://jobs.ashbyhq.com/gridverify
2026-09-28 09:54:23,909 | INFO | SUCCESS | Ashby | https://jobs.ashbyhq.com/gridverify | jobs=5
2026-09-28 09:54:23,909 | INFO | START | Ashby | https://jobs.ashbyhq.com/graphyte
2026-09-28 09:54:23,997 | INFO | SUCCESS | Ashby | https://jobs.ashbyhq.com/graphyte | jobs=1
2026-09-28 09:54:23,997 | INFO | START | Ashby | https://jobs.ashbyhq.com/bigeye
2026-09-28 09:54:24,082 | ERROR | FAILED | Ashby | https://jobs.ashbyhq.com/bigeye | error=404 Client Error: Not Found for url: https://api.ashbyhq.com/posting-api/job-board/bigeye?includeCompensation=true
2026-09-28 09:54:24,083 | INFO | START | Ashby | https://jobs.ashbyhq.com/windborne-systems
2026-09-28 09:54:24,189 | INFO | SUCCESS | Ashby | https://jobs.ashbyhq.com/windborne-systems | jobs=19
2026-09-28 09:54:24,189 | INFO | START | Lever | https://jobs.lever.co/tildei
2026-09-28 09:54:24,581 | INFO | SUCCESS | Lever | https://jobs.lever.co/tildei | jobs=1
2026-09-28 09:54:24,581 | INFO | START | Lever | https://jobs.lever.co/crewapp
2026-09-28 09:54:25,784 | ERROR | FAILED | Lever | https://jobs.lever.co/crewapp | error=404 Client Error: Not Found for url: https://api.lever.co/v0/postings/crewapp?mode=json
2026-09-28 09:54:25,786 | INFO | START | Lever | https://jobs.lever.co/mulhalls
2026-09-28 09:54:26,317 | INFO | SUCCESS | Lever | https://jobs.lever.co/mulhalls | jobs=6
2026-09-28 09:54:26,318 | INFO | START | Lever | https://jobs.lever.co/straitcapital
2026-09-28 09:54:26,668 | ERROR | FAILED | Lever | https://jobs.lever.co/straitcapital | error=404 Client Error: Not Found for url: https://api.lever.co/v0/postings/straitcapital?mode=json
2026-09-28 09:54:26,671 | INFO | START | Lever | https://jobs.lever.co/lqdigital
2026-09-28 09:54:27,051 | INFO | SUCCESS | Lever | https://jobs.lever.co/lqdigital | jobs=0
2026-09-28 09:54:27,051 | INFO | START | Lever | https://jobs.lever.co/d-one
2026-09-28 09:54:27,330 | ERROR | FAILED | Lever | https://jobs.lever.co/d-one | error=404 Client Error: Not Found for url: https://api.lever.co/v0/postings/d-one?mode=json
2026-09-28 09:54:27,332 | INFO | START | Lever | https://jobs.lever.co/Rebuilt
2026-09-28 09:54:27,706 | ERROR | FAILED | Lever | https://jobs.lever.co/Rebuilt | error=404 Client Error: Not Found for url: https://api.lever.co/v0/postings/Rebuilt?mode=json
2026-09-28 09:54:27,708 | INFO | START | Lever | https://jobs.lever.co/doranjones
2026-09-28 09:54:28,084 | INFO | SUCCESS | Lever | https://jobs.lever.co/doranjones | jobs=1
2026-09-28 09:54:28,084 | INFO | START | Lever | https://jobs.lever.co/robust-ai
2026-09-28 09:54:28,604 | INFO | SUCCESS | Lever | https://jobs.lever.co/robust-ai | jobs=5
2026-09-28 09:54:28,604 | INFO | START | Lever | https://jobs.lever.co/chec
2026-09-28 09:54:28,917 | ERROR | FAILED | Lever | https://jobs.lever.co/chec | error=404 Client Error: Not Found for url: https://api.lever.co/v0/postings/chec?mode=json
2026-09-28 09:54:28,919 | INFO | START | Greenhouse | https://job-boards.greenhouse.io/foodcorps
2026-09-28 09:54:29,115 | ERROR | FAILED | Greenhouse | https://job-boards.greenhouse.io/foodcorps | error=404 Client Error: Not Found for url: https://boards-api.greenhouse.io/v1/boards/foodcorps/jobs?content=true
2026-09-28 09:54:29,116 | INFO | START | Greenhouse | https://job-boards.greenhouse.io/casetify
2026-09-28 09:54:29,333 | INFO | SUCCESS | Greenhouse | https://job-boards.greenhouse.io/casetify | jobs=63
2026-09-28 09:54:29,333 | INFO | START | Greenhouse | https://job-boards.greenhouse.io/happifyhealth
2026-09-28 09:54:29,434 | ERROR | FAILED | Greenhouse | https://job-boards.greenhouse.io/happifyhealth | error=404 Client Error: Not Found for url: https://boards-api.greenhouse.io/v1/boards/happifyhealth/jobs?content=true
2026-09-28 09:54:29,435 | INFO | START | Greenhouse | https://job-boards.greenhouse.io/bird
2026-09-28 09:54:29,707 | INFO | SUCCESS | Greenhouse | https://job-boards.greenhouse.io/bird | jobs=31
2026-09-28 09:54:29,707 | INFO | START | Greenhouse | https://job-boards.greenhouse.io/dremio
2026-09-28 09:54:29,831 | INFO | SUCCESS | Greenhouse | https://job-boards.greenhouse.io/dremio | jobs=7
2026-09-28 09:54:29,831 | INFO | START | Greenhouse | https://job-boards.greenhouse.io/sterling
2026-09-28 09:54:29,939 | INFO | SUCCESS | Greenhouse | https://job-boards.greenhouse.io/sterling | jobs=2
2026-09-28 09:54:29,939 | INFO | START | Greenhouse | https://job-boards.greenhouse.io/parkmobileus
2026-09-28 09:54:30,106 | ERROR | FAILED | Greenhouse | https://job-boards.greenhouse.io/parkmobileus | error=404 Client Error: Not Found for url: https://boards-api.greenhouse.io/v1/boards/parkmobileus/jobs?content=true
2026-09-28 09:54:30,109 | INFO | START | Greenhouse | https://job-boards.greenhouse.io/merchantsauto
2026-09-28 09:54:30,238 | INFO | SUCCESS | Greenhouse | https://job-boards.greenhouse.io/merchantsauto | jobs=1
2026-09-28 09:54:30,238 | INFO | START | Greenhouse | https://job-boards.greenhouse.io/canopytax
2026-09-28 09:54:30,394 | INFO | SUCCESS | Greenhouse | https://job-boards.greenhouse.io/canopytax | jobs=12
2026-09-28 09:54:30,394 | INFO | START | Greenhouse | https://job-boards.greenhouse.io/straitsx
2026-09-28 09:54:32,267 | INFO | SUCCESS | Greenhouse | https://job-boards.greenhouse.io/straitsx | jobs=25
2026-09-28 09:54:32,267 | INFO | START | Greenhouse | https://job-boards.greenhouse.io/nycedc
2026-09-28 09:54:32,536 | INFO | SUCCESS | Greenhouse | https://job-boards.greenhouse.io/nycedc | jobs=32
2026-09-28 09:54:32,536 | INFO | START | Greenhouse | https://job-boards.greenhouse.io/fractalteam
2026-09-28 09:54:32,626 | ERROR | FAILED | Greenhouse | https://job-boards.greenhouse.io/fractalteam | error=404 Client Error: Not Found for url: https://boards-api.greenhouse.io/v1/boards/fractalteam/jobs?content=true
2026-09-28 09:54:32,626 | INFO | START | Greenhouse | https://job-boards.greenhouse.io/abdielcapital
2026-09-28 09:54:32,839 | INFO | SUCCESS | Greenhouse | https://job-boards.greenhouse.io/abdielcapital | jobs=0
2026-09-28 09:54:32,839 | INFO | START | Greenhouse | https://job-boards.greenhouse.io/github
2026-09-28 09:54:34,387 | ERROR | FAILED | Greenhouse | https://job-boards.greenhouse.io/github | error=404 Client Error: Not Found for url: https://boards-api.greenhouse.io/v1/boards/github/jobs?content=true
2026-09-28 09:54:34,390 | INFO | START | Greenhouse | https://job-boards.greenhouse.io/theplanningshopuk
2026-09-28 09:54:34,522 | INFO | SUCCESS | Greenhouse | https://job-boards.greenhouse.io/theplanningshopuk | jobs=0
2026-09-28 09:54:34,522 | INFO | START | Greenhouse | https://job-boards.greenhouse.io/mcafee
2026-09-28 09:54:34,651 | INFO | SUCCESS | Greenhouse | https://job-boards.greenhouse.io/mcafee | jobs=1
2026-09-28 09:54:34,652 | INFO | START | Greenhouse | https://job-boards.greenhouse.io/peoplestrata
2026-09-28 09:54:34,824 | INFO | SUCCESS | Greenhouse | https://job-boards.greenhouse.io/peoplestrata | jobs=0
2026-09-28 09:54:34,825 | INFO | START | Greenhouse | https://job-boards.greenhouse.io/c3
2026-09-28 09:54:34,946 | ERROR | FAILED | Greenhouse | https://job-boards.greenhouse.io/c3 | error=404 Client Error: Not Found for url: https://boards-api.greenhouse.io/v1/boards/c3/jobs?content=true
2026-09-28 09:54:34,949 | INFO | START | Greenhouse | https://job-boards.greenhouse.io/vsapartners
2026-09-28 09:54:35,106 | INFO | SUCCESS | Greenhouse | https://job-boards.greenhouse.io/vsapartners | jobs=11
2026-09-28 09:54:35,106 | INFO | START | Greenhouse | https://job-boards.greenhouse.io/zeel
2026-09-28 09:54:35,207 | ERROR | FAILED | Greenhouse | https://job-boards.greenhouse.io/zeel | error=404 Client Error: Not Found for url: https://boards-api.greenhouse.io/v1/boards/zeel/jobs?content=true
2026-09-28 09:54:35,208 | INFO | START | Ashby | https://jobs.ashbyhq.com/fastapicloud
2026-09-28 09:54:35,380 | ERROR | FAILED | Ashby | https://jobs.ashbyhq.com/fastapicloud | error=404 Client Error: Not Found for url: https://api.ashbyhq.com/posting-api/job-board/fastapicloud?includeCompensation=true
2026-09-28 09:54:35,383 | INFO | START | Ashby | https://jobs.ashbyhq.com/netgear
2026-09-28 09:54:35,518 | INFO | SUCCESS | Ashby | https://jobs.ashbyhq.com/netgear | jobs=51
2026-09-28 09:54:35,518 | INFO | START | Ashby | https://jobs.ashbyhq.com/base-operations
2026-09-28 09:54:35,621 | INFO | SUCCESS | Ashby | https://jobs.ashbyhq.com/base-operations | jobs=1
2026-09-28 09:54:35,621 | INFO | START | Ashby | https://jobs.ashbyhq.com/vultr
2026-09-28 09:54:35,733 | INFO | SUCCESS | Ashby | https://jobs.ashbyhq.com/vultr | jobs=53
2026-09-28 09:54:35,733 | INFO | START | Ashby | https://jobs.ashbyhq.com/Voya%20Energy
2026-09-28 09:54:35,909 | INFO | SUCCESS | Ashby | https://jobs.ashbyhq.com/Voya%20Energy | jobs=6
2026-09-28 09:54:35,909 | INFO | START | Ashby | https://jobs.ashbyhq.com/mexdigital
2026-09-28 09:54:36,031 | INFO | SUCCESS | Ashby | https://jobs.ashbyhq.com/mexdigital | jobs=14
2026-09-28 09:54:36,031 | INFO | START | Ashby | https://jobs.ashbyhq.com/zodl
2026-09-28 09:54:36,117 | INFO | SUCCESS | Ashby | https://jobs.ashbyhq.com/zodl | jobs=2
2026-09-28 09:54:36,117 | INFO | START | Ashby | https://jobs.ashbyhq.com/positive-development
2026-09-28 09:54:36,210 | INFO | SUCCESS | Ashby | https://jobs.ashbyhq.com/positive-development | jobs=56
2026-09-28 09:54:36,210 | INFO | START | Ashby | https://jobs.ashbyhq.com/arda-therapeutics
2026-09-28 09:54:36,288 | INFO | SUCCESS | Ashby | https://jobs.ashbyhq.com/arda-therapeutics | jobs=0
2026-09-28 09:54:36,288 | INFO | START | Ashby | https://jobs.ashbyhq.com/aryahealth.ai
2026-09-28 09:54:36,459 | INFO | SUCCESS | Ashby | https://jobs.ashbyhq.com/aryahealth.ai | jobs=14
2026-09-28 09:54:36,459 | INFO | START | Ashby | https://jobs.ashbyhq.com/abstraction.games
2026-09-28 09:54:36,544 | INFO | SUCCESS | Ashby | https://jobs.ashbyhq.com/abstraction.games | jobs=1
2026-09-28 09:54:36,544 | INFO | START | Ashby | https://jobs.ashbyhq.com/regent
2026-09-28 09:54:36,644 | INFO | SUCCESS | Ashby | https://jobs.ashbyhq.com/regent | jobs=28
2026-09-28 09:54:36,644 | INFO | START | Ashby | https://jobs.ashbyhq.com/hearth
2026-09-28 09:54:36,714 | ERROR | FAILED | Ashby | https://jobs.ashbyhq.com/hearth | error=404 Client Error: Not Found for url: https://api.ashbyhq.com/posting-api/job-board/hearth?includeCompensation=true
2026-09-28 09:54:36,715 | INFO | START | Ashby | https://jobs.ashbyhq.com/mistral.ai
2026-09-28 09:54:36,978 | INFO | SUCCESS | Ashby | https://jobs.ashbyhq.com/mistral.ai | jobs=210
2026-09-28 09:54:36,978 | INFO | START | Ashby | https://jobs.ashbyhq.com/impulse
2026-09-28 09:54:37,050 | INFO | SUCCESS | Ashby | https://jobs.ashbyhq.com/impulse | jobs=2
2026-09-28 09:54:37,051 | INFO | START | Ashby | https://jobs.ashbyhq.com/nen
2026-09-28 09:54:37,124 | ERROR | FAILED | Ashby | https://jobs.ashbyhq.com/nen | error=404 Client Error: Not Found for url: https://api.ashbyhq.com/posting-api/job-board/nen?includeCompensation=true
2026-09-28 09:54:37,125 | INFO | START | Ashby | https://jobs.ashbyhq.com/gridverify
2026-09-28 09:54:37,203 | INFO | SUCCESS | Ashby | https://jobs.ashbyhq.com/gridverify | jobs=5
2026-09-28 09:54:37,203 | INFO | START | Ashby | https://jobs.ashbyhq.com/graphyte
2026-09-28 09:54:37,290 | INFO | SUCCESS | Ashby | https://jobs.ashbyhq.com/graphyte | jobs=1
2026-09-28 09:54:37,290 | INFO | START | Ashby | https://jobs.ashbyhq.com/bigeye
2026-09-28 09:54:37,446 | ERROR | FAILED | Ashby | https://jobs.ashbyhq.com/bigeye | error=404 Client Error: Not Found for url: https://api.ashbyhq.com/posting-api/job-board/bigeye?includeCompensation=true
2026-09-28 09:54:37,449 | INFO | START | Ashby | https://jobs.ashbyhq.com/windborne-systems
2026-09-28 09:54:37,543 | INFO | SUCCESS | Ashby | https://jobs.ashbyhq.com/windborne-systems | jobs=19
2026-09-28 09:54:37,543 | INFO | START | Lever | https://jobs.lever.co/tildei
2026-09-28 09:54:37,849 | INFO | SUCCESS | Lever | https://jobs.lever.co/tildei | jobs=1
2026-09-28 09:54:37,849 | INFO | START | Lever | https://jobs.lever.co/crewapp
2026-09-28 09:54:38,197 | ERROR | FAILED | Lever | https://jobs.lever.co/crewapp | error=404 Client Error: Not Found for url: https://api.lever.co/v0/postings/crewapp?mode=json
2026-09-28 09:54:38,200 | INFO | START | Lever | https://jobs.lever.co/mulhalls
2026-09-28 09:54:38,694 | INFO | SUCCESS | Lever | https://jobs.lever.co/mulhalls | jobs=6
2026-09-28 09:54:38,694 | INFO | START | Lever | https://jobs.lever.co/straitcapital
2026-09-28 09:54:39,085 | ERROR | FAILED | Lever | https://jobs.lever.co/straitcapital | error=404 Client Error: Not Found for url: https://api.lever.co/v0/postings/straitcapital?mode=json
2026-09-28 09:54:39,088 | INFO | START | Lever | https://jobs.lever.co/lqdigital
2026-09-28 09:54:39,386 | INFO | SUCCESS | Lever | https://jobs.lever.co/lqdigital | jobs=0
2026-09-28 09:54:39,386 | INFO | START | Lever | https://jobs.lever.co/d-one
2026-09-28 09:54:39,776 | ERROR | FAILED | Lever | https://jobs.lever.co/d-one | error=404 Client Error: Not Found for url: https://api.lever.co/v0/postings/d-one?mode=json
2026-09-28 09:54:39,780 | INFO | START | Lever | https://jobs.lever.co/Rebuilt
2026-09-28 09:54:40,136 | ERROR | FAILED | Lever | https://jobs.lever.co/Rebuilt | error=404 Client Error: Not Found for url: https://api.lever.co/v0/postings/Rebuilt?mode=json
2026-09-28 09:54:40,139 | INFO | START | Lever | https://jobs.lever.co/doranjones
2026-09-28 09:54:40,448 | INFO | SUCCESS | Lever | https://jobs.lever.co/doranjones | jobs=1
2026-09-28 09:54:40,448 | INFO | START | Lever | https://jobs.lever.co/robust-ai
2026-09-28 09:54:40,962 | INFO | SUCCESS | Lever | https://jobs.lever.co/robust-ai | jobs=5
2026-09-28 09:54:40,962 | INFO | START | Lever | https://jobs.lever.co/chec
2026-09-28 09:54:41,343 | ERROR | FAILED | Lever | https://jobs.lever.co/chec | error=404 Client Error: Not Found for url: https://api.lever.co/v0/postings/chec?mode=json
2026-09-28 09:54:41,347 | INFO | START | Greenhouse | https://job-boards.greenhouse.io/foodcorps
2026-09-28 09:54:41,466 | ERROR | FAILED | Greenhouse | https://job-boards.greenhouse.io/foodcorps | error=404 Client Error: Not Found for url: https://boards-api.greenhouse.io/v1/boards/foodcorps/jobs?content=true
2026-09-28 09:54:41,468 | INFO | START | Greenhouse | https://job-boards.greenhouse.io/casetify
2026-09-28 09:54:41,713 | INFO | SUCCESS | Greenhouse | https://job-boards.greenhouse.io/casetify | jobs=63
2026-09-28 09:54:41,713 | INFO | START | Greenhouse | https://job-boards.greenhouse.io/happifyhealth
2026-09-28 09:54:41,816 | ERROR | FAILED | Greenhouse | https://job-boards.greenhouse.io/happifyhealth | error=404 Client Error: Not Found for url: https://boards-api.greenhouse.io/v1/boards/happifyhealth/jobs?content=true
2026-09-28 09:54:41,817 | INFO | START | Greenhouse | https://job-boards.greenhouse.io/bird
2026-09-28 09:54:42,012 | INFO | SUCCESS | Greenhouse | https://job-boards.greenhouse.io/bird | jobs=31
2026-09-28 09:54:42,012 | INFO | START | Greenhouse | https://job-boards.greenhouse.io/dremio
2026-09-28 09:54:42,186 | INFO | SUCCESS | Greenhouse | https://job-boards.greenhouse.io/dremio | jobs=7
2026-09-28 09:54:42,186 | INFO | START | Greenhouse | https://job-boards.greenhouse.io/sterling
2026-09-28 09:54:42,297 | INFO | SUCCESS | Greenhouse | https://job-boards.greenhouse.io/sterling | jobs=2
2026-09-28 09:54:42,297 | INFO | START | Greenhouse | https://job-boards.greenhouse.io/parkmobileus
2026-09-28 09:54:42,417 | ERROR | FAILED | Greenhouse | https://job-boards.greenhouse.io/parkmobileus | error=404 Client Error: Not Found for url: https://boards-api.greenhouse.io/v1/boards/parkmobileus/jobs?content=true
2026-09-28 09:54:42,419 | INFO | START | Greenhouse | https://job-boards.greenhouse.io/merchantsauto
2026-09-28 09:54:42,549 | INFO | SUCCESS | Greenhouse | https://job-boards.greenhouse.io/merchantsauto | jobs=1
2026-09-28 09:54:42,549 | INFO | START | Greenhouse | https://job-boards.greenhouse.io/canopytax
2026-09-28 09:54:42,797 | INFO | SUCCESS | Greenhouse | https://job-boards.greenhouse.io/canopytax | jobs=12
2026-09-28 09:54:42,797 | INFO | START | Greenhouse | https://job-boards.greenhouse.io/straitsx
2026-09-28 09:54:42,929 | INFO | SUCCESS | Greenhouse | https://job-boards.greenhouse.io/straitsx | jobs=25
2026-09-28 09:54:42,930 | INFO | START | Greenhouse | https://job-boards.greenhouse.io/nycedc
2026-09-28 09:54:43,196 | INFO | SUCCESS | Greenhouse | https://job-boards.greenhouse.io/nycedc | jobs=32
2026-09-28 09:54:43,196 | INFO | START | Greenhouse | https://job-boards.greenhouse.io/fractalteam
2026-09-28 09:54:43,306 | ERROR | FAILED | Greenhouse | https://job-boards.greenhouse.io/fractalteam | error=404 Client Error: Not Found for url: https://boards-api.greenhouse.io/v1/boards/fractalteam/jobs?content=true
2026-09-28 09:54:43,307 | INFO | START | Greenhouse | https://job-boards.greenhouse.io/abdielcapital
2026-09-28 09:54:43,422 | INFO | SUCCESS | Greenhouse | https://job-boards.greenhouse.io/abdielcapital | jobs=0
2026-09-28 09:54:43,423 | INFO | START | Greenhouse | https://job-boards.greenhouse.io/github
2026-09-28 09:54:43,536 | ERROR | FAILED | Greenhouse | https://job-boards.greenhouse.io/github | error=404 Client Error: Not Found for url: https://boards-api.greenhouse.io/v1/boards/github/jobs?content=true
2026-09-28 09:54:43,537 | INFO | START | Greenhouse | https://job-boards.greenhouse.io/theplanningshopuk
2026-09-28 09:54:43,738 | INFO | SUCCESS | Greenhouse | https://job-boards.greenhouse.io/theplanningshopuk | jobs=0
2026-09-28 09:54:43,738 | INFO | START | Greenhouse | https://job-boards.greenhouse.io/mcafee
2026-09-28 09:54:43,870 | INFO | SUCCESS | Greenhouse | https://job-boards.greenhouse.io/mcafee | jobs=1
2026-09-28 09:54:43,870 | INFO | START | Greenhouse | https://job-boards.greenhouse.io/peoplestrata
2026-09-28 09:54:43,990 | INFO | SUCCESS | Greenhouse | https://job-boards.greenhouse.io/peoplestrata | jobs=0
2026-09-28 09:54:43,990 | INFO | START | Greenhouse | https://job-boards.greenhouse.io/c3
2026-09-28 09:54:44,116 | ERROR | FAILED | Greenhouse | https://job-boards.greenhouse.io/c3 | error=404 Client Error: Not Found for url: https://boards-api.greenhouse.io/v1/boards/c3/jobs?content=true
2026-09-28 09:54:44,118 | INFO | START | Greenhouse | https://job-boards.greenhouse.io/vsapartners
2026-09-28 09:54:44,368 | INFO | SUCCESS | Greenhouse | https://job-boards.greenhouse.io/vsapartners | jobs=11
2026-09-28 09:54:44,368 | INFO | START | Greenhouse | https://job-boards.greenhouse.io/zeel
2026-09-28 09:54:44,475 | ERROR | FAILED | Greenhouse | https://job-boards.greenhouse.io/zeel | error=404 Client Error: Not Found for url: https://boards-api.greenhouse.io/v1/boards/zeel/jobs?content=true
2026-09-28 09:54:44,475 | INFO | START | Ashby | https://jobs.ashbyhq.com/fastapicloud
2026-09-28 09:54:44,622 | ERROR | FAILED | Ashby | https://jobs.ashbyhq.com/fastapicloud | error=404 Client Error: Not Found for url: https://api.ashbyhq.com/posting-api/job-board/fastapicloud?includeCompensation=true
2026-09-28 09:54:44,625 | INFO | START | Ashby | https://jobs.ashbyhq.com/netgear
2026-09-28 09:54:44,860 | INFO | SUCCESS | Ashby | https://jobs.ashbyhq.com/netgear | jobs=51
2026-09-28 09:54:44,860 | INFO | START | Ashby | https://jobs.ashbyhq.com/base-operations
2026-09-28 09:54:44,982 | INFO | SUCCESS | Ashby | https://jobs.ashbyhq.com/base-operations | jobs=1
2026-09-28 09:54:44,983 | INFO | START | Ashby | https://jobs.ashbyhq.com/vultr
2026-09-28 09:54:45,096 | INFO | SUCCESS | Ashby | https://jobs.ashbyhq.com/vultr | jobs=53
2026-09-28 09:54:45,096 | INFO | START | Ashby | https://jobs.ashbyhq.com/Voya%20Energy
2026-09-28 09:54:45,169 | INFO | SUCCESS | Ashby | https://jobs.ashbyhq.com/Voya%20Energy | jobs=6
2026-09-28 09:54:45,169 | INFO | START | Ashby | https://jobs.ashbyhq.com/mexdigital
2026-09-28 09:54:45,335 | INFO | SUCCESS | Ashby | https://jobs.ashbyhq.com/mexdigital | jobs=14
2026-09-28 09:54:45,336 | INFO | START | Ashby | https://jobs.ashbyhq.com/zodl
2026-09-28 09:54:45,429 | INFO | SUCCESS | Ashby | https://jobs.ashbyhq.com/zodl | jobs=2
2026-09-28 09:54:45,430 | INFO | START | Ashby | https://jobs.ashbyhq.com/positive-development
2026-09-28 09:54:45,528 | INFO | SUCCESS | Ashby | https://jobs.ashbyhq.com/positive-development | jobs=56
2026-09-28 09:54:45,528 | INFO | START | Ashby | https://jobs.ashbyhq.com/arda-therapeutics
2026-09-28 09:54:45,619 | INFO | SUCCESS | Ashby | https://jobs.ashbyhq.com/arda-therapeutics | jobs=0
2026-09-28 09:54:45,619 | INFO | START | Ashby | https://jobs.ashbyhq.com/aryahealth.ai
2026-09-28 09:54:45,709 | INFO | SUCCESS | Ashby | https://jobs.ashbyhq.com/aryahealth.ai | jobs=14
2026-09-28 09:54:45,709 | INFO | START | Ashby | https://jobs.ashbyhq.com/abstraction.games
2026-09-28 09:54:45,876 | INFO | SUCCESS | Ashby | https://jobs.ashbyhq.com/abstraction.games | jobs=1
2026-09-28 09:54:45,877 | INFO | START | Ashby | https://jobs.ashbyhq.com/regent
2026-09-28 09:54:45,981 | INFO | SUCCESS | Ashby | https://jobs.ashbyhq.com/regent | jobs=28
2026-09-28 09:54:45,981 | INFO | START | Ashby | https://jobs.ashbyhq.com/hearth
2026-09-28 09:54:46,059 | ERROR | FAILED | Ashby | https://jobs.ashbyhq.com/hearth | error=404 Client Error: Not Found for url: https://api.ashbyhq.com/posting-api/job-board/hearth?includeCompensation=true
2026-09-28 09:54:46,060 | INFO | START | Ashby | https://jobs.ashbyhq.com/mistral.ai
2026-09-28 09:54:46,265 | INFO | SUCCESS | Ashby | https://jobs.ashbyhq.com/mistral.ai | jobs=210
2026-09-28 09:54:46,265 | INFO | START | Ashby | https://jobs.ashbyhq.com/impulse
2026-09-28 09:54:46,436 | INFO | SUCCESS | Ashby | https://jobs.ashbyhq.com/impulse | jobs=2
2026-09-28 09:54:46,436 | INFO | START | Ashby | https://jobs.ashbyhq.com/nen
2026-09-28 09:54:46,519 | ERROR | FAILED | Ashby | https://jobs.ashbyhq.com/nen | error=404 Client Error: Not Found for url: https://api.ashbyhq.com/posting-api/job-board/nen?includeCompensation=true
2026-09-28 09:54:46,520 | INFO | START | Ashby | https://jobs.ashbyhq.com/gridverify
2026-09-28 09:54:46,600 | INFO | SUCCESS | Ashby | https://jobs.ashbyhq.com/gridverify | jobs=5
2026-09-28 09:54:46,600 | INFO | START | Ashby | https://jobs.ashbyhq.com/graphyte
2026-09-28 09:54:46,678 | INFO | SUCCESS | Ashby | https://jobs.ashbyhq.com/graphyte | jobs=1
2026-09-28 09:54:46,678 | INFO | START | Ashby | https://jobs.ashbyhq.com/bigeye
2026-09-28 09:54:46,756 | ERROR | FAILED | Ashby | https://jobs.ashbyhq.com/bigeye | error=404 Client Error: Not Found for url: https://api.ashbyhq.com/posting-api/job-board/bigeye?includeCompensation=true
2026-09-28 09:54:46,757 | INFO | START | Ashby | https://jobs.ashbyhq.com/windborne-systems
2026-09-28 09:54:46,942 | INFO | SUCCESS | Ashby | https://jobs.ashbyhq.com/windborne-systems | jobs=19
2026-09-28 09:54:46,942 | INFO | START | Lever | https://jobs.lever.co/tildei
2026-09-28 09:54:47,263 | INFO | SUCCESS | Lever | https://jobs.lever.co/tildei | jobs=1
2026-09-28 09:54:47,263 | INFO | START | Lever | https://jobs.lever.co/crewapp
2026-09-28 09:54:47,632 | ERROR | FAILED | Lever | https://jobs.lever.co/crewapp | error=404 Client Error: Not Found for url: https://api.lever.co/v0/postings/crewapp?mode=json
2026-09-28 09:54:47,635 | INFO | START | Lever | https://jobs.lever.co/mulhalls
2026-09-28 09:54:48,135 | INFO | SUCCESS | Lever | https://jobs.lever.co/mulhalls | jobs=6
2026-09-28 09:54:48,135 | INFO | START | Lever | https://jobs.lever.co/straitcapital
2026-09-28 09:54:48,532 | ERROR | FAILED | Lever | https://jobs.lever.co/straitcapital | error=404 Client Error: Not Found for url: https://api.lever.co/v0/postings/straitcapital?mode=json
2026-09-28 09:54:48,534 | INFO | START | Lever | https://jobs.lever.co/lqdigital
2026-09-28 09:54:48,841 | INFO | SUCCESS | Lever | https://jobs.lever.co/lqdigital | jobs=0
2026-09-28 09:54:48,841 | INFO | START | Lever | https://jobs.lever.co/d-one
2026-09-28 09:54:49,212 | ERROR | FAILED | Lever | https://jobs.lever.co/d-one | error=404 Client Error: Not Found for url: https://api.lever.co/v0/postings/d-one?mode=json
2026-09-28 09:54:49,214 | INFO | START | Lever | https://jobs.lever.co/Rebuilt
2026-09-28 09:54:49,569 | ERROR | FAILED | Lever | https://jobs.lever.co/Rebuilt | error=404 Client Error: Not Found for url: https://api.lever.co/v0/postings/Rebuilt?mode=json
2026-09-28 09:54:49,571 | INFO | START | Lever | https://jobs.lever.co/doranjones
2026-09-28 09:54:49,884 | INFO | SUCCESS | Lever | https://jobs.lever.co/doranjones | jobs=1
2026-09-28 09:54:49,884 | INFO | START | Lever | https://jobs.lever.co/robust-ai
2026-09-28 09:54:50,437 | INFO | SUCCESS | Lever | https://jobs.lever.co/robust-ai | jobs=5
2026-09-28 09:54:50,437 | INFO | START | Lever | https://jobs.lever.co/chec
2026-09-28 09:54:51,672 | ERROR | FAILED | Lever | https://jobs.lever.co/chec | error=404 Client Error: Not Found for url: https://api.lever.co/v0/postings/chec?mode=json
2026-09-28 09:54:51,676 | INFO | START | Greenhouse | https://job-boards.greenhouse.io/foodcorps
2026-09-28 09:54:51,797 | ERROR | FAILED | Greenhouse | https://job-boards.greenhouse.io/foodcorps | error=404 Client Error: Not Found for url: https://boards-api.greenhouse.io/v1/boards/foodcorps/jobs?content=true
2026-09-28 09:54:51,800 | INFO | START | Greenhouse | https://job-boards.greenhouse.io/casetify
2026-09-28 09:54:51,994 | INFO | SUCCESS | Greenhouse | https://job-boards.greenhouse.io/casetify | jobs=63
2026-09-28 09:54:51,994 | INFO | START | Greenhouse | https://job-boards.greenhouse.io/happifyhealth
2026-09-28 09:54:52,176 | ERROR | FAILED | Greenhouse | https://job-boards.greenhouse.io/happifyhealth | error=404 Client Error: Not Found for url: https://boards-api.greenhouse.io/v1/boards/happifyhealth/jobs?content=true
2026-09-28 09:54:52,179 | INFO | START | Greenhouse | https://job-boards.greenhouse.io/bird
2026-09-28 09:54:52,364 | INFO | SUCCESS | Greenhouse | https://job-boards.greenhouse.io/bird | jobs=31
2026-09-28 09:54:52,365 | INFO | START | Greenhouse | https://job-boards.greenhouse.io/dremio
2026-09-28 09:54:52,489 | INFO | SUCCESS | Greenhouse | https://job-boards.greenhouse.io/dremio | jobs=7
2026-09-28 09:54:52,489 | INFO | START | Greenhouse | https://job-boards.greenhouse.io/sterling
2026-09-28 09:54:52,656 | INFO | SUCCESS | Greenhouse | https://job-boards.greenhouse.io/sterling | jobs=2
2026-09-28 09:54:52,656 | INFO | START | Greenhouse | https://job-boards.greenhouse.io/parkmobileus
2026-09-28 09:54:52,768 | ERROR | FAILED | Greenhouse | https://job-boards.greenhouse.io/parkmobileus | error=404 Client Error: Not Found for url: https://boards-api.greenhouse.io/v1/boards/parkmobileus/jobs?content=true
2026-09-28 09:54:52,769 | INFO | START | Greenhouse | https://job-boards.greenhouse.io/merchantsauto
2026-09-28 09:54:52,900 | INFO | SUCCESS | Greenhouse | https://job-boards.greenhouse.io/merchantsauto | jobs=1
2026-09-28 09:54:52,900 | INFO | START | Greenhouse | https://job-boards.greenhouse.io/canopytax
2026-09-28 09:54:53,067 | INFO | SUCCESS | Greenhouse | https://job-boards.greenhouse.io/canopytax | jobs=12
2026-09-28 09:54:53,067 | INFO | START | Greenhouse | https://job-boards.greenhouse.io/straitsx
2026-09-28 09:54:53,317 | INFO | SUCCESS | Greenhouse | https://job-boards.greenhouse.io/straitsx | jobs=25
2026-09-28 09:54:53,318 | INFO | START | Greenhouse | https://job-boards.greenhouse.io/nycedc
2026-09-28 09:54:53,612 | INFO | SUCCESS | Greenhouse | https://job-boards.greenhouse.io/nycedc | jobs=32
2026-09-28 09:54:53,612 | INFO | START | Greenhouse | https://job-boards.greenhouse.io/fractalteam
2026-09-28 09:54:53,810 | ERROR | FAILED | Greenhouse | https://job-boards.greenhouse.io/fractalteam | error=404 Client Error: Not Found for url: https://boards-api.greenhouse.io/v1/boards/fractalteam/jobs?content=true
2026-09-28 09:54:53,821 | INFO | START | Greenhouse | https://job-boards.greenhouse.io/abdielcapital
2026-09-28 09:54:53,926 | INFO | SUCCESS | Greenhouse | https://job-boards.greenhouse.io/abdielcapital | jobs=0
2026-09-28 09:54:53,926 | INFO | START | Greenhouse | https://job-boards.greenhouse.io/github
2026-09-28 09:54:54,035 | ERROR | FAILED | Greenhouse | https://job-boards.greenhouse.io/github | error=404 Client Error: Not Found for url: https://boards-api.greenhouse.io/v1/boards/github/jobs?content=true
2026-09-28 09:54:54,035 | INFO | START | Greenhouse | https://job-boards.greenhouse.io/theplanningshopuk
2026-09-28 09:54:54,226 | INFO | SUCCESS | Greenhouse | https://job-boards.greenhouse.io/theplanningshopuk | jobs=0
2026-09-28 09:54:54,226 | INFO | START | Greenhouse | https://job-boards.greenhouse.io/mcafee
2026-09-28 09:54:54,364 | INFO | SUCCESS | Greenhouse | https://job-boards.greenhouse.io/mcafee | jobs=1
2026-09-28 09:54:54,364 | INFO | START | Greenhouse | https://job-boards.greenhouse.io/peoplestrata
2026-09-28 09:54:54,482 | INFO | SUCCESS | Greenhouse | https://job-boards.greenhouse.io/peoplestrata | jobs=0
2026-09-28 09:54:54,482 | INFO | START | Greenhouse | https://job-boards.greenhouse.io/c3
2026-09-28 09:54:54,599 | ERROR | FAILED | Greenhouse | https://job-boards.greenhouse.io/c3 | error=404 Client Error: Not Found for url: https://boards-api.greenhouse.io/v1/boards/c3/jobs?content=true
2026-09-28 09:54:54,601 | INFO | START | Greenhouse | https://job-boards.greenhouse.io/vsapartners
2026-09-28 09:54:54,848 | INFO | SUCCESS | Greenhouse | https://job-boards.greenhouse.io/vsapartners | jobs=11
2026-09-28 09:54:54,848 | INFO | START | Greenhouse | https://job-boards.greenhouse.io/zeel
2026-09-28 09:54:55,013 | ERROR | FAILED | Greenhouse | https://job-boards.greenhouse.io/zeel | error=404 Client Error: Not Found for url: https://boards-api.greenhouse.io/v1/boards/zeel/jobs?content=true
2026-09-28 09:54:55,014 | INFO | START | Ashby | https://jobs.ashbyhq.com/fastapicloud
2026-09-28 09:54:55,098 | ERROR | FAILED | Ashby | https://jobs.ashbyhq.com/fastapicloud | error=404 Client Error: Not Found for url: https://api.ashbyhq.com/posting-api/job-board/fastapicloud?includeCompensation=true
2026-09-28 09:54:55,099 | INFO | START | Ashby | https://jobs.ashbyhq.com/netgear
2026-09-28 09:54:55,294 | INFO | SUCCESS | Ashby | https://jobs.ashbyhq.com/netgear | jobs=51
2026-09-28 09:54:55,295 | INFO | START | Ashby | https://jobs.ashbyhq.com/base-operations
2026-09-28 09:54:55,413 | INFO | SUCCESS | Ashby | https://jobs.ashbyhq.com/base-operations | jobs=1
2026-09-28 09:54:55,413 | INFO | START | Ashby | https://jobs.ashbyhq.com/vultr
2026-09-28 09:54:55,524 | INFO | SUCCESS | Ashby | https://jobs.ashbyhq.com/vultr | jobs=53
2026-09-28 09:54:55,524 | INFO | START | Ashby | https://jobs.ashbyhq.com/Voya%20Energy
2026-09-28 09:54:55,614 | INFO | SUCCESS | Ashby | https://jobs.ashbyhq.com/Voya%20Energy | jobs=6
2026-09-28 09:54:55,614 | INFO | START | Ashby | https://jobs.ashbyhq.com/mexdigital
2026-09-28 09:54:55,696 | INFO | SUCCESS | Ashby | https://jobs.ashbyhq.com/mexdigital | jobs=14
2026-09-28 09:54:55,696 | INFO | START | Ashby | https://jobs.ashbyhq.com/zodl
2026-09-28 09:54:55,867 | INFO | SUCCESS | Ashby | https://jobs.ashbyhq.com/zodl | jobs=2
2026-09-28 09:54:55,867 | INFO | START | Ashby | https://jobs.ashbyhq.com/positive-development
2026-09-28 09:54:55,975 | INFO | SUCCESS | Ashby | https://jobs.ashbyhq.com/positive-development | jobs=56
2026-09-28 09:54:55,975 | INFO | START | Ashby | https://jobs.ashbyhq.com/arda-therapeutics
2026-09-28 09:54:56,057 | INFO | SUCCESS | Ashby | https://jobs.ashbyhq.com/arda-therapeutics | jobs=0
2026-09-28 09:54:56,057 | INFO | START | Ashby | https://jobs.ashbyhq.com/aryahealth.ai
2026-09-28 09:54:56,140 | INFO | SUCCESS | Ashby | https://jobs.ashbyhq.com/aryahealth.ai | jobs=14
2026-09-28 09:54:56,140 | INFO | START | Ashby | https://jobs.ashbyhq.com/abstraction.games
2026-09-28 09:54:56,226 | INFO | SUCCESS | Ashby | https://jobs.ashbyhq.com/abstraction.games | jobs=1
2026-09-28 09:54:56,226 | INFO | START | Ashby | https://jobs.ashbyhq.com/regent
2026-09-28 09:54:56,414 | INFO | SUCCESS | Ashby | https://jobs.ashbyhq.com/regent | jobs=28
2026-09-28 09:54:56,414 | INFO | START | Ashby | https://jobs.ashbyhq.com/hearth
2026-09-28 09:54:56,487 | ERROR | FAILED | Ashby | https://jobs.ashbyhq.com/hearth | error=404 Client Error: Not Found for url: https://api.ashbyhq.com/posting-api/job-board/hearth?includeCompensation=true
2026-09-28 09:54:56,488 | INFO | START | Ashby | https://jobs.ashbyhq.com/mistral.ai
2026-09-28 09:54:56,675 | INFO | SUCCESS | Ashby | https://jobs.ashbyhq.com/mistral.ai | jobs=210
2026-09-28 09:54:56,675 | INFO | START | Ashby | https://jobs.ashbyhq.com/impulse
2026-09-28 09:54:56,744 | INFO | SUCCESS | Ashby | https://jobs.ashbyhq.com/impulse | jobs=2
2026-09-28 09:54:56,744 | INFO | START | Ashby | https://jobs.ashbyhq.com/nen
2026-09-28 09:54:56,913 | ERROR | FAILED | Ashby | https://jobs.ashbyhq.com/nen | error=404 Client Error: Not Found for url: https://api.ashbyhq.com/posting-api/job-board/nen?includeCompensation=true
2026-09-28 09:54:56,914 | INFO | START | Ashby | https://jobs.ashbyhq.com/gridverify
2026-09-28 09:54:56,995 | INFO | SUCCESS | Ashby | https://jobs.ashbyhq.com/gridverify | jobs=5
2026-09-28 09:54:56,995 | INFO | START | Ashby | https://jobs.ashbyhq.com/graphyte
2026-09-28 09:54:57,081 | INFO | SUCCESS | Ashby | https://jobs.ashbyhq.com/graphyte | jobs=1
2026-09-28 09:54:57,081 | INFO | START | Ashby | https://jobs.ashbyhq.com/bigeye
2026-09-28 09:54:57,162 | ERROR | FAILED | Ashby | https://jobs.ashbyhq.com/bigeye | error=404 Client Error: Not Found for url: https://api.ashbyhq.com/posting-api/job-board/bigeye?includeCompensation=true
2026-09-28 09:54:57,162 | INFO | START | Ashby | https://jobs.ashbyhq.com/windborne-systems
2026-09-28 09:54:57,264 | INFO | SUCCESS | Ashby | https://jobs.ashbyhq.com/windborne-systems | jobs=19
2026-09-28 09:54:57,264 | INFO | START | Lever | https://jobs.lever.co/tildei
2026-09-28 09:54:57,608 | INFO | SUCCESS | Lever | https://jobs.lever.co/tildei | jobs=1
2026-09-28 09:54:57,608 | INFO | START | Lever | https://jobs.lever.co/crewapp
2026-09-28 09:54:57,959 | ERROR | FAILED | Lever | https://jobs.lever.co/crewapp | error=404 Client Error: Not Found for url: https://api.lever.co/v0/postings/crewapp?mode=json
2026-09-28 09:54:57,963 | INFO | START | Lever | https://jobs.lever.co/mulhalls
2026-09-28 09:54:58,484 | INFO | SUCCESS | Lever | https://jobs.lever.co/mulhalls | jobs=6
2026-09-28 09:54:58,485 | INFO | START | Lever | https://jobs.lever.co/straitcapital
2026-09-28 09:54:58,785 | ERROR | FAILED | Lever | https://jobs.lever.co/straitcapital | error=404 Client Error: Not Found for url: https://api.lever.co/v0/postings/straitcapital?mode=json
2026-09-28 09:54:58,788 | INFO | START | Lever | https://jobs.lever.co/lqdigital
2026-09-28 09:55:00,604 | INFO | SUCCESS | Lever | https://jobs.lever.co/lqdigital | jobs=0
2026-09-28 09:55:00,605 | INFO | START | Lever | https://jobs.lever.co/d-one
2026-09-28 09:55:00,907 | ERROR | FAILED | Lever | https://jobs.lever.co/d-one | error=404 Client Error: Not Found for url: https://api.lever.co/v0/postings/d-one?mode=json
2026-09-28 09:55:00,909 | INFO | START | Lever | https://jobs.lever.co/Rebuilt
2026-09-28 09:55:01,291 | ERROR | FAILED | Lever | https://jobs.lever.co/Rebuilt | error=404 Client Error: Not Found for url: https://api.lever.co/v0/postings/Rebuilt?mode=json
2026-09-28 09:55:01,294 | INFO | START | Lever | https://jobs.lever.co/doranjones
2026-09-28 09:55:01,636 | INFO | SUCCESS | Lever | https://jobs.lever.co/doranjones | jobs=1
2026-09-28 09:55:01,637 | INFO | START | Lever | https://jobs.lever.co/robust-ai
2026-09-28 09:55:02,153 | INFO | SUCCESS | Lever | https://jobs.lever.co/robust-ai | jobs=5
2026-09-28 09:55:02,153 | INFO | START | Lever | https://jobs.lever.co/chec
2026-09-28 09:55:02,446 | ERROR | FAILED | Lever | https://jobs.lever.co/chec | error=404 Client Error: Not Found for url: https://api.lever.co/v0/postings/chec?mode=json
2026-09-28 09:55:02,448 | INFO | START | Greenhouse | https://job-boards.greenhouse.io/foodcorps
2026-09-28 09:55:02,611 | ERROR | FAILED | Greenhouse | https://job-boards.greenhouse.io/foodcorps | error=404 Client Error: Not Found for url: https://boards-api.greenhouse.io/v1/boards/foodcorps/jobs?content=true
2026-09-28 09:55:02,614 | INFO | START | Greenhouse | https://job-boards.greenhouse.io/casetify
2026-09-28 09:55:02,897 | INFO | SUCCESS | Greenhouse | https://job-boards.greenhouse.io/casetify | jobs=63
2026-09-28 09:55:02,897 | INFO | START | Greenhouse | https://job-boards.greenhouse.io/happifyhealth
2026-09-28 09:55:03,180 | ERROR | FAILED | Greenhouse | https://job-boards.greenhouse.io/happifyhealth | error=404 Client Error: Not Found for url: https://boards-api.greenhouse.io/v1/boards/happifyhealth/jobs?content=true
2026-09-28 09:55:03,183 | INFO | START | Greenhouse | https://job-boards.greenhouse.io/bird
2026-09-28 09:55:03,368 | INFO | SUCCESS | Greenhouse | https://job-boards.greenhouse.io/bird | jobs=31
2026-09-28 09:55:03,368 | INFO | START | Greenhouse | https://job-boards.greenhouse.io/dremio
2026-09-28 09:55:03,494 | INFO | SUCCESS | Greenhouse | https://job-boards.greenhouse.io/dremio | jobs=7
2026-09-28 09:55:03,494 | INFO | START | Greenhouse | https://job-boards.greenhouse.io/sterling
2026-09-28 09:55:03,668 | INFO | SUCCESS | Greenhouse | https://job-boards.greenhouse.io/sterling | jobs=2
2026-09-28 09:55:03,668 | INFO | START | Greenhouse | https://job-boards.greenhouse.io/parkmobileus
2026-09-28 09:55:06,130 | ERROR | FAILED | Greenhouse | https://job-boards.greenhouse.io/parkmobileus | error=404 Client Error: Not Found for url: https://boards-api.greenhouse.io/v1/boards/parkmobileus/jobs?content=true
2026-09-28 09:55:06,133 | INFO | START | Greenhouse | https://job-boards.greenhouse.io/merchantsauto
2026-09-28 09:55:06,401 | INFO | SUCCESS | Greenhouse | https://job-boards.greenhouse.io/merchantsauto | jobs=1
2026-09-28 09:55:06,401 | INFO | START | Greenhouse | https://job-boards.greenhouse.io/canopytax
2026-09-28 09:55:06,546 | INFO | SUCCESS | Greenhouse | https://job-boards.greenhouse.io/canopytax | jobs=12
2026-09-28 09:55:06,546 | INFO | START | Greenhouse | https://job-boards.greenhouse.io/straitsx
2026-09-28 09:55:06,684 | INFO | SUCCESS | Greenhouse | https://job-boards.greenhouse.io/straitsx | jobs=25
2026-09-28 09:55:06,684 | INFO | START | Greenhouse | https://job-boards.greenhouse.io/nycedc
2026-09-28 09:55:07,049 | INFO | SUCCESS | Greenhouse | https://job-boards.greenhouse.io/nycedc | jobs=32
2026-09-28 09:55:07,049 | INFO | START | Greenhouse | https://job-boards.greenhouse.io/fractalteam
2026-09-28 09:55:07,143 | ERROR | FAILED | Greenhouse | https://job-boards.greenhouse.io/fractalteam | error=404 Client Error: Not Found for url: https://boards-api.greenhouse.io/v1/boards/fractalteam/jobs?content=true
2026-09-28 09:55:07,144 | INFO | START | Greenhouse | https://job-boards.greenhouse.io/abdielcapital
2026-09-28 09:55:07,331 | INFO | SUCCESS | Greenhouse | https://job-boards.greenhouse.io/abdielcapital | jobs=0
2026-09-28 09:55:07,331 | INFO | START | Greenhouse | https://job-boards.greenhouse.io/github
2026-09-28 09:55:13,619 | ERROR | FAILED | Greenhouse | https://job-boards.greenhouse.io/github | error=404 Client Error: Not Found for url: https://boards-api.greenhouse.io/v1/boards/github/jobs?content=true
2026-09-28 09:55:13,622 | INFO | START | Greenhouse | https://job-boards.greenhouse.io/theplanningshopuk
2026-09-28 09:55:13,754 | INFO | SUCCESS | Greenhouse | https://job-boards.greenhouse.io/theplanningshopuk | jobs=0
2026-09-28 09:55:13,755 | INFO | START | Greenhouse | https://job-boards.greenhouse.io/mcafee
2026-09-28 09:55:13,882 | INFO | SUCCESS | Greenhouse | https://job-boards.greenhouse.io/mcafee | jobs=1
2026-09-28 09:55:13,882 | INFO | START | Greenhouse | https://job-boards.greenhouse.io/peoplestrata
2026-09-28 09:55:18,874 | INFO | SUCCESS | Greenhouse | https://job-boards.greenhouse.io/peoplestrata | jobs=0
2026-09-28 09:55:18,874 | INFO | START | Greenhouse | https://job-boards.greenhouse.io/c3
2026-09-28 09:55:19,000 | ERROR | FAILED | Greenhouse | https://job-boards.greenhouse.io/c3 | error=404 Client Error: Not Found for url: https://boards-api.greenhouse.io/v1/boards/c3/jobs?content=true
2026-09-28 09:55:19,003 | INFO | START | Greenhouse | https://job-boards.greenhouse.io/vsapartners
2026-09-28 09:55:19,152 | INFO | SUCCESS | Greenhouse | https://job-boards.greenhouse.io/vsapartners | jobs=11
2026-09-28 09:55:19,153 | INFO | START | Greenhouse | https://job-boards.greenhouse.io/zeel
2026-09-28 09:55:19,261 | ERROR | FAILED | Greenhouse | https://job-boards.greenhouse.io/zeel | error=404 Client Error: Not Found for url: https://boards-api.greenhouse.io/v1/boards/zeel/jobs?content=true
2026-09-28 09:55:19,262 | INFO | START | Ashby | https://jobs.ashbyhq.com/fastapicloud
2026-09-28 09:55:19,425 | ERROR | FAILED | Ashby | https://jobs.ashbyhq.com/fastapicloud | error=404 Client Error: Not Found for url: https://api.ashbyhq.com/posting-api/job-board/fastapicloud?includeCompensation=true
2026-09-28 09:55:19,429 | INFO | START | Ashby | https://jobs.ashbyhq.com/netgear
2026-09-28 09:55:19,570 | INFO | SUCCESS | Ashby | https://jobs.ashbyhq.com/netgear | jobs=51
2026-09-28 09:55:19,570 | INFO | START | Ashby | https://jobs.ashbyhq.com/base-operations
2026-09-28 09:55:19,670 | INFO | SUCCESS | Ashby | https://jobs.ashbyhq.com/base-operations | jobs=1
2026-09-28 09:55:19,671 | INFO | START | Ashby | https://jobs.ashbyhq.com/vultr
2026-09-28 09:55:19,788 | INFO | SUCCESS | Ashby | https://jobs.ashbyhq.com/vultr | jobs=53
2026-09-28 09:55:19,788 | INFO | START | Ashby | https://jobs.ashbyhq.com/Voya%20Energy
2026-09-28 09:55:19,961 | INFO | SUCCESS | Ashby | https://jobs.ashbyhq.com/Voya%20Energy | jobs=6
2026-09-28 09:55:19,962 | INFO | START | Ashby | https://jobs.ashbyhq.com/mexdigital
2026-09-28 09:55:20,054 | INFO | SUCCESS | Ashby | https://jobs.ashbyhq.com/mexdigital | jobs=14
2026-09-28 09:55:20,054 | INFO | START | Ashby | https://jobs.ashbyhq.com/zodl
2026-09-28 09:55:20,130 | INFO | SUCCESS | Ashby | https://jobs.ashbyhq.com/zodl | jobs=2
2026-09-28 09:55:20,130 | INFO | START | Ashby | https://jobs.ashbyhq.com/positive-development
2026-09-28 09:55:20,233 | INFO | SUCCESS | Ashby | https://jobs.ashbyhq.com/positive-development | jobs=56
2026-09-28 09:55:20,234 | INFO | START | Ashby | https://jobs.ashbyhq.com/arda-therapeutics
2026-09-28 09:55:20,310 | INFO | SUCCESS | Ashby | https://jobs.ashbyhq.com/arda-therapeutics | jobs=0
2026-09-28 09:55:20,310 | INFO | START | Ashby | https://jobs.ashbyhq.com/aryahealth.ai
2026-09-28 09:55:20,486 | INFO | SUCCESS | Ashby | https://jobs.ashbyhq.com/aryahealth.ai | jobs=14
2026-09-28 09:55:20,486 | INFO | START | Ashby | https://jobs.ashbyhq.com/abstraction.games
2026-09-28 09:55:20,585 | INFO | SUCCESS | Ashby | https://jobs.ashbyhq.com/abstraction.games | jobs=1
2026-09-28 09:55:20,585 | INFO | START | Ashby | https://jobs.ashbyhq.com/regent
2026-09-28 09:55:20,701 | INFO | SUCCESS | Ashby | https://jobs.ashbyhq.com/regent | jobs=28
2026-09-28 09:55:20,702 | INFO | START | Ashby | https://jobs.ashbyhq.com/hearth
2026-09-28 09:55:20,779 | ERROR | FAILED | Ashby | https://jobs.ashbyhq.com/hearth | error=404 Client Error: Not Found for url: https://api.ashbyhq.com/posting-api/job-board/hearth?includeCompensation=true
2026-09-28 09:55:20,780 | INFO | START | Ashby | https://jobs.ashbyhq.com/mistral.ai
2026-09-28 09:55:21,016 | INFO | SUCCESS | Ashby | https://jobs.ashbyhq.com/mistral.ai | jobs=210
2026-09-28 09:55:21,016 | INFO | START | Ashby | https://jobs.ashbyhq.com/impulse
2026-09-28 09:55:21,099 | INFO | SUCCESS | Ashby | https://jobs.ashbyhq.com/impulse | jobs=2
2026-09-28 09:55:21,099 | INFO | START | Ashby | https://jobs.ashbyhq.com/nen
2026-09-28 09:55:21,226 | ERROR | FAILED | Ashby | https://jobs.ashbyhq.com/nen | error=404 Client Error: Not Found for url: https://api.ashbyhq.com/posting-api/job-board/nen?includeCompensation=true
2026-09-28 09:55:21,228 | INFO | START | Ashby | https://jobs.ashbyhq.com/gridverify
2026-09-28 09:55:21,313 | INFO | SUCCESS | Ashby | https://jobs.ashbyhq.com/gridverify | jobs=5
2026-09-28 09:55:21,313 | INFO | START | Ashby | https://jobs.ashbyhq.com/graphyte
2026-09-28 09:55:21,490 | INFO | SUCCESS | Ashby | https://jobs.ashbyhq.com/graphyte | jobs=1
2026-09-28 09:55:21,490 | INFO | START | Ashby | https://jobs.ashbyhq.com/bigeye
2026-09-28 09:55:21,600 | ERROR | FAILED | Ashby | https://jobs.ashbyhq.com/bigeye | error=404 Client Error: Not Found for url: https://api.ashbyhq.com/posting-api/job-board/bigeye?includeCompensation=true
2026-09-28 09:55:21,601 | INFO | START | Ashby | https://jobs.ashbyhq.com/windborne-systems
2026-09-28 09:55:21,740 | INFO | SUCCESS | Ashby | https://jobs.ashbyhq.com/windborne-systems | jobs=19
2026-09-28 09:55:21,741 | INFO | START | Lever | https://jobs.lever.co/tildei
2026-09-28 09:55:22,169 | INFO | SUCCESS | Lever | https://jobs.lever.co/tildei | jobs=1
2026-09-28 09:55:22,169 | INFO | START | Lever | https://jobs.lever.co/crewapp
2026-09-28 09:55:22,540 | ERROR | FAILED | Lever | https://jobs.lever.co/crewapp | error=404 Client Error: Not Found for url: https://api.lever.co/v0/postings/crewapp?mode=json
2026-09-28 09:55:22,541 | INFO | START | Lever | https://jobs.lever.co/mulhalls
2026-09-28 09:55:22,967 | INFO | SUCCESS | Lever | https://jobs.lever.co/mulhalls | jobs=6
2026-09-28 09:55:22,967 | INFO | START | Lever | https://jobs.lever.co/straitcapital
2026-09-28 09:55:23,340 | ERROR | FAILED | Lever | https://jobs.lever.co/straitcapital | error=404 Client Error: Not Found for url: https://api.lever.co/v0/postings/straitcapital?mode=json
2026-09-28 09:55:23,343 | INFO | START | Lever | https://jobs.lever.co/lqdigital
2026-09-28 09:55:23,726 | INFO | SUCCESS | Lever | https://jobs.lever.co/lqdigital | jobs=0
2026-09-28 09:55:23,727 | INFO | START | Lever | https://jobs.lever.co/d-one
2026-09-28 09:55:24,109 | ERROR | FAILED | Lever | https://jobs.lever.co/d-one | error=404 Client Error: Not Found for url: https://api.lever.co/v0/postings/d-one?mode=json
2026-09-28 09:55:24,128 | INFO | START | Lever | https://jobs.lever.co/Rebuilt
2026-09-28 09:55:24,419 | ERROR | FAILED | Lever | https://jobs.lever.co/Rebuilt | error=404 Client Error: Not Found for url: https://api.lever.co/v0/postings/Rebuilt?mode=json
2026-09-28 09:55:24,421 | INFO | START | Lever | https://jobs.lever.co/doranjones
2026-09-28 09:55:24,788 | INFO | SUCCESS | Lever | https://jobs.lever.co/doranjones | jobs=1
2026-09-28 09:55:24,789 | INFO | START | Lever | https://jobs.lever.co/robust-ai
2026-09-28 09:55:25,283 | INFO | SUCCESS | Lever | https://jobs.lever.co/robust-ai | jobs=5
2026-09-28 09:55:25,283 | INFO | START | Lever | https://jobs.lever.co/chec
2026-09-28 09:55:25,584 | ERROR | FAILED | Lever | https://jobs.lever.co/chec | error=404 Client Error: Not Found for url: https://api.lever.co/v0/postings/chec?mode=json
2026-09-28 09:55:25,587 | INFO | START | Greenhouse | https://job-boards.greenhouse.io/foodcorps
2026-09-28 09:55:25,926 | ERROR | FAILED | Greenhouse | https://job-boards.greenhouse.io/foodcorps | error=404 Client Error: Not Found for url: https://boards-api.greenhouse.io/v1/boards/foodcorps/jobs?content=true
2026-09-28 09:55:25,929 | INFO | START | Greenhouse | https://job-boards.greenhouse.io/casetify
2026-09-28 09:55:43,056 | INFO | SUCCESS | Greenhouse | https://job-boards.greenhouse.io/casetify | jobs=63
2026-09-28 09:55:43,056 | INFO | START | Greenhouse | https://job-boards.greenhouse.io/happifyhealth
2026-09-28 09:55:43,159 | ERROR | FAILED | Greenhouse | https://job-boards.greenhouse.io/happifyhealth | error=404 Client Error: Not Found for url: https://boards-api.greenhouse.io/v1/boards/happifyhealth/jobs?content=true
2026-09-28 09:55:43,159 | INFO | START | Greenhouse | https://job-boards.greenhouse.io/bird
2026-09-28 09:55:43,330 | INFO | SUCCESS | Greenhouse | https://job-boards.greenhouse.io/bird | jobs=31
2026-09-28 09:55:43,330 | INFO | START | Greenhouse | https://job-boards.greenhouse.io/dremio
2026-09-28 09:55:43,531 | INFO | SUCCESS | Greenhouse | https://job-boards.greenhouse.io/dremio | jobs=7
2026-09-28 09:55:43,531 | INFO | START | Greenhouse | https://job-boards.greenhouse.io/sterling
2026-09-28 09:55:43,651 | INFO | SUCCESS | Greenhouse | https://job-boards.greenhouse.io/sterling | jobs=2
2026-09-28 09:55:43,651 | INFO | START | Greenhouse | https://job-boards.greenhouse.io/parkmobileus
2026-09-28 09:55:43,768 | ERROR | FAILED | Greenhouse | https://job-boards.greenhouse.io/parkmobileus | error=404 Client Error: Not Found for url: https://boards-api.greenhouse.io/v1/boards/parkmobileus/jobs?content=true
2026-09-28 09:55:43,768 | INFO | START | Greenhouse | https://job-boards.greenhouse.io/merchantsauto
2026-09-28 09:55:43,888 | INFO | SUCCESS | Greenhouse | https://job-boards.greenhouse.io/merchantsauto | jobs=1
2026-09-28 09:55:43,889 | INFO | START | Greenhouse | https://job-boards.greenhouse.io/canopytax
2026-09-28 09:55:44,138 | INFO | SUCCESS | Greenhouse | https://job-boards.greenhouse.io/canopytax | jobs=12
2026-09-28 09:55:44,138 | INFO | START | Greenhouse | https://job-boards.greenhouse.io/straitsx
2026-09-28 09:55:44,272 | INFO | SUCCESS | Greenhouse | https://job-boards.greenhouse.io/straitsx | jobs=25
2026-09-28 09:55:44,272 | INFO | START | Greenhouse | https://job-boards.greenhouse.io/nycedc
2026-09-28 09:55:44,538 | INFO | SUCCESS | Greenhouse | https://job-boards.greenhouse.io/nycedc | jobs=32
2026-09-28 09:55:44,538 | INFO | START | Greenhouse | https://job-boards.greenhouse.io/fractalteam
2026-09-28 09:55:44,646 | ERROR | FAILED | Greenhouse | https://job-boards.greenhouse.io/fractalteam | error=404 Client Error: Not Found for url: https://boards-api.greenhouse.io/v1/boards/fractalteam/jobs?content=true
2026-09-28 09:55:44,647 | INFO | START | Greenhouse | https://job-boards.greenhouse.io/abdielcapital
2026-09-28 09:55:44,752 | INFO | SUCCESS | Greenhouse | https://job-boards.greenhouse.io/abdielcapital | jobs=0
2026-09-28 09:55:44,756 | INFO | START | Greenhouse | https://job-boards.greenhouse.io/github
2026-09-28 09:55:44,868 | ERROR | FAILED | Greenhouse | https://job-boards.greenhouse.io/github | error=404 Client Error: Not Found for url: https://boards-api.greenhouse.io/v1/boards/github/jobs?content=true
2026-09-28 09:55:44,869 | INFO | START | Greenhouse | https://job-boards.greenhouse.io/theplanningshopuk
2026-09-28 09:55:45,076 | INFO | SUCCESS | Greenhouse | https://job-boards.greenhouse.io/theplanningshopuk | jobs=0
2026-09-28 09:55:45,076 | INFO | START | Greenhouse | https://job-boards.greenhouse.io/mcafee
2026-09-28 09:55:45,204 | INFO | SUCCESS | Greenhouse | https://job-boards.greenhouse.io/mcafee | jobs=1
2026-09-28 09:55:45,204 | INFO | START | Greenhouse | https://job-boards.greenhouse.io/peoplestrata
2026-09-28 09:55:45,320 | INFO | SUCCESS | Greenhouse | https://job-boards.greenhouse.io/peoplestrata | jobs=0
2026-09-28 09:55:45,320 | INFO | START | Greenhouse | https://job-boards.greenhouse.io/c3
2026-09-28 09:55:45,433 | ERROR | FAILED | Greenhouse | https://job-boards.greenhouse.io/c3 | error=404 Client Error: Not Found for url: https://boards-api.greenhouse.io/v1/boards/c3/jobs?content=true
2026-09-28 09:55:45,435 | INFO | START | Greenhouse | https://job-boards.greenhouse.io/vsapartners
2026-09-28 09:55:45,630 | INFO | SUCCESS | Greenhouse | https://job-boards.greenhouse.io/vsapartners | jobs=11
2026-09-28 09:55:45,630 | INFO | START | Greenhouse | https://job-boards.greenhouse.io/zeel
2026-09-28 09:55:45,731 | ERROR | FAILED | Greenhouse | https://job-boards.greenhouse.io/zeel | error=404 Client Error: Not Found for url: https://boards-api.greenhouse.io/v1/boards/zeel/jobs?content=true
2026-09-28 09:55:45,732 | INFO | START | Ashby | https://jobs.ashbyhq.com/fastapicloud
2026-09-28 09:55:45,859 | ERROR | FAILED | Ashby | https://jobs.ashbyhq.com/fastapicloud | error=404 Client Error: Not Found for url: https://api.ashbyhq.com/posting-api/job-board/fastapicloud?includeCompensation=true
2026-09-28 09:55:45,860 | INFO | START | Ashby | https://jobs.ashbyhq.com/netgear
2026-09-28 09:55:45,982 | INFO | SUCCESS | Ashby | https://jobs.ashbyhq.com/netgear | jobs=51
2026-09-28 09:55:45,983 | INFO | START | Ashby | https://jobs.ashbyhq.com/base-operations
2026-09-28 09:55:46,161 | INFO | SUCCESS | Ashby | https://jobs.ashbyhq.com/base-operations | jobs=1
2026-09-28 09:55:46,161 | INFO | START | Ashby | https://jobs.ashbyhq.com/vultr
2026-09-28 09:55:46,281 | INFO | SUCCESS | Ashby | https://jobs.ashbyhq.com/vultr | jobs=53
2026-09-28 09:55:46,281 | INFO | START | Ashby | https://jobs.ashbyhq.com/Voya%20Energy
2026-09-28 09:55:46,370 | INFO | SUCCESS | Ashby | https://jobs.ashbyhq.com/Voya%20Energy | jobs=6
2026-09-28 09:55:46,370 | INFO | START | Ashby | https://jobs.ashbyhq.com/mexdigital
2026-09-28 09:55:46,453 | INFO | SUCCESS | Ashby | https://jobs.ashbyhq.com/mexdigital | jobs=14
2026-09-28 09:55:46,453 | INFO | START | Ashby | https://jobs.ashbyhq.com/zodl
2026-09-28 09:55:46,527 | INFO | SUCCESS | Ashby | https://jobs.ashbyhq.com/zodl | jobs=2
2026-09-28 09:55:46,527 | INFO | START | Ashby | https://jobs.ashbyhq.com/positive-development
2026-09-28 09:55:46,711 | INFO | SUCCESS | Ashby | https://jobs.ashbyhq.com/positive-development | jobs=56
2026-09-28 09:55:46,711 | INFO | START | Ashby | https://jobs.ashbyhq.com/arda-therapeutics
2026-09-28 09:55:46,794 | INFO | SUCCESS | Ashby | https://jobs.ashbyhq.com/arda-therapeutics | jobs=0
2026-09-28 09:55:46,795 | INFO | START | Ashby | https://jobs.ashbyhq.com/aryahealth.ai
2026-09-28 09:55:46,889 | INFO | SUCCESS | Ashby | https://jobs.ashbyhq.com/aryahealth.ai | jobs=14
2026-09-28 09:55:46,890 | INFO | START | Ashby | https://jobs.ashbyhq.com/abstraction.games
2026-09-28 09:55:46,964 | INFO | SUCCESS | Ashby | https://jobs.ashbyhq.com/abstraction.games | jobs=1
2026-09-28 09:55:46,964 | INFO | START | Ashby | https://jobs.ashbyhq.com/regent
2026-09-28 09:55:47,056 | INFO | SUCCESS | Ashby | https://jobs.ashbyhq.com/regent | jobs=28
2026-09-28 09:55:47,056 | INFO | START | Ashby | https://jobs.ashbyhq.com/hearth
2026-09-28 09:55:47,260 | ERROR | FAILED | Ashby | https://jobs.ashbyhq.com/hearth | error=404 Client Error: Not Found for url: https://api.ashbyhq.com/posting-api/job-board/hearth?includeCompensation=true
2026-09-28 09:55:47,263 | INFO | START | Ashby | https://jobs.ashbyhq.com/mistral.ai
2026-09-28 09:55:47,591 | INFO | SUCCESS | Ashby | https://jobs.ashbyhq.com/mistral.ai | jobs=210
2026-09-28 09:55:47,591 | INFO | START | Ashby | https://jobs.ashbyhq.com/impulse
2026-09-28 09:55:47,769 | INFO | SUCCESS | Ashby | https://jobs.ashbyhq.com/impulse | jobs=2
2026-09-28 09:55:47,769 | INFO | START | Ashby | https://jobs.ashbyhq.com/nen
2026-09-28 09:55:47,852 | ERROR | FAILED | Ashby | https://jobs.ashbyhq.com/nen | error=404 Client Error: Not Found for url: https://api.ashbyhq.com/posting-api/job-board/nen?includeCompensation=true
2026-09-28 09:55:47,853 | INFO | START | Ashby | https://jobs.ashbyhq.com/gridverify
2026-09-28 09:55:47,934 | INFO | SUCCESS | Ashby | https://jobs.ashbyhq.com/gridverify | jobs=5
2026-09-28 09:55:47,934 | INFO | START | Ashby | https://jobs.ashbyhq.com/graphyte
2026-09-28 09:55:48,021 | INFO | SUCCESS | Ashby | https://jobs.ashbyhq.com/graphyte | jobs=1
2026-09-28 09:55:48,021 | INFO | START | Ashby | https://jobs.ashbyhq.com/bigeye
2026-09-28 09:55:48,220 | ERROR | FAILED | Ashby | https://jobs.ashbyhq.com/bigeye | error=404 Client Error: Not Found for url: https://api.ashbyhq.com/posting-api/job-board/bigeye?includeCompensation=true
2026-09-28 09:55:48,222 | INFO | START | Ashby | https://jobs.ashbyhq.com/windborne-systems
2026-09-28 09:55:48,327 | INFO | SUCCESS | Ashby | https://jobs.ashbyhq.com/windborne-systems | jobs=19
2026-09-28 09:55:48,327 | INFO | START | Lever | https://jobs.lever.co/tildei
2026-09-28 09:55:49,102 | INFO | SUCCESS | Lever | https://jobs.lever.co/tildei | jobs=1
2026-09-28 09:55:49,102 | INFO | START | Lever | https://jobs.lever.co/crewapp
2026-09-28 09:55:49,514 | ERROR | FAILED | Lever | https://jobs.lever.co/crewapp | error=404 Client Error: Not Found for url: https://api.lever.co/v0/postings/crewapp?mode=json
2026-09-28 09:55:49,516 | INFO | START | Lever | https://jobs.lever.co/mulhalls
2026-09-28 09:55:50,000 | INFO | SUCCESS | Lever | https://jobs.lever.co/mulhalls | jobs=6
2026-09-28 09:55:50,000 | INFO | START | Lever | https://jobs.lever.co/straitcapital
2026-09-28 09:55:50,318 | ERROR | FAILED | Lever | https://jobs.lever.co/straitcapital | error=404 Client Error: Not Found for url: https://api.lever.co/v0/postings/straitcapital?mode=json
2026-09-28 09:55:50,321 | INFO | START | Lever | https://jobs.lever.co/lqdigital
2026-09-28 09:55:50,625 | INFO | SUCCESS | Lever | https://jobs.lever.co/lqdigital | jobs=0
2026-09-28 09:55:50,626 | INFO | START | Lever | https://jobs.lever.co/d-one
2026-09-28 09:55:50,979 | ERROR | FAILED | Lever | https://jobs.lever.co/d-one | error=404 Client Error: Not Found for url: https://api.lever.co/v0/postings/d-one?mode=json
2026-09-28 09:55:50,982 | INFO | START | Lever | https://jobs.lever.co/Rebuilt
2026-09-28 09:55:51,275 | ERROR | FAILED | Lever | https://jobs.lever.co/Rebuilt | error=404 Client Error: Not Found for url: https://api.lever.co/v0/postings/Rebuilt?mode=json
2026-09-28 09:55:51,278 | INFO | START | Lever | https://jobs.lever.co/doranjones
2026-09-28 09:55:51,662 | INFO | SUCCESS | Lever | https://jobs.lever.co/doranjones | jobs=1
2026-09-28 09:55:51,662 | INFO | START | Lever | https://jobs.lever.co/robust-ai
2026-09-28 09:55:52,180 | INFO | SUCCESS | Lever | https://jobs.lever.co/robust-ai | jobs=5
2026-09-28 09:55:52,180 | INFO | START | Lever | https://jobs.lever.co/chec
2026-09-28 09:55:52,547 | ERROR | FAILED | Lever | https://jobs.lever.co/chec | error=404 Client Error: Not Found for url: https://api.lever.co/v0/postings/chec?mode=json
2026-09-28 09:55:52,550 | INFO | START | Greenhouse | https://job-boards.greenhouse.io/foodcorps
2026-09-28 09:55:52,671 | ERROR | FAILED | Greenhouse | https://job-boards.greenhouse.io/foodcorps | error=404 Client Error: Not Found for url: https://boards-api.greenhouse.io/v1/boards/foodcorps/jobs?content=true
2026-09-28 09:55:52,674 | INFO | START | Greenhouse | https://job-boards.greenhouse.io/casetify
2026-09-28 09:55:52,874 | INFO | SUCCESS | Greenhouse | https://job-boards.greenhouse.io/casetify | jobs=63
2026-09-28 09:55:52,874 | INFO | START | Greenhouse | https://job-boards.greenhouse.io/happifyhealth
2026-09-28 09:55:53,035 | ERROR | FAILED | Greenhouse | https://job-boards.greenhouse.io/happifyhealth | error=404 Client Error: Not Found for url: https://boards-api.greenhouse.io/v1/boards/happifyhealth/jobs?content=true
2026-09-28 09:55:53,035 | INFO | START | Greenhouse | https://job-boards.greenhouse.io/bird
2026-09-28 09:55:53,218 | INFO | SUCCESS | Greenhouse | https://job-boards.greenhouse.io/bird | jobs=31
2026-09-28 09:55:53,218 | INFO | START | Greenhouse | https://job-boards.greenhouse.io/dremio
2026-09-28 09:55:53,339 | INFO | SUCCESS | Greenhouse | https://job-boards.greenhouse.io/dremio | jobs=7
2026-09-28 09:55:53,339 | INFO | START | Greenhouse | https://job-boards.greenhouse.io/sterling
2026-09-28 09:55:53,533 | INFO | SUCCESS | Greenhouse | https://job-boards.greenhouse.io/sterling | jobs=2
2026-09-28 09:55:53,533 | INFO | START | Greenhouse | https://job-boards.greenhouse.io/parkmobileus
2026-09-28 09:56:01,578 | ERROR | FAILED | Greenhouse | https://job-boards.greenhouse.io/parkmobileus | error=404 Client Error: Not Found for url: https://boards-api.greenhouse.io/v1/boards/parkmobileus/jobs?content=true
2026-09-28 09:56:01,581 | INFO | START | Greenhouse | https://job-boards.greenhouse.io/merchantsauto
2026-09-28 09:56:01,720 | INFO | SUCCESS | Greenhouse | https://job-boards.greenhouse.io/merchantsauto | jobs=1
2026-09-28 09:56:01,720 | INFO | START | Greenhouse | https://job-boards.greenhouse.io/canopytax
2026-09-28 09:56:01,972 | INFO | SUCCESS | Greenhouse | https://job-boards.greenhouse.io/canopytax | jobs=12
2026-09-28 09:56:01,972 | INFO | START | Greenhouse | https://job-boards.greenhouse.io/straitsx
2026-09-28 09:56:02,934 | INFO | SUCCESS | Greenhouse | https://job-boards.greenhouse.io/straitsx | jobs=25
2026-09-28 09:56:02,934 | INFO | START | Greenhouse | https://job-boards.greenhouse.io/nycedc
2026-09-28 09:56:03,202 | INFO | SUCCESS | Greenhouse | https://job-boards.greenhouse.io/nycedc | jobs=32
2026-09-28 09:56:03,202 | INFO | START | Greenhouse | https://job-boards.greenhouse.io/fractalteam
2026-09-28 09:56:03,306 | ERROR | FAILED | Greenhouse | https://job-boards.greenhouse.io/fractalteam | error=404 Client Error: Not Found for url: https://boards-api.greenhouse.io/v1/boards/fractalteam/jobs?content=true
2026-09-28 09:56:03,306 | INFO | START | Greenhouse | https://job-boards.greenhouse.io/abdielcapital
2026-09-28 09:56:03,502 | INFO | SUCCESS | Greenhouse | https://job-boards.greenhouse.io/abdielcapital | jobs=0
2026-09-28 09:56:03,502 | INFO | START | Greenhouse | https://job-boards.greenhouse.io/github
2026-09-28 09:56:03,621 | ERROR | FAILED | Greenhouse | https://job-boards.greenhouse.io/github | error=404 Client Error: Not Found for url: https://boards-api.greenhouse.io/v1/boards/github/jobs?content=true
2026-09-28 09:56:03,623 | INFO | START | Greenhouse | https://job-boards.greenhouse.io/theplanningshopuk
2026-09-28 09:56:03,743 | INFO | SUCCESS | Greenhouse | https://job-boards.greenhouse.io/theplanningshopuk | jobs=0
2026-09-28 09:56:03,743 | INFO | START | Greenhouse | https://job-boards.greenhouse.io/mcafee
2026-09-28 09:56:03,957 | INFO | SUCCESS | Greenhouse | https://job-boards.greenhouse.io/mcafee | jobs=1
2026-09-28 09:56:03,958 | INFO | START | Greenhouse | https://job-boards.greenhouse.io/peoplestrata
2026-09-28 09:56:04,086 | INFO | SUCCESS | Greenhouse | https://job-boards.greenhouse.io/peoplestrata | jobs=0
2026-09-28 09:56:04,087 | INFO | START | Greenhouse | https://job-boards.greenhouse.io/c3
2026-09-28 09:56:04,204 | ERROR | FAILED | Greenhouse | https://job-boards.greenhouse.io/c3 | error=404 Client Error: Not Found for url: https://boards-api.greenhouse.io/v1/boards/c3/jobs?content=true
2026-09-28 09:56:04,206 | INFO | START | Greenhouse | https://job-boards.greenhouse.io/vsapartners
2026-09-28 09:56:04,354 | INFO | SUCCESS | Greenhouse | https://job-boards.greenhouse.io/vsapartners | jobs=11
2026-09-28 09:56:04,354 | INFO | START | Greenhouse | https://job-boards.greenhouse.io/zeel
2026-09-28 09:56:04,539 | ERROR | FAILED | Greenhouse | https://job-boards.greenhouse.io/zeel | error=404 Client Error: Not Found for url: https://boards-api.greenhouse.io/v1/boards/zeel/jobs?content=true
2026-09-28 09:56:04,541 | INFO | START | Ashby | https://jobs.ashbyhq.com/fastapicloud
2026-09-28 09:56:04,628 | ERROR | FAILED | Ashby | https://jobs.ashbyhq.com/fastapicloud | error=404 Client Error: Not Found for url: https://api.ashbyhq.com/posting-api/job-board/fastapicloud?includeCompensation=true
2026-09-28 09:56:04,629 | INFO | START | Ashby | https://jobs.ashbyhq.com/netgear
2026-09-28 09:56:04,741 | INFO | SUCCESS | Ashby | https://jobs.ashbyhq.com/netgear | jobs=51
2026-09-28 09:56:04,741 | INFO | START | Ashby | https://jobs.ashbyhq.com/base-operations
2026-09-28 09:56:04,838 | INFO | SUCCESS | Ashby | https://jobs.ashbyhq.com/base-operations | jobs=1
2026-09-28 09:56:04,838 | INFO | START | Ashby | https://jobs.ashbyhq.com/vultr
2026-09-28 09:56:05,018 | INFO | SUCCESS | Ashby | https://jobs.ashbyhq.com/vultr | jobs=53
2026-09-28 09:56:05,019 | INFO | START | Ashby | https://jobs.ashbyhq.com/Voya%20Energy
2026-09-28 09:56:05,110 | INFO | SUCCESS | Ashby | https://jobs.ashbyhq.com/Voya%20Energy | jobs=6
2026-09-28 09:56:05,110 | INFO | START | Ashby | https://jobs.ashbyhq.com/mexdigital
2026-09-28 09:56:05,192 | INFO | SUCCESS | Ashby | https://jobs.ashbyhq.com/mexdigital | jobs=14
2026-09-28 09:56:05,192 | INFO | START | Ashby | https://jobs.ashbyhq.com/zodl
2026-09-28 09:56:05,278 | INFO | SUCCESS | Ashby | https://jobs.ashbyhq.com/zodl | jobs=2
2026-09-28 09:56:05,278 | INFO | START | Ashby | https://jobs.ashbyhq.com/positive-development
2026-09-28 09:56:05,381 | INFO | SUCCESS | Ashby | https://jobs.ashbyhq.com/positive-development | jobs=56
2026-09-28 09:56:05,381 | INFO | START | Ashby | https://jobs.ashbyhq.com/arda-therapeutics
2026-09-28 09:56:05,541 | INFO | SUCCESS | Ashby | https://jobs.ashbyhq.com/arda-therapeutics | jobs=0
2026-09-28 09:56:05,542 | INFO | START | Ashby | https://jobs.ashbyhq.com/aryahealth.ai
2026-09-28 09:56:05,652 | INFO | SUCCESS | Ashby | https://jobs.ashbyhq.com/aryahealth.ai | jobs=14
2026-09-28 09:56:05,652 | INFO | START | Ashby | https://jobs.ashbyhq.com/abstraction.games
2026-09-28 09:56:05,732 | INFO | SUCCESS | Ashby | https://jobs.ashbyhq.com/abstraction.games | jobs=1
2026-09-28 09:56:05,732 | INFO | START | Ashby | https://jobs.ashbyhq.com/regent
2026-09-28 09:56:05,837 | INFO | SUCCESS | Ashby | https://jobs.ashbyhq.com/regent | jobs=28
2026-09-28 09:56:05,837 | INFO | START | Ashby | https://jobs.ashbyhq.com/hearth
2026-09-28 09:56:05,912 | ERROR | FAILED | Ashby | https://jobs.ashbyhq.com/hearth | error=404 Client Error: Not Found for url: https://api.ashbyhq.com/posting-api/job-board/hearth?includeCompensation=true
2026-09-28 09:56:05,912 | INFO | START | Ashby | https://jobs.ashbyhq.com/mistral.ai
2026-09-28 09:56:06,203 | INFO | SUCCESS | Ashby | https://jobs.ashbyhq.com/mistral.ai | jobs=210
2026-09-28 09:56:06,203 | INFO | START | Ashby | https://jobs.ashbyhq.com/impulse
2026-09-28 09:56:06,287 | INFO | SUCCESS | Ashby | https://jobs.ashbyhq.com/impulse | jobs=2
2026-09-28 09:56:06,287 | INFO | START | Ashby | https://jobs.ashbyhq.com/nen
2026-09-28 09:56:06,373 | ERROR | FAILED | Ashby | https://jobs.ashbyhq.com/nen | error=404 Client Error: Not Found for url: https://api.ashbyhq.com/posting-api/job-board/nen?includeCompensation=true
2026-09-28 09:56:06,374 | INFO | START | Ashby | https://jobs.ashbyhq.com/gridverify
2026-09-28 09:56:06,461 | INFO | SUCCESS | Ashby | https://jobs.ashbyhq.com/gridverify | jobs=5
2026-09-28 09:56:06,461 | INFO | START | Ashby | https://jobs.ashbyhq.com/graphyte
2026-09-28 09:56:06,612 | INFO | SUCCESS | Ashby | https://jobs.ashbyhq.com/graphyte | jobs=1
2026-09-28 09:56:06,612 | INFO | START | Ashby | https://jobs.ashbyhq.com/bigeye
2026-09-28 09:56:06,698 | ERROR | FAILED | Ashby | https://jobs.ashbyhq.com/bigeye | error=404 Client Error: Not Found for url: https://api.ashbyhq.com/posting-api/job-board/bigeye?includeCompensation=true
2026-09-28 09:56:06,699 | INFO | START | Ashby | https://jobs.ashbyhq.com/windborne-systems
2026-09-28 09:56:06,787 | INFO | SUCCESS | Ashby | https://jobs.ashbyhq.com/windborne-systems | jobs=19
2026-09-28 09:56:06,787 | INFO | START | Lever | https://jobs.lever.co/tildei
2026-09-28 09:56:07,181 | INFO | SUCCESS | Lever | https://jobs.lever.co/tildei | jobs=1
2026-09-28 09:56:07,181 | INFO | START | Lever | https://jobs.lever.co/crewapp
2026-09-28 09:56:08,290 | ERROR | FAILED | Lever | https://jobs.lever.co/crewapp | error=404 Client Error: Not Found for url: https://api.lever.co/v0/postings/crewapp?mode=json
2026-09-28 09:56:08,292 | INFO | START | Lever | https://jobs.lever.co/mulhalls
2026-09-28 09:56:08,797 | INFO | SUCCESS | Lever | https://jobs.lever.co/mulhalls | jobs=6
2026-09-28 09:56:08,798 | INFO | START | Lever | https://jobs.lever.co/straitcapital
2026-09-28 09:56:09,094 | ERROR | FAILED | Lever | https://jobs.lever.co/straitcapital | error=404 Client Error: Not Found for url: https://api.lever.co/v0/postings/straitcapital?mode=json
2026-09-28 09:56:09,096 | INFO | START | Lever | https://jobs.lever.co/lqdigital
2026-09-28 09:56:09,492 | INFO | SUCCESS | Lever | https://jobs.lever.co/lqdigital | jobs=0
2026-09-28 09:56:09,493 | INFO | START | Lever | https://jobs.lever.co/d-one
2026-09-28 09:56:09,851 | ERROR | FAILED | Lever | https://jobs.lever.co/d-one | error=404 Client Error: Not Found for url: https://api.lever.co/v0/postings/d-one?mode=json
2026-09-28 09:56:09,853 | INFO | START | Lever | https://jobs.lever.co/Rebuilt
2026-09-28 09:56:10,239 | ERROR | FAILED | Lever | https://jobs.lever.co/Rebuilt | error=404 Client Error: Not Found for url: https://api.lever.co/v0/postings/Rebuilt?mode=json
2026-09-28 09:56:10,241 | INFO | START | Lever | https://jobs.lever.co/doranjones
2026-09-28 09:56:10,551 | INFO | SUCCESS | Lever | https://jobs.lever.co/doranjones | jobs=1
2026-09-28 09:56:10,552 | INFO | START | Lever | https://jobs.lever.co/robust-ai
2026-09-28 09:56:17,332 | INFO | SUCCESS | Lever | https://jobs.lever.co/robust-ai | jobs=5
2026-09-28 09:56:17,332 | INFO | START | Lever | https://jobs.lever.co/chec
2026-09-28 09:56:17,836 | ERROR | FAILED | Lever | https://jobs.lever.co/chec | error=404 Client Error: Not Found for url: https://api.lever.co/v0/postings/chec?mode=json
2026-09-28 09:56:17,838 | INFO | START | Greenhouse | https://job-boards.greenhouse.io/foodcorps
2026-09-28 09:56:17,957 | ERROR | FAILED | Greenhouse | https://job-boards.greenhouse.io/foodcorps | error=404 Client Error: Not Found for url: https://boards-api.greenhouse.io/v1/boards/foodcorps/jobs?content=true
2026-09-28 09:56:17,960 | INFO | START | Greenhouse | https://job-boards.greenhouse.io/casetify
2026-09-28 09:56:18,254 | INFO | SUCCESS | Greenhouse | https://job-boards.greenhouse.io/casetify | jobs=63
2026-09-28 09:56:18,254 | INFO | START | Greenhouse | https://job-boards.greenhouse.io/happifyhealth
2026-09-28 09:56:19,041 | ERROR | FAILED | Greenhouse | https://job-boards.greenhouse.io/happifyhealth | error=404 Client Error: Not Found for url: https://boards-api.greenhouse.io/v1/boards/happifyhealth/jobs?content=true
2026-09-28 09:56:19,042 | INFO | START | Greenhouse | https://job-boards.greenhouse.io/bird
2026-09-28 09:56:19,285 | INFO | SUCCESS | Greenhouse | https://job-boards.greenhouse.io/bird | jobs=31
2026-09-28 09:56:19,285 | INFO | START | Greenhouse | https://job-boards.greenhouse.io/dremio
2026-09-28 09:56:19,431 | INFO | SUCCESS | Greenhouse | https://job-boards.greenhouse.io/dremio | jobs=7
2026-09-28 09:56:19,431 | INFO | START | Greenhouse | https://job-boards.greenhouse.io/sterling
2026-09-28 09:56:19,538 | INFO | SUCCESS | Greenhouse | https://job-boards.greenhouse.io/sterling | jobs=2
2026-09-28 09:56:19,538 | INFO | START | Greenhouse | https://job-boards.greenhouse.io/parkmobileus
2026-09-28 09:56:19,738 | ERROR | FAILED | Greenhouse | https://job-boards.greenhouse.io/parkmobileus | error=404 Client Error: Not Found for url: https://boards-api.greenhouse.io/v1/boards/parkmobileus/jobs?content=true
2026-09-28 09:56:19,742 | INFO | START | Greenhouse | https://job-boards.greenhouse.io/merchantsauto
2026-09-28 09:56:19,885 | INFO | SUCCESS | Greenhouse | https://job-boards.greenhouse.io/merchantsauto | jobs=1
2026-09-28 09:56:19,885 | INFO | START | Greenhouse | https://job-boards.greenhouse.io/canopytax
2026-09-28 09:56:20,030 | INFO | SUCCESS | Greenhouse | https://job-boards.greenhouse.io/canopytax | jobs=12
2026-09-28 09:56:20,030 | INFO | START | Greenhouse | https://job-boards.greenhouse.io/straitsx
2026-09-28 09:56:20,231 | INFO | SUCCESS | Greenhouse | https://job-boards.greenhouse.io/straitsx | jobs=25
2026-09-28 09:56:20,231 | INFO | START | Greenhouse | https://job-boards.greenhouse.io/nycedc
2026-09-28 09:56:20,492 | INFO | SUCCESS | Greenhouse | https://job-boards.greenhouse.io/nycedc | jobs=32
2026-09-28 09:56:20,492 | INFO | START | Greenhouse | https://job-boards.greenhouse.io/fractalteam
2026-09-28 09:56:20,587 | ERROR | FAILED | Greenhouse | https://job-boards.greenhouse.io/fractalteam | error=404 Client Error: Not Found for url: https://boards-api.greenhouse.io/v1/boards/fractalteam/jobs?content=true
2026-09-28 09:56:20,588 | INFO | START | Greenhouse | https://job-boards.greenhouse.io/abdielcapital
2026-09-28 09:56:20,727 | INFO | SUCCESS | Greenhouse | https://job-boards.greenhouse.io/abdielcapital | jobs=0
2026-09-28 09:56:20,727 | INFO | START | Greenhouse | https://job-boards.greenhouse.io/github
2026-09-28 09:56:20,825 | ERROR | FAILED | Greenhouse | https://job-boards.greenhouse.io/github | error=404 Client Error: Not Found for url: https://boards-api.greenhouse.io/v1/boards/github/jobs?content=true
2026-09-28 09:56:20,827 | INFO | START | Greenhouse | https://job-boards.greenhouse.io/theplanningshopuk
2026-09-28 09:56:20,965 | INFO | SUCCESS | Greenhouse | https://job-boards.greenhouse.io/theplanningshopuk | jobs=0
2026-09-28 09:56:20,965 | INFO | START | Greenhouse | https://job-boards.greenhouse.io/mcafee
2026-09-28 09:56:21,094 | INFO | SUCCESS | Greenhouse | https://job-boards.greenhouse.io/mcafee | jobs=1
2026-09-28 09:56:21,095 | INFO | START | Greenhouse | https://job-boards.greenhouse.io/peoplestrata
2026-09-28 09:56:21,254 | INFO | SUCCESS | Greenhouse | https://job-boards.greenhouse.io/peoplestrata | jobs=0
2026-09-28 09:56:21,254 | INFO | START | Greenhouse | https://job-boards.greenhouse.io/c3
2026-09-28 09:56:21,384 | ERROR | FAILED | Greenhouse | https://job-boards.greenhouse.io/c3 | error=404 Client Error: Not Found for url: https://boards-api.greenhouse.io/v1/boards/c3/jobs?content=true
2026-09-28 09:56:21,387 | INFO | START | Greenhouse | https://job-boards.greenhouse.io/vsapartners
2026-09-28 09:56:21,536 | INFO | SUCCESS | Greenhouse | https://job-boards.greenhouse.io/vsapartners | jobs=11
2026-09-28 09:56:21,536 | INFO | START | Greenhouse | https://job-boards.greenhouse.io/zeel
2026-09-28 09:56:21,645 | ERROR | FAILED | Greenhouse | https://job-boards.greenhouse.io/zeel | error=404 Client Error: Not Found for url: https://boards-api.greenhouse.io/v1/boards/zeel/jobs?content=true
2026-09-28 09:56:21,646 | INFO | START | Ashby | https://jobs.ashbyhq.com/fastapicloud
2026-09-28 09:56:21,822 | ERROR | FAILED | Ashby | https://jobs.ashbyhq.com/fastapicloud | error=404 Client Error: Not Found for url: https://api.ashbyhq.com/posting-api/job-board/fastapicloud?includeCompensation=true
2026-09-28 09:56:21,824 | INFO | START | Ashby | https://jobs.ashbyhq.com/netgear
2026-09-28 09:56:21,951 | INFO | SUCCESS | Ashby | https://jobs.ashbyhq.com/netgear | jobs=51
2026-09-28 09:56:21,951 | INFO | START | Ashby | https://jobs.ashbyhq.com/base-operations
2026-09-28 09:56:22,046 | INFO | SUCCESS | Ashby | https://jobs.ashbyhq.com/base-operations | jobs=1
2026-09-28 09:56:22,046 | INFO | START | Ashby | https://jobs.ashbyhq.com/vultr
2026-09-28 09:56:22,305 | INFO | SUCCESS | Ashby | https://jobs.ashbyhq.com/vultr | jobs=53
2026-09-28 09:56:22,305 | INFO | START | Ashby | https://jobs.ashbyhq.com/Voya%20Energy
2026-09-28 09:56:22,397 | INFO | SUCCESS | Ashby | https://jobs.ashbyhq.com/Voya%20Energy | jobs=6
2026-09-28 09:56:22,397 | INFO | START | Ashby | https://jobs.ashbyhq.com/mexdigital
2026-09-28 09:56:22,480 | INFO | SUCCESS | Ashby | https://jobs.ashbyhq.com/mexdigital | jobs=14
2026-09-28 09:56:22,480 | INFO | START | Ashby | https://jobs.ashbyhq.com/zodl
2026-09-28 09:56:22,555 | INFO | SUCCESS | Ashby | https://jobs.ashbyhq.com/zodl | jobs=2
2026-09-28 09:56:22,555 | INFO | START | Ashby | https://jobs.ashbyhq.com/positive-development
2026-09-28 09:56:22,643 | INFO | SUCCESS | Ashby | https://jobs.ashbyhq.com/positive-development | jobs=56
2026-09-28 09:56:22,643 | INFO | START | Ashby | https://jobs.ashbyhq.com/arda-therapeutics
2026-09-28 09:56:22,716 | INFO | SUCCESS | Ashby | https://jobs.ashbyhq.com/arda-therapeutics | jobs=0
2026-09-28 09:56:22,716 | INFO | START | Ashby | https://jobs.ashbyhq.com/aryahealth.ai
2026-09-28 09:56:22,881 | INFO | SUCCESS | Ashby | https://jobs.ashbyhq.com/aryahealth.ai | jobs=14
2026-09-28 09:56:22,882 | INFO | START | Ashby | https://jobs.ashbyhq.com/abstraction.games
2026-09-28 09:56:22,973 | INFO | SUCCESS | Ashby | https://jobs.ashbyhq.com/abstraction.games | jobs=1
2026-09-28 09:56:22,973 | INFO | START | Ashby | https://jobs.ashbyhq.com/regent
2026-09-28 09:56:23,080 | INFO | SUCCESS | Ashby | https://jobs.ashbyhq.com/regent | jobs=28
2026-09-28 09:56:23,080 | INFO | START | Ashby | https://jobs.ashbyhq.com/hearth
2026-09-28 09:56:23,147 | ERROR | FAILED | Ashby | https://jobs.ashbyhq.com/hearth | error=404 Client Error: Not Found for url: https://api.ashbyhq.com/posting-api/job-board/hearth?includeCompensation=true
2026-09-28 09:56:23,148 | INFO | START | Ashby | https://jobs.ashbyhq.com/mistral.ai
2026-09-28 09:56:23,416 | INFO | SUCCESS | Ashby | https://jobs.ashbyhq.com/mistral.ai | jobs=210
2026-09-28 09:56:23,417 | INFO | START | Ashby | https://jobs.ashbyhq.com/impulse
2026-09-28 09:56:23,495 | INFO | SUCCESS | Ashby | https://jobs.ashbyhq.com/impulse | jobs=2
2026-09-28 09:56:23,495 | INFO | START | Ashby | https://jobs.ashbyhq.com/nen
2026-09-28 09:56:23,576 | ERROR | FAILED | Ashby | https://jobs.ashbyhq.com/nen | error=404 Client Error: Not Found for url: https://api.ashbyhq.com/posting-api/job-board/nen?includeCompensation=true
2026-09-28 09:56:23,577 | INFO | START | Ashby | https://jobs.ashbyhq.com/gridverify
2026-09-28 09:56:23,654 | INFO | SUCCESS | Ashby | https://jobs.ashbyhq.com/gridverify | jobs=5
2026-09-28 09:56:23,654 | INFO | START | Ashby | https://jobs.ashbyhq.com/graphyte
2026-09-28 09:56:23,722 | INFO | SUCCESS | Ashby | https://jobs.ashbyhq.com/graphyte | jobs=1
2026-09-28 09:56:23,722 | INFO | START | Ashby | https://jobs.ashbyhq.com/bigeye
2026-09-28 09:56:23,871 | ERROR | FAILED | Ashby | https://jobs.ashbyhq.com/bigeye | error=404 Client Error: Not Found for url: https://api.ashbyhq.com/posting-api/job-board/bigeye?includeCompensation=true
2026-09-28 09:56:23,874 | INFO | START | Ashby | https://jobs.ashbyhq.com/windborne-systems
2026-09-28 09:56:23,972 | INFO | SUCCESS | Ashby | https://jobs.ashbyhq.com/windborne-systems | jobs=19
2026-09-28 09:56:23,972 | INFO | START | Lever | https://jobs.lever.co/tildei
2026-09-28 09:56:24,985 | INFO | SUCCESS | Lever | https://jobs.lever.co/tildei | jobs=1
2026-09-28 09:56:24,986 | INFO | START | Lever | https://jobs.lever.co/crewapp
2026-09-28 09:56:25,287 | ERROR | FAILED | Lever | https://jobs.lever.co/crewapp | error=404 Client Error: Not Found for url: https://api.lever.co/v0/postings/crewapp?mode=json
2026-09-28 09:56:25,289 | INFO | START | Lever | https://jobs.lever.co/mulhalls
2026-09-28 09:56:25,811 | INFO | SUCCESS | Lever | https://jobs.lever.co/mulhalls | jobs=6
2026-09-28 09:56:25,811 | INFO | START | Lever | https://jobs.lever.co/straitcapital
2026-09-28 09:56:26,210 | ERROR | FAILED | Lever | https://jobs.lever.co/straitcapital | error=404 Client Error: Not Found for url: https://api.lever.co/v0/postings/straitcapital?mode=json
2026-09-28 09:56:26,213 | INFO | START | Lever | https://jobs.lever.co/lqdigital
2026-09-28 09:56:26,563 | INFO | SUCCESS | Lever | https://jobs.lever.co/lqdigital | jobs=0
2026-09-28 09:56:26,564 | INFO | START | Lever | https://jobs.lever.co/d-one
2026-09-28 09:56:30,203 | ERROR | FAILED | Lever | https://jobs.lever.co/d-one | error=404 Client Error: Not Found for url: https://api.lever.co/v0/postings/d-one?mode=json
2026-09-28 09:56:30,207 | INFO | START | Lever | https://jobs.lever.co/Rebuilt
2026-09-28 09:56:30,512 | ERROR | FAILED | Lever | https://jobs.lever.co/Rebuilt | error=404 Client Error: Not Found for url: https://api.lever.co/v0/postings/Rebuilt?mode=json
2026-09-28 09:56:30,514 | INFO | START | Lever | https://jobs.lever.co/doranjones
2026-09-28 09:56:30,895 | INFO | SUCCESS | Lever | https://jobs.lever.co/doranjones | jobs=1
2026-09-28 09:56:30,896 | INFO | START | Lever | https://jobs.lever.co/robust-ai
2026-09-28 09:56:31,420 | INFO | SUCCESS | Lever | https://jobs.lever.co/robust-ai | jobs=5
2026-09-28 09:56:31,420 | INFO | START | Lever | https://jobs.lever.co/chec
2026-09-28 09:56:32,026 | ERROR | FAILED | Lever | https://jobs.lever.co/chec | error=404 Client Error: Not Found for url: https://api.lever.co/v0/postings/chec?mode=json
2026-09-28 09:56:32,029 | INFO | START | Greenhouse | https://job-boards.greenhouse.io/foodcorps
2026-09-28 09:56:32,261 | ERROR | FAILED | Greenhouse | https://job-boards.greenhouse.io/foodcorps | error=404 Client Error: Not Found for url: https://boards-api.greenhouse.io/v1/boards/foodcorps/jobs?content=true
2026-09-28 09:56:32,264 | INFO | START | Greenhouse | https://job-boards.greenhouse.io/casetify
2026-09-28 09:56:32,470 | INFO | SUCCESS | Greenhouse | https://job-boards.greenhouse.io/casetify | jobs=63
2026-09-28 09:56:32,470 | INFO | START | Greenhouse | https://job-boards.greenhouse.io/happifyhealth
2026-09-28 09:56:32,577 | ERROR | FAILED | Greenhouse | https://job-boards.greenhouse.io/happifyhealth | error=404 Client Error: Not Found for url: https://boards-api.greenhouse.io/v1/boards/happifyhealth/jobs?content=true
2026-09-28 09:56:32,578 | INFO | START | Greenhouse | https://job-boards.greenhouse.io/bird
2026-09-28 09:56:32,845 | INFO | SUCCESS | Greenhouse | https://job-boards.greenhouse.io/bird | jobs=31
2026-09-28 09:56:32,845 | INFO | START | Greenhouse | https://job-boards.greenhouse.io/dremio
2026-09-28 09:56:32,974 | INFO | SUCCESS | Greenhouse | https://job-boards.greenhouse.io/dremio | jobs=7
2026-09-28 09:56:32,974 | INFO | START | Greenhouse | https://job-boards.greenhouse.io/sterling
2026-09-28 09:56:33,083 | INFO | SUCCESS | Greenhouse | https://job-boards.greenhouse.io/sterling | jobs=2
2026-09-28 09:56:33,083 | INFO | START | Greenhouse | https://job-boards.greenhouse.io/parkmobileus
2026-09-28 09:56:33,192 | ERROR | FAILED | Greenhouse | https://job-boards.greenhouse.io/parkmobileus | error=404 Client Error: Not Found for url: https://boards-api.greenhouse.io/v1/boards/parkmobileus/jobs?content=true
2026-09-28 09:56:33,193 | INFO | START | Greenhouse | https://job-boards.greenhouse.io/merchantsauto
2026-09-28 09:56:33,411 | INFO | SUCCESS | Greenhouse | https://job-boards.greenhouse.io/merchantsauto | jobs=1
2026-09-28 09:56:33,411 | INFO | START | Greenhouse | https://job-boards.greenhouse.io/canopytax
2026-09-28 09:56:33,566 | INFO | SUCCESS | Greenhouse | https://job-boards.greenhouse.io/canopytax | jobs=12
2026-09-28 09:56:33,566 | INFO | START | Greenhouse | https://job-boards.greenhouse.io/straitsx
2026-09-28 09:56:33,705 | INFO | SUCCESS | Greenhouse | https://job-boards.greenhouse.io/straitsx | jobs=25
2026-09-28 09:56:33,705 | INFO | START | Greenhouse | https://job-boards.greenhouse.io/nycedc
2026-09-28 09:56:34,099 | INFO | SUCCESS | Greenhouse | https://job-boards.greenhouse.io/nycedc | jobs=32
2026-09-28 09:56:34,099 | INFO | START | Greenhouse | https://job-boards.greenhouse.io/fractalteam
2026-09-28 09:56:34,201 | ERROR | FAILED | Greenhouse | https://job-boards.greenhouse.io/fractalteam | error=404 Client Error: Not Found for url: https://boards-api.greenhouse.io/v1/boards/fractalteam/jobs?content=true
2026-09-28 09:56:34,202 | INFO | START | Greenhouse | https://job-boards.greenhouse.io/abdielcapital
2026-09-28 09:56:34,359 | INFO | SUCCESS | Greenhouse | https://job-boards.greenhouse.io/abdielcapital | jobs=0
2026-09-28 09:56:34,359 | INFO | START | Greenhouse | https://job-boards.greenhouse.io/github
2026-09-28 09:56:34,479 | ERROR | FAILED | Greenhouse | https://job-boards.greenhouse.io/github | error=404 Client Error: Not Found for url: https://boards-api.greenhouse.io/v1/boards/github/jobs?content=true
2026-09-28 09:56:34,481 | INFO | START | Greenhouse | https://job-boards.greenhouse.io/theplanningshopuk
2026-09-28 09:56:34,615 | INFO | SUCCESS | Greenhouse | https://job-boards.greenhouse.io/theplanningshopuk | jobs=0
2026-09-28 09:56:34,616 | INFO | START | Greenhouse | https://job-boards.greenhouse.io/mcafee
2026-09-28 09:56:34,741 | INFO | SUCCESS | Greenhouse | https://job-boards.greenhouse.io/mcafee | jobs=1
2026-09-28 09:56:34,741 | INFO | START | Greenhouse | https://job-boards.greenhouse.io/peoplestrata
2026-09-28 09:56:34,947 | INFO | SUCCESS | Greenhouse | https://job-boards.greenhouse.io/peoplestrata | jobs=0
2026-09-28 09:56:34,948 | INFO | START | Greenhouse | https://job-boards.greenhouse.io/c3
2026-09-28 09:56:35,068 | ERROR | FAILED | Greenhouse | https://job-boards.greenhouse.io/c3 | error=404 Client Error: Not Found for url: https://boards-api.greenhouse.io/v1/boards/c3/jobs?content=true
2026-09-28 09:56:35,070 | INFO | START | Greenhouse | https://job-boards.greenhouse.io/vsapartners
2026-09-28 09:56:35,217 | INFO | SUCCESS | Greenhouse | https://job-boards.greenhouse.io/vsapartners | jobs=11
2026-09-28 09:56:35,217 | INFO | START | Greenhouse | https://job-boards.greenhouse.io/zeel
2026-09-28 09:56:35,404 | ERROR | FAILED | Greenhouse | https://job-boards.greenhouse.io/zeel | error=404 Client Error: Not Found for url: https://boards-api.greenhouse.io/v1/boards/zeel/jobs?content=true
2026-09-28 09:56:35,407 | INFO | START | Ashby | https://jobs.ashbyhq.com/fastapicloud
2026-09-28 09:56:35,490 | ERROR | FAILED | Ashby | https://jobs.ashbyhq.com/fastapicloud | error=404 Client Error: Not Found for url: https://api.ashbyhq.com/posting-api/job-board/fastapicloud?includeCompensation=true
2026-09-28 09:56:35,491 | INFO | START | Ashby | https://jobs.ashbyhq.com/netgear
2026-09-28 09:56:35,614 | INFO | SUCCESS | Ashby | https://jobs.ashbyhq.com/netgear | jobs=51
2026-09-28 09:56:35,614 | INFO | START | Ashby | https://jobs.ashbyhq.com/base-operations
2026-09-28 09:56:35,714 | INFO | SUCCESS | Ashby | https://jobs.ashbyhq.com/base-operations | jobs=1
2026-09-28 09:56:35,715 | INFO | START | Ashby | https://jobs.ashbyhq.com/vultr
2026-09-28 09:56:35,820 | INFO | SUCCESS | Ashby | https://jobs.ashbyhq.com/vultr | jobs=53
2026-09-28 09:56:35,820 | INFO | START | Ashby | https://jobs.ashbyhq.com/Voya%20Energy
2026-09-28 09:56:35,977 | INFO | SUCCESS | Ashby | https://jobs.ashbyhq.com/Voya%20Energy | jobs=6
2026-09-28 09:56:35,977 | INFO | START | Ashby | https://jobs.ashbyhq.com/mexdigital
2026-09-28 09:56:36,082 | INFO | SUCCESS | Ashby | https://jobs.ashbyhq.com/mexdigital | jobs=14
2026-09-28 09:56:36,082 | INFO | START | Ashby | https://jobs.ashbyhq.com/zodl
2026-09-28 09:56:36,161 | INFO | SUCCESS | Ashby | https://jobs.ashbyhq.com/zodl | jobs=2
2026-09-28 09:56:36,161 | INFO | START | Ashby | https://jobs.ashbyhq.com/positive-development
2026-09-28 09:56:36,254 | INFO | SUCCESS | Ashby | https://jobs.ashbyhq.com/positive-development | jobs=56
2026-09-28 09:56:36,254 | INFO | START | Ashby | https://jobs.ashbyhq.com/arda-therapeutics
2026-09-28 09:56:36,340 | INFO | SUCCESS | Ashby | https://jobs.ashbyhq.com/arda-therapeutics | jobs=0
2026-09-28 09:56:36,340 | INFO | START | Ashby | https://jobs.ashbyhq.com/aryahealth.ai
2026-09-28 09:56:36,502 | INFO | SUCCESS | Ashby | https://jobs.ashbyhq.com/aryahealth.ai | jobs=14
2026-09-28 09:56:36,503 | INFO | START | Ashby | https://jobs.ashbyhq.com/abstraction.games
2026-09-28 09:56:36,594 | INFO | SUCCESS | Ashby | https://jobs.ashbyhq.com/abstraction.games | jobs=1
2026-09-28 09:56:36,594 | INFO | START | Ashby | https://jobs.ashbyhq.com/regent
2026-09-28 09:56:36,692 | INFO | SUCCESS | Ashby | https://jobs.ashbyhq.com/regent | jobs=28
2026-09-28 09:56:36,693 | INFO | START | Ashby | https://jobs.ashbyhq.com/hearth
2026-09-28 09:56:36,774 | ERROR | FAILED | Ashby | https://jobs.ashbyhq.com/hearth | error=404 Client Error: Not Found for url: https://api.ashbyhq.com/posting-api/job-board/hearth?includeCompensation=true
2026-09-28 09:56:36,775 | INFO | START | Ashby | https://jobs.ashbyhq.com/mistral.ai
2026-09-28 09:56:37,036 | INFO | SUCCESS | Ashby | https://jobs.ashbyhq.com/mistral.ai | jobs=210
2026-09-28 09:56:37,036 | INFO | START | Ashby | https://jobs.ashbyhq.com/impulse
2026-09-28 09:56:37,120 | INFO | SUCCESS | Ashby | https://jobs.ashbyhq.com/impulse | jobs=2
2026-09-28 09:56:37,120 | INFO | START | Ashby | https://jobs.ashbyhq.com/nen
2026-09-28 09:56:37,206 | ERROR | FAILED | Ashby | https://jobs.ashbyhq.com/nen | error=404 Client Error: Not Found for url: https://api.ashbyhq.com/posting-api/job-board/nen?includeCompensation=true
2026-09-28 09:56:37,207 | INFO | START | Ashby | https://jobs.ashbyhq.com/gridverify
2026-09-28 09:56:37,287 | INFO | SUCCESS | Ashby | https://jobs.ashbyhq.com/gridverify | jobs=5
2026-09-28 09:56:37,287 | INFO | START | Ashby | https://jobs.ashbyhq.com/graphyte
2026-09-28 09:56:37,364 | INFO | SUCCESS | Ashby | https://jobs.ashbyhq.com/graphyte | jobs=1
2026-09-28 09:56:37,364 | INFO | START | Ashby | https://jobs.ashbyhq.com/bigeye
2026-09-28 09:56:37,529 | ERROR | FAILED | Ashby | https://jobs.ashbyhq.com/bigeye | error=404 Client Error: Not Found for url: https://api.ashbyhq.com/posting-api/job-board/bigeye?includeCompensation=true
2026-09-28 09:56:37,531 | INFO | START | Ashby | https://jobs.ashbyhq.com/windborne-systems
2026-09-28 09:56:37,638 | INFO | SUCCESS | Ashby | https://jobs.ashbyhq.com/windborne-systems | jobs=19
2026-09-28 09:56:37,638 | INFO | START | Lever | https://jobs.lever.co/tildei
2026-09-28 09:56:38,029 | INFO | SUCCESS | Lever | https://jobs.lever.co/tildei | jobs=1
2026-09-28 09:56:38,030 | INFO | START | Lever | https://jobs.lever.co/crewapp
2026-09-28 09:56:38,330 | ERROR | FAILED | Lever | https://jobs.lever.co/crewapp | error=404 Client Error: Not Found for url: https://api.lever.co/v0/postings/crewapp?mode=json
2026-09-28 09:56:38,333 | INFO | START | Lever | https://jobs.lever.co/mulhalls
2026-09-28 09:56:38,819 | INFO | SUCCESS | Lever | https://jobs.lever.co/mulhalls | jobs=6
2026-09-28 09:56:38,819 | INFO | START | Lever | https://jobs.lever.co/straitcapital
2026-09-28 09:56:39,204 | ERROR | FAILED | Lever | https://jobs.lever.co/straitcapital | error=404 Client Error: Not Found for url: https://api.lever.co/v0/postings/straitcapital?mode=json
2026-09-28 09:56:39,207 | INFO | START | Lever | https://jobs.lever.co/lqdigital
2026-09-28 09:56:39,507 | INFO | SUCCESS | Lever | https://jobs.lever.co/lqdigital | jobs=0
2026-09-28 09:56:39,507 | INFO | START | Lever | https://jobs.lever.co/d-one
2026-09-28 09:56:39,884 | ERROR | FAILED | Lever | https://jobs.lever.co/d-one | error=404 Client Error: Not Found for url: https://api.lever.co/v0/postings/d-one?mode=json
2026-09-28 09:56:39,886 | INFO | START | Lever | https://jobs.lever.co/Rebuilt
2026-09-28 09:56:40,260 | ERROR | FAILED | Lever | https://jobs.lever.co/Rebuilt | error=404 Client Error: Not Found for url: https://api.lever.co/v0/postings/Rebuilt?mode=json
2026-09-28 09:56:40,262 | INFO | START | Lever | https://jobs.lever.co/doranjones
2026-09-28 09:56:40,648 | INFO | SUCCESS | Lever | https://jobs.lever.co/doranjones | jobs=1
2026-09-28 09:56:40,649 | INFO | START | Lever | https://jobs.lever.co/robust-ai
2026-09-28 09:56:41,068 | INFO | SUCCESS | Lever | https://jobs.lever.co/robust-ai | jobs=5
2026-09-28 09:56:41,069 | INFO | START | Lever | https://jobs.lever.co/chec
2026-09-28 09:56:41,404 | ERROR | FAILED | Lever | https://jobs.lever.co/chec | error=404 Client Error: Not Found for url: https://api.lever.co/v0/postings/chec?mode=json
2026-09-28 09:56:41,407 | INFO | START | Greenhouse | https://job-boards.greenhouse.io/foodcorps
2026-09-28 09:56:41,540 | ERROR | FAILED | Greenhouse | https://job-boards.greenhouse.io/foodcorps | error=404 Client Error: Not Found for url: https://boards-api.greenhouse.io/v1/boards/foodcorps/jobs?content=true
2026-09-28 09:56:41,542 | INFO | START | Greenhouse | https://job-boards.greenhouse.io/casetify
2026-09-28 09:56:41,756 | INFO | SUCCESS | Greenhouse | https://job-boards.greenhouse.io/casetify | jobs=63
2026-09-28 09:56:41,756 | INFO | START | Greenhouse | https://job-boards.greenhouse.io/happifyhealth
2026-09-28 09:56:41,859 | ERROR | FAILED | Greenhouse | https://job-boards.greenhouse.io/happifyhealth | error=404 Client Error: Not Found for url: https://boards-api.greenhouse.io/v1/boards/happifyhealth/jobs?content=true
2026-09-28 09:56:41,859 | INFO | START | Greenhouse | https://job-boards.greenhouse.io/bird
2026-09-28 09:56:42,023 | INFO | SUCCESS | Greenhouse | https://job-boards.greenhouse.io/bird | jobs=31
2026-09-28 09:56:42,023 | INFO | START | Greenhouse | https://job-boards.greenhouse.io/dremio
2026-09-28 09:56:42,141 | INFO | SUCCESS | Greenhouse | https://job-boards.greenhouse.io/dremio | jobs=7
2026-09-28 09:56:42,141 | INFO | START | Greenhouse | https://job-boards.greenhouse.io/sterling
2026-09-28 09:56:42,334 | INFO | SUCCESS | Greenhouse | https://job-boards.greenhouse.io/sterling | jobs=2
2026-09-28 09:56:42,334 | INFO | START | Greenhouse | https://job-boards.greenhouse.io/parkmobileus
2026-09-28 09:56:42,461 | ERROR | FAILED | Greenhouse | https://job-boards.greenhouse.io/parkmobileus | error=404 Client Error: Not Found for url: https://boards-api.greenhouse.io/v1/boards/parkmobileus/jobs?content=true
2026-09-28 09:56:42,463 | INFO | START | Greenhouse | https://job-boards.greenhouse.io/merchantsauto
2026-09-28 09:56:42,609 | INFO | SUCCESS | Greenhouse | https://job-boards.greenhouse.io/merchantsauto | jobs=1
2026-09-28 09:56:42,609 | INFO | START | Greenhouse | https://job-boards.greenhouse.io/canopytax
2026-09-28 09:56:42,847 | INFO | SUCCESS | Greenhouse | https://job-boards.greenhouse.io/canopytax | jobs=12
2026-09-28 09:56:42,847 | INFO | START | Greenhouse | https://job-boards.greenhouse.io/straitsx
2026-09-28 09:56:42,975 | INFO | SUCCESS | Greenhouse | https://job-boards.greenhouse.io/straitsx | jobs=25
2026-09-28 09:56:42,975 | INFO | START | Greenhouse | https://job-boards.greenhouse.io/nycedc
2026-09-28 09:56:43,334 | INFO | SUCCESS | Greenhouse | https://job-boards.greenhouse.io/nycedc | jobs=32
2026-09-28 09:56:43,334 | INFO | START | Greenhouse | https://job-boards.greenhouse.io/fractalteam
2026-09-28 09:56:43,436 | ERROR | FAILED | Greenhouse | https://job-boards.greenhouse.io/fractalteam | error=404 Client Error: Not Found for url: https://boards-api.greenhouse.io/v1/boards/fractalteam/jobs?content=true
2026-09-28 09:56:43,437 | INFO | START | Greenhouse | https://job-boards.greenhouse.io/abdielcapital
2026-09-28 09:56:43,545 | INFO | SUCCESS | Greenhouse | https://job-boards.greenhouse.io/abdielcapital | jobs=0
2026-09-28 09:56:43,545 | INFO | START | Greenhouse | https://job-boards.greenhouse.io/github
2026-09-28 09:56:43,648 | ERROR | FAILED | Greenhouse | https://job-boards.greenhouse.io/github | error=404 Client Error: Not Found for url: https://boards-api.greenhouse.io/v1/boards/github/jobs?content=true
2026-09-28 09:56:43,649 | INFO | START | Greenhouse | https://job-boards.greenhouse.io/theplanningshopuk
2026-09-28 09:56:51,402 | INFO | SUCCESS | Greenhouse | https://job-boards.greenhouse.io/theplanningshopuk | jobs=0
2026-09-28 09:56:51,402 | INFO | START | Greenhouse | https://job-boards.greenhouse.io/mcafee
2026-09-28 09:56:51,532 | INFO | SUCCESS | Greenhouse | https://job-boards.greenhouse.io/mcafee | jobs=1
2026-09-28 09:56:51,532 | INFO | START | Greenhouse | https://job-boards.greenhouse.io/peoplestrata
2026-09-28 09:56:51,734 | INFO | SUCCESS | Greenhouse | https://job-boards.greenhouse.io/peoplestrata | jobs=0
2026-09-28 09:56:51,734 | INFO | START | Greenhouse | https://job-boards.greenhouse.io/c3
2026-09-28 09:56:51,842 | ERROR | FAILED | Greenhouse | https://job-boards.greenhouse.io/c3 | error=404 Client Error: Not Found for url: https://boards-api.greenhouse.io/v1/boards/c3/jobs?content=true
2026-09-28 09:56:51,845 | INFO | START | Greenhouse | https://job-boards.greenhouse.io/vsapartners
2026-09-28 09:56:51,998 | INFO | SUCCESS | Greenhouse | https://job-boards.greenhouse.io/vsapartners | jobs=11
2026-09-28 09:56:51,998 | INFO | START | Greenhouse | https://job-boards.greenhouse.io/zeel
2026-09-28 09:56:52,191 | ERROR | FAILED | Greenhouse | https://job-boards.greenhouse.io/zeel | error=404 Client Error: Not Found for url: https://boards-api.greenhouse.io/v1/boards/zeel/jobs?content=true
2026-09-28 09:56:52,193 | INFO | START | Ashby | https://jobs.ashbyhq.com/fastapicloud
2026-09-28 09:56:52,277 | ERROR | FAILED | Ashby | https://jobs.ashbyhq.com/fastapicloud | error=404 Client Error: Not Found for url: https://api.ashbyhq.com/posting-api/job-board/fastapicloud?includeCompensation=true
2026-09-28 09:56:52,278 | INFO | START | Ashby | https://jobs.ashbyhq.com/netgear
2026-09-28 09:56:52,417 | INFO | SUCCESS | Ashby | https://jobs.ashbyhq.com/netgear | jobs=51
2026-09-28 09:56:52,417 | INFO | START | Ashby | https://jobs.ashbyhq.com/base-operations
2026-09-28 09:56:52,519 | INFO | SUCCESS | Ashby | https://jobs.ashbyhq.com/base-operations | jobs=1
2026-09-28 09:56:52,520 | INFO | START | Ashby | https://jobs.ashbyhq.com/vultr
2026-09-28 09:56:52,716 | INFO | SUCCESS | Ashby | https://jobs.ashbyhq.com/vultr | jobs=53
2026-09-28 09:56:52,716 | INFO | START | Ashby | https://jobs.ashbyhq.com/Voya%20Energy
2026-09-28 09:56:52,821 | INFO | SUCCESS | Ashby | https://jobs.ashbyhq.com/Voya%20Energy | jobs=6
2026-09-28 09:56:52,821 | INFO | START | Ashby | https://jobs.ashbyhq.com/mexdigital
2026-09-28 09:56:52,914 | INFO | SUCCESS | Ashby | https://jobs.ashbyhq.com/mexdigital | jobs=14
2026-09-28 09:56:52,914 | INFO | START | Ashby | https://jobs.ashbyhq.com/zodl
2026-09-28 09:56:52,990 | INFO | SUCCESS | Ashby | https://jobs.ashbyhq.com/zodl | jobs=2
2026-09-28 09:56:52,990 | INFO | START | Ashby | https://jobs.ashbyhq.com/positive-development
2026-09-28 09:56:53,083 | INFO | SUCCESS | Ashby | https://jobs.ashbyhq.com/positive-development | jobs=56
2026-09-28 09:56:53,084 | INFO | START | Ashby | https://jobs.ashbyhq.com/arda-therapeutics
2026-09-28 09:56:53,252 | INFO | SUCCESS | Ashby | https://jobs.ashbyhq.com/arda-therapeutics | jobs=0
2026-09-28 09:56:53,252 | INFO | START | Ashby | https://jobs.ashbyhq.com/aryahealth.ai
2026-09-28 09:56:53,350 | INFO | SUCCESS | Ashby | https://jobs.ashbyhq.com/aryahealth.ai | jobs=14
2026-09-28 09:56:53,350 | INFO | START | Ashby | https://jobs.ashbyhq.com/abstraction.games
2026-09-28 09:56:53,431 | INFO | SUCCESS | Ashby | https://jobs.ashbyhq.com/abstraction.games | jobs=1
2026-09-28 09:56:53,431 | INFO | START | Ashby | https://jobs.ashbyhq.com/regent
2026-09-28 09:56:53,541 | INFO | SUCCESS | Ashby | https://jobs.ashbyhq.com/regent | jobs=28
2026-09-28 09:56:53,541 | INFO | START | Ashby | https://jobs.ashbyhq.com/hearth
2026-09-28 09:56:53,622 | ERROR | FAILED | Ashby | https://jobs.ashbyhq.com/hearth | error=404 Client Error: Not Found for url: https://api.ashbyhq.com/posting-api/job-board/hearth?includeCompensation=true
2026-09-28 09:56:53,624 | INFO | START | Ashby | https://jobs.ashbyhq.com/mistral.ai
2026-09-28 09:56:53,899 | INFO | SUCCESS | Ashby | https://jobs.ashbyhq.com/mistral.ai | jobs=210
2026-09-28 09:56:53,899 | INFO | START | Ashby | https://jobs.ashbyhq.com/impulse
2026-09-28 09:56:53,972 | INFO | SUCCESS | Ashby | https://jobs.ashbyhq.com/impulse | jobs=2
2026-09-28 09:56:53,972 | INFO | START | Ashby | https://jobs.ashbyhq.com/nen
2026-09-28 09:56:54,043 | ERROR | FAILED | Ashby | https://jobs.ashbyhq.com/nen | error=404 Client Error: Not Found for url: https://api.ashbyhq.com/posting-api/job-board/nen?includeCompensation=true
2026-09-28 09:56:54,044 | INFO | START | Ashby | https://jobs.ashbyhq.com/gridverify
2026-09-28 09:56:54,115 | INFO | SUCCESS | Ashby | https://jobs.ashbyhq.com/gridverify | jobs=5
2026-09-28 09:56:54,115 | INFO | START | Ashby | https://jobs.ashbyhq.com/graphyte
2026-09-28 09:56:54,283 | INFO | SUCCESS | Ashby | https://jobs.ashbyhq.com/graphyte | jobs=1
2026-09-28 09:56:54,283 | INFO | START | Ashby | https://jobs.ashbyhq.com/bigeye
2026-09-28 09:56:54,369 | ERROR | FAILED | Ashby | https://jobs.ashbyhq.com/bigeye | error=404 Client Error: Not Found for url: https://api.ashbyhq.com/posting-api/job-board/bigeye?includeCompensation=true
2026-09-28 09:56:54,370 | INFO | START | Ashby | https://jobs.ashbyhq.com/windborne-systems
2026-09-28 09:56:54,467 | INFO | SUCCESS | Ashby | https://jobs.ashbyhq.com/windborne-systems | jobs=19
2026-09-28 09:56:54,467 | INFO | START | Lever | https://jobs.lever.co/tildei
2026-09-28 09:56:54,808 | INFO | SUCCESS | Lever | https://jobs.lever.co/tildei | jobs=1
2026-09-28 09:56:54,809 | INFO | START | Lever | https://jobs.lever.co/crewapp
2026-09-28 09:56:55,540 | ERROR | FAILED | Lever | https://jobs.lever.co/crewapp | error=404 Client Error: Not Found for url: https://api.lever.co/v0/postings/crewapp?mode=json
2026-09-28 09:56:55,541 | INFO | START | Lever | https://jobs.lever.co/mulhalls
2026-09-28 09:56:56,235 | INFO | SUCCESS | Lever | https://jobs.lever.co/mulhalls | jobs=6
2026-09-28 09:56:56,235 | INFO | START | Lever | https://jobs.lever.co/straitcapital
2026-09-28 09:56:56,602 | ERROR | FAILED | Lever | https://jobs.lever.co/straitcapital | error=404 Client Error: Not Found for url: https://api.lever.co/v0/postings/straitcapital?mode=json
2026-09-28 09:56:56,605 | INFO | START | Lever | https://jobs.lever.co/lqdigital
2026-09-28 09:56:56,977 | INFO | SUCCESS | Lever | https://jobs.lever.co/lqdigital | jobs=0
2026-09-28 09:56:56,978 | INFO | START | Lever | https://jobs.lever.co/d-one
2026-09-28 09:56:57,276 | ERROR | FAILED | Lever | https://jobs.lever.co/d-one | error=404 Client Error: Not Found for url: https://api.lever.co/v0/postings/d-one?mode=json
2026-09-28 09:56:57,279 | INFO | START | Lever | https://jobs.lever.co/Rebuilt
2026-09-28 09:56:58,874 | ERROR | FAILED | Lever | https://jobs.lever.co/Rebuilt | error=404 Client Error: Not Found for url: https://api.lever.co/v0/postings/Rebuilt?mode=json
2026-09-28 09:56:58,877 | INFO | START | Lever | https://jobs.lever.co/doranjones
2026-09-28 09:56:59,245 | INFO | SUCCESS | Lever | https://jobs.lever.co/doranjones | jobs=1
2026-09-28 09:56:59,245 | INFO | START | Lever | https://jobs.lever.co/robust-ai
2026-09-28 09:56:59,723 | INFO | SUCCESS | Lever | https://jobs.lever.co/robust-ai | jobs=5
2026-09-28 09:56:59,724 | INFO | START | Lever | https://jobs.lever.co/chec
2026-09-28 09:57:00,115 | ERROR | FAILED | Lever | https://jobs.lever.co/chec | error=404 Client Error: Not Found for url: https://api.lever.co/v0/postings/chec?mode=json
2026-09-28 09:57:00,119 | INFO | START | Greenhouse | https://job-boards.greenhouse.io/foodcorps
2026-09-28 09:57:00,246 | ERROR | FAILED | Greenhouse | https://job-boards.greenhouse.io/foodcorps | error=404 Client Error: Not Found for url: https://boards-api.greenhouse.io/v1/boards/foodcorps/jobs?content=true
2026-09-28 09:57:00,248 | INFO | START | Greenhouse | https://job-boards.greenhouse.io/casetify
2026-09-28 09:57:00,465 | INFO | SUCCESS | Greenhouse | https://job-boards.greenhouse.io/casetify | jobs=63
2026-09-28 09:57:00,465 | INFO | START | Greenhouse | https://job-boards.greenhouse.io/happifyhealth
2026-09-28 09:57:00,669 | ERROR | FAILED | Greenhouse | https://job-boards.greenhouse.io/happifyhealth | error=404 Client Error: Not Found for url: https://boards-api.greenhouse.io/v1/boards/happifyhealth/jobs?content=true
2026-09-28 09:57:00,670 | INFO | START | Greenhouse | https://job-boards.greenhouse.io/bird
2026-09-28 09:57:00,850 | INFO | SUCCESS | Greenhouse | https://job-boards.greenhouse.io/bird | jobs=31
2026-09-28 09:57:00,850 | INFO | START | Greenhouse | https://job-boards.greenhouse.io/dremio
2026-09-28 09:57:00,976 | INFO | SUCCESS | Greenhouse | https://job-boards.greenhouse.io/dremio | jobs=7
2026-09-28 09:57:00,976 | INFO | START | Greenhouse | https://job-boards.greenhouse.io/sterling
2026-09-28 09:57:01,171 | INFO | SUCCESS | Greenhouse | https://job-boards.greenhouse.io/sterling | jobs=2
2026-09-28 09:57:01,171 | INFO | START | Greenhouse | https://job-boards.greenhouse.io/parkmobileus
2026-09-28 09:57:01,284 | ERROR | FAILED | Greenhouse | https://job-boards.greenhouse.io/parkmobileus | error=404 Client Error: Not Found for url: https://boards-api.greenhouse.io/v1/boards/parkmobileus/jobs?content=true
2026-09-28 09:57:01,285 | INFO | START | Greenhouse | https://job-boards.greenhouse.io/merchantsauto
2026-09-28 09:57:01,419 | INFO | SUCCESS | Greenhouse | https://job-boards.greenhouse.io/merchantsauto | jobs=1
2026-09-28 09:57:01,420 | INFO | START | Greenhouse | https://job-boards.greenhouse.io/canopytax
2026-09-28 09:57:01,659 | INFO | SUCCESS | Greenhouse | https://job-boards.greenhouse.io/canopytax | jobs=12
2026-09-28 09:57:01,660 | INFO | START | Greenhouse | https://job-boards.greenhouse.io/straitsx
2026-09-28 09:57:01,792 | INFO | SUCCESS | Greenhouse | https://job-boards.greenhouse.io/straitsx | jobs=25
2026-09-28 09:57:01,792 | INFO | START | Greenhouse | https://job-boards.greenhouse.io/nycedc
2026-09-28 09:57:02,058 | INFO | SUCCESS | Greenhouse | https://job-boards.greenhouse.io/nycedc | jobs=32
2026-09-28 09:57:02,058 | INFO | START | Greenhouse | https://job-boards.greenhouse.io/fractalteam
2026-09-28 09:57:02,554 | ERROR | FAILED | Greenhouse | https://job-boards.greenhouse.io/fractalteam | error=404 Client Error: Not Found for url: https://boards-api.greenhouse.io/v1/boards/fractalteam/jobs?content=true
2026-09-28 09:57:02,556 | INFO | START | Greenhouse | https://job-boards.greenhouse.io/abdielcapital
2026-09-28 09:57:02,763 | INFO | SUCCESS | Greenhouse | https://job-boards.greenhouse.io/abdielcapital | jobs=0
2026-09-28 09:57:02,763 | INFO | START | Greenhouse | https://job-boards.greenhouse.io/github
2026-09-28 09:57:02,884 | ERROR | FAILED | Greenhouse | https://job-boards.greenhouse.io/github | error=404 Client Error: Not Found for url: https://boards-api.greenhouse.io/v1/boards/github/jobs?content=true
2026-09-28 09:57:02,886 | INFO | START | Greenhouse | https://job-boards.greenhouse.io/theplanningshopuk
2026-09-28 09:57:03,004 | INFO | SUCCESS | Greenhouse | https://job-boards.greenhouse.io/theplanningshopuk | jobs=0
2026-09-28 09:57:03,004 | INFO | START | Greenhouse | https://job-boards.greenhouse.io/mcafee
2026-09-28 09:57:03,196 | INFO | SUCCESS | Greenhouse | https://job-boards.greenhouse.io/mcafee | jobs=1
2026-09-28 09:57:03,196 | INFO | START | Greenhouse | https://job-boards.greenhouse.io/peoplestrata
2026-09-28 09:57:03,320 | INFO | SUCCESS | Greenhouse | https://job-boards.greenhouse.io/peoplestrata | jobs=0
2026-09-28 09:57:03,321 | INFO | START | Greenhouse | https://job-boards.greenhouse.io/c3
2026-09-28 09:57:03,437 | ERROR | FAILED | Greenhouse | https://job-boards.greenhouse.io/c3 | error=404 Client Error: Not Found for url: https://boards-api.greenhouse.io/v1/boards/c3/jobs?content=true
2026-09-28 09:57:03,438 | INFO | START | Greenhouse | https://job-boards.greenhouse.io/vsapartners
2026-09-28 09:57:03,585 | INFO | SUCCESS | Greenhouse | https://job-boards.greenhouse.io/vsapartners | jobs=11
2026-09-28 09:57:03,585 | INFO | START | Greenhouse | https://job-boards.greenhouse.io/zeel
2026-09-28 09:57:03,783 | ERROR | FAILED | Greenhouse | https://job-boards.greenhouse.io/zeel | error=404 Client Error: Not Found for url: https://boards-api.greenhouse.io/v1/boards/zeel/jobs?content=true
2026-09-28 09:57:03,787 | INFO | START | Ashby | https://jobs.ashbyhq.com/fastapicloud
2026-09-28 09:57:03,872 | ERROR | FAILED | Ashby | https://jobs.ashbyhq.com/fastapicloud | error=404 Client Error: Not Found for url: https://api.ashbyhq.com/posting-api/job-board/fastapicloud?includeCompensation=true
2026-09-28 09:57:03,874 | INFO | START | Ashby | https://jobs.ashbyhq.com/netgear
2026-09-28 09:57:03,998 | INFO | SUCCESS | Ashby | https://jobs.ashbyhq.com/netgear | jobs=51
2026-09-28 09:57:03,998 | INFO | START | Ashby | https://jobs.ashbyhq.com/base-operations
2026-09-28 09:57:04,100 | INFO | SUCCESS | Ashby | https://jobs.ashbyhq.com/base-operations | jobs=1
2026-09-28 09:57:04,101 | INFO | START | Ashby | https://jobs.ashbyhq.com/vultr
2026-09-28 09:57:04,301 | INFO | SUCCESS | Ashby | https://jobs.ashbyhq.com/vultr | jobs=53
2026-09-28 09:57:04,301 | INFO | START | Ashby | https://jobs.ashbyhq.com/Voya%20Energy
2026-09-28 09:57:04,390 | INFO | SUCCESS | Ashby | https://jobs.ashbyhq.com/Voya%20Energy | jobs=6
2026-09-28 09:57:04,390 | INFO | START | Ashby | https://jobs.ashbyhq.com/mexdigital
2026-09-28 09:57:04,470 | INFO | SUCCESS | Ashby | https://jobs.ashbyhq.com/mexdigital | jobs=14
2026-09-28 09:57:04,470 | INFO | START | Ashby | https://jobs.ashbyhq.com/zodl
2026-09-28 09:57:04,553 | INFO | SUCCESS | Ashby | https://jobs.ashbyhq.com/zodl | jobs=2
2026-09-28 09:57:04,553 | INFO | START | Ashby | https://jobs.ashbyhq.com/positive-development
2026-09-28 09:57:04,635 | INFO | SUCCESS | Ashby | https://jobs.ashbyhq.com/positive-development | jobs=56
2026-09-28 09:57:04,635 | INFO | START | Ashby | https://jobs.ashbyhq.com/arda-therapeutics
2026-09-28 09:57:04,806 | INFO | SUCCESS | Ashby | https://jobs.ashbyhq.com/arda-therapeutics | jobs=0
2026-09-28 09:57:04,807 | INFO | START | Ashby | https://jobs.ashbyhq.com/aryahealth.ai
2026-09-28 09:57:04,909 | INFO | SUCCESS | Ashby | https://jobs.ashbyhq.com/aryahealth.ai | jobs=14
2026-09-28 09:57:04,909 | INFO | START | Ashby | https://jobs.ashbyhq.com/abstraction.games
2026-09-28 09:57:05,011 | INFO | SUCCESS | Ashby | https://jobs.ashbyhq.com/abstraction.games | jobs=1
2026-09-28 09:57:05,011 | INFO | START | Ashby | https://jobs.ashbyhq.com/regent
2026-09-28 09:57:05,124 | INFO | SUCCESS | Ashby | https://jobs.ashbyhq.com/regent | jobs=28
2026-09-28 09:57:05,124 | INFO | START | Ashby | https://jobs.ashbyhq.com/hearth
2026-09-28 09:57:05,288 | ERROR | FAILED | Ashby | https://jobs.ashbyhq.com/hearth | error=404 Client Error: Not Found for url: https://api.ashbyhq.com/posting-api/job-board/hearth?includeCompensation=true
2026-09-28 09:57:05,291 | INFO | START | Ashby | https://jobs.ashbyhq.com/mistral.ai
2026-09-28 09:57:05,491 | INFO | SUCCESS | Ashby | https://jobs.ashbyhq.com/mistral.ai | jobs=210
2026-09-28 09:57:05,491 | INFO | START | Ashby | https://jobs.ashbyhq.com/impulse
2026-09-28 09:57:05,569 | INFO | SUCCESS | Ashby | https://jobs.ashbyhq.com/impulse | jobs=2
2026-09-28 09:57:05,571 | INFO | START | Ashby | https://jobs.ashbyhq.com/nen
2026-09-28 09:57:05,655 | ERROR | FAILED | Ashby | https://jobs.ashbyhq.com/nen | error=404 Client Error: Not Found for url: https://api.ashbyhq.com/posting-api/job-board/nen?includeCompensation=true
2026-09-28 09:57:05,656 | INFO | START | Ashby | https://jobs.ashbyhq.com/gridverify
2026-09-28 09:57:05,815 | INFO | SUCCESS | Ashby | https://jobs.ashbyhq.com/gridverify | jobs=5
2026-09-28 09:57:05,815 | INFO | START | Ashby | https://jobs.ashbyhq.com/graphyte
2026-09-28 09:57:05,906 | INFO | SUCCESS | Ashby | https://jobs.ashbyhq.com/graphyte | jobs=1
2026-09-28 09:57:05,906 | INFO | START | Ashby | https://jobs.ashbyhq.com/bigeye
2026-09-28 09:57:05,982 | ERROR | FAILED | Ashby | https://jobs.ashbyhq.com/bigeye | error=404 Client Error: Not Found for url: https://api.ashbyhq.com/posting-api/job-board/bigeye?includeCompensation=true
2026-09-28 09:57:05,983 | INFO | START | Ashby | https://jobs.ashbyhq.com/windborne-systems
2026-09-28 09:57:06,063 | INFO | SUCCESS | Ashby | https://jobs.ashbyhq.com/windborne-systems | jobs=19
2026-09-28 09:57:06,063 | INFO | START | Lever | https://jobs.lever.co/tildei
2026-09-28 09:57:06,500 | INFO | SUCCESS | Lever | https://jobs.lever.co/tildei | jobs=1
2026-09-28 09:57:06,500 | INFO | START | Lever | https://jobs.lever.co/crewapp
2026-09-28 09:57:06,862 | ERROR | FAILED | Lever | https://jobs.lever.co/crewapp | error=404 Client Error: Not Found for url: https://api.lever.co/v0/postings/crewapp?mode=json
2026-09-28 09:57:06,865 | INFO | START | Lever | https://jobs.lever.co/mulhalls
2026-09-28 09:57:07,389 | INFO | SUCCESS | Lever | https://jobs.lever.co/mulhalls | jobs=6
2026-09-28 09:57:07,389 | INFO | START | Lever | https://jobs.lever.co/straitcapital
2026-09-28 09:57:07,689 | ERROR | FAILED | Lever | https://jobs.lever.co/straitcapital | error=404 Client Error: Not Found for url: https://api.lever.co/v0/postings/straitcapital?mode=json
2026-09-28 09:57:07,691 | INFO | START | Lever | https://jobs.lever.co/lqdigital
2026-09-28 09:57:08,434 | INFO | SUCCESS | Lever | https://jobs.lever.co/lqdigital | jobs=0
2026-09-28 09:57:08,435 | INFO | START | Lever | https://jobs.lever.co/d-one
2026-09-28 09:57:08,957 | ERROR | FAILED | Lever | https://jobs.lever.co/d-one | error=404 Client Error: Not Found for url: https://api.lever.co/v0/postings/d-one?mode=json
2026-09-28 09:57:08,958 | INFO | START | Lever | https://jobs.lever.co/Rebuilt
2026-09-28 09:57:09,588 | ERROR | FAILED | Lever | https://jobs.lever.co/Rebuilt | error=404 Client Error: Not Found for url: https://api.lever.co/v0/postings/Rebuilt?mode=json
2026-09-28 09:57:09,590 | INFO | START | Lever | https://jobs.lever.co/doranjones
2026-09-28 09:57:09,900 | INFO | SUCCESS | Lever | https://jobs.lever.co/doranjones | jobs=1
2026-09-28 09:57:09,900 | INFO | START | Lever | https://jobs.lever.co/robust-ai
2026-09-28 09:57:10,359 | INFO | SUCCESS | Lever | https://jobs.lever.co/robust-ai | jobs=5
2026-09-28 09:57:10,359 | INFO | START | Lever | https://jobs.lever.co/chec
2026-09-28 09:57:10,726 | ERROR | FAILED | Lever | https://jobs.lever.co/chec | error=404 Client Error: Not Found for url: https://api.lever.co/v0/postings/chec?mode=json
2026-09-28 09:57:10,728 | INFO | START | Greenhouse | https://job-boards.greenhouse.io/foodcorps
2026-09-28 09:57:10,854 | ERROR | FAILED | Greenhouse | https://job-boards.greenhouse.io/foodcorps | error=404 Client Error: Not Found for url: https://boards-api.greenhouse.io/v1/boards/foodcorps/jobs?content=true
2026-09-28 09:57:10,855 | INFO | START | Greenhouse | https://job-boards.greenhouse.io/casetify
2026-09-28 09:57:11,127 | INFO | SUCCESS | Greenhouse | https://job-boards.greenhouse.io/casetify | jobs=63
2026-09-28 09:57:11,127 | INFO | START | Greenhouse | https://job-boards.greenhouse.io/happifyhealth
2026-09-28 09:57:11,223 | ERROR | FAILED | Greenhouse | https://job-boards.greenhouse.io/happifyhealth | error=404 Client Error: Not Found for url: https://boards-api.greenhouse.io/v1/boards/happifyhealth/jobs?content=true
2026-09-28 09:57:11,224 | INFO | START | Greenhouse | https://job-boards.greenhouse.io/bird
2026-09-28 09:57:11,385 | INFO | SUCCESS | Greenhouse | https://job-boards.greenhouse.io/bird | jobs=31
2026-09-28 09:57:11,385 | INFO | START | Greenhouse | https://job-boards.greenhouse.io/dremio
2026-09-28 09:57:11,604 | INFO | SUCCESS | Greenhouse | https://job-boards.greenhouse.io/dremio | jobs=7
2026-09-28 09:57:11,604 | INFO | START | Greenhouse | https://job-boards.greenhouse.io/sterling
2026-09-28 09:57:11,727 | INFO | SUCCESS | Greenhouse | https://job-boards.greenhouse.io/sterling | jobs=2
2026-09-28 09:57:11,727 | INFO | START | Greenhouse | https://job-boards.greenhouse.io/parkmobileus
2026-09-28 09:57:11,847 | ERROR | FAILED | Greenhouse | https://job-boards.greenhouse.io/parkmobileus | error=404 Client Error: Not Found for url: https://boards-api.greenhouse.io/v1/boards/parkmobileus/jobs?content=true
2026-09-28 09:57:11,849 | INFO | START | Greenhouse | https://job-boards.greenhouse.io/merchantsauto
2026-09-28 09:57:11,979 | INFO | SUCCESS | Greenhouse | https://job-boards.greenhouse.io/merchantsauto | jobs=1
2026-09-28 09:57:11,980 | INFO | START | Greenhouse | https://job-boards.greenhouse.io/canopytax
2026-09-28 09:57:12,227 | INFO | SUCCESS | Greenhouse | https://job-boards.greenhouse.io/canopytax | jobs=12
2026-09-28 09:57:12,228 | INFO | START | Greenhouse | https://job-boards.greenhouse.io/straitsx
2026-09-28 09:57:12,358 | INFO | SUCCESS | Greenhouse | https://job-boards.greenhouse.io/straitsx | jobs=25
2026-09-28 09:57:12,358 | INFO | START | Greenhouse | https://job-boards.greenhouse.io/nycedc
2026-09-28 09:57:12,629 | INFO | SUCCESS | Greenhouse | https://job-boards.greenhouse.io/nycedc | jobs=32
2026-09-28 09:57:12,629 | INFO | START | Greenhouse | https://job-boards.greenhouse.io/fractalteam
2026-09-28 09:57:12,732 | ERROR | FAILED | Greenhouse | https://job-boards.greenhouse.io/fractalteam | error=404 Client Error: Not Found for url: https://boards-api.greenhouse.io/v1/boards/fractalteam/jobs?content=true
2026-09-28 09:57:12,732 | INFO | START | Greenhouse | https://job-boards.greenhouse.io/abdielcapital
2026-09-28 09:57:12,840 | INFO | SUCCESS | Greenhouse | https://job-boards.greenhouse.io/abdielcapital | jobs=0
2026-09-28 09:57:12,840 | INFO | START | Greenhouse | https://job-boards.greenhouse.io/github
2026-09-28 09:57:12,953 | ERROR | FAILED | Greenhouse | https://job-boards.greenhouse.io/github | error=404 Client Error: Not Found for url: https://boards-api.greenhouse.io/v1/boards/github/jobs?content=true
2026-09-28 09:57:12,954 | INFO | START | Greenhouse | https://job-boards.greenhouse.io/theplanningshopuk
2026-09-28 09:57:13,154 | INFO | SUCCESS | Greenhouse | https://job-boards.greenhouse.io/theplanningshopuk | jobs=0
2026-09-28 09:57:13,154 | INFO | START | Greenhouse | https://job-boards.greenhouse.io/mcafee
2026-09-28 09:57:13,292 | INFO | SUCCESS | Greenhouse | https://job-boards.greenhouse.io/mcafee | jobs=1
2026-09-28 09:57:13,292 | INFO | START | Greenhouse | https://job-boards.greenhouse.io/peoplestrata
2026-09-28 09:57:13,416 | INFO | SUCCESS | Greenhouse | https://job-boards.greenhouse.io/peoplestrata | jobs=0
2026-09-28 09:57:13,416 | INFO | START | Greenhouse | https://job-boards.greenhouse.io/c3
2026-09-28 09:57:13,538 | ERROR | FAILED | Greenhouse | https://job-boards.greenhouse.io/c3 | error=404 Client Error: Not Found for url: https://boards-api.greenhouse.io/v1/boards/c3/jobs?content=true
2026-09-28 09:57:13,540 | INFO | START | Greenhouse | https://job-boards.greenhouse.io/vsapartners
2026-09-28 09:57:13,966 | INFO | SUCCESS | Greenhouse | https://job-boards.greenhouse.io/vsapartners | jobs=11
2026-09-28 09:57:13,966 | INFO | START | Greenhouse | https://job-boards.greenhouse.io/zeel
2026-09-28 09:57:14,065 | ERROR | FAILED | Greenhouse | https://job-boards.greenhouse.io/zeel | error=404 Client Error: Not Found for url: https://boards-api.greenhouse.io/v1/boards/zeel/jobs?content=true
2026-09-28 09:57:14,066 | INFO | START | Ashby | https://jobs.ashbyhq.com/fastapicloud
2026-09-28 09:57:14,231 | ERROR | FAILED | Ashby | https://jobs.ashbyhq.com/fastapicloud | error=404 Client Error: Not Found for url: https://api.ashbyhq.com/posting-api/job-board/fastapicloud?includeCompensation=true
2026-09-28 09:57:14,233 | INFO | START | Ashby | https://jobs.ashbyhq.com/netgear
2026-09-28 09:57:14,357 | INFO | SUCCESS | Ashby | https://jobs.ashbyhq.com/netgear | jobs=51
2026-09-28 09:57:14,358 | INFO | START | Ashby | https://jobs.ashbyhq.com/base-operations
2026-09-28 09:57:14,464 | INFO | SUCCESS | Ashby | https://jobs.ashbyhq.com/base-operations | jobs=1
2026-09-28 09:57:14,464 | INFO | START | Ashby | https://jobs.ashbyhq.com/vultr
2026-09-28 09:57:14,615 | INFO | SUCCESS | Ashby | https://jobs.ashbyhq.com/vultr | jobs=53
2026-09-28 09:57:14,615 | INFO | START | Ashby | https://jobs.ashbyhq.com/Voya%20Energy
2026-09-28 09:57:14,777 | INFO | SUCCESS | Ashby | https://jobs.ashbyhq.com/Voya%20Energy | jobs=6
2026-09-28 09:57:14,777 | INFO | START | Ashby | https://jobs.ashbyhq.com/mexdigital
2026-09-28 09:57:14,881 | INFO | SUCCESS | Ashby | https://jobs.ashbyhq.com/mexdigital | jobs=14
2026-09-28 09:57:14,882 | INFO | START | Ashby | https://jobs.ashbyhq.com/zodl
2026-09-28 09:57:14,977 | INFO | SUCCESS | Ashby | https://jobs.ashbyhq.com/zodl | jobs=2
2026-09-28 09:57:14,977 | INFO | START | Ashby | https://jobs.ashbyhq.com/positive-development
2026-09-28 09:57:15,062 | INFO | SUCCESS | Ashby | https://jobs.ashbyhq.com/positive-development | jobs=56
2026-09-28 09:57:15,062 | INFO | START | Ashby | https://jobs.ashbyhq.com/arda-therapeutics
2026-09-28 09:57:15,148 | INFO | SUCCESS | Ashby | https://jobs.ashbyhq.com/arda-therapeutics | jobs=0
2026-09-28 09:57:15,149 | INFO | START | Ashby | https://jobs.ashbyhq.com/aryahealth.ai
2026-09-28 09:57:15,342 | INFO | SUCCESS | Ashby | https://jobs.ashbyhq.com/aryahealth.ai | jobs=14
2026-09-28 09:57:15,342 | INFO | START | Ashby | https://jobs.ashbyhq.com/abstraction.games
2026-09-28 09:57:15,414 | INFO | SUCCESS | Ashby | https://jobs.ashbyhq.com/abstraction.games | jobs=1
2026-09-28 09:57:15,414 | INFO | START | Ashby | https://jobs.ashbyhq.com/regent
2026-09-28 09:57:15,506 | INFO | SUCCESS | Ashby | https://jobs.ashbyhq.com/regent | jobs=28
2026-09-28 09:57:15,506 | INFO | START | Ashby | https://jobs.ashbyhq.com/hearth
2026-09-28 09:57:15,583 | ERROR | FAILED | Ashby | https://jobs.ashbyhq.com/hearth | error=404 Client Error: Not Found for url: https://api.ashbyhq.com/posting-api/job-board/hearth?includeCompensation=true
2026-09-28 09:57:15,584 | INFO | START | Ashby | https://jobs.ashbyhq.com/mistral.ai
2026-09-28 09:57:15,825 | INFO | SUCCESS | Ashby | https://jobs.ashbyhq.com/mistral.ai | jobs=210
2026-09-28 09:57:15,825 | INFO | START | Ashby | https://jobs.ashbyhq.com/impulse
2026-09-28 09:57:15,915 | INFO | SUCCESS | Ashby | https://jobs.ashbyhq.com/impulse | jobs=2
2026-09-28 09:57:15,915 | INFO | START | Ashby | https://jobs.ashbyhq.com/nen
2026-09-28 09:57:16,001 | ERROR | FAILED | Ashby | https://jobs.ashbyhq.com/nen | error=404 Client Error: Not Found for url: https://api.ashbyhq.com/posting-api/job-board/nen?includeCompensation=true
2026-09-28 09:57:16,002 | INFO | START | Ashby | https://jobs.ashbyhq.com/gridverify
2026-09-28 09:57:16,081 | INFO | SUCCESS | Ashby | https://jobs.ashbyhq.com/gridverify | jobs=5
2026-09-28 09:57:16,081 | INFO | START | Ashby | https://jobs.ashbyhq.com/graphyte
2026-09-28 09:57:16,155 | INFO | SUCCESS | Ashby | https://jobs.ashbyhq.com/graphyte | jobs=1
2026-09-28 09:57:16,155 | INFO | START | Ashby | https://jobs.ashbyhq.com/bigeye
2026-09-28 09:57:16,296 | ERROR | FAILED | Ashby | https://jobs.ashbyhq.com/bigeye | error=404 Client Error: Not Found for url: https://api.ashbyhq.com/posting-api/job-board/bigeye?includeCompensation=true
2026-09-28 09:57:16,297 | INFO | START | Ashby | https://jobs.ashbyhq.com/windborne-systems
2026-09-28 09:57:16,390 | INFO | SUCCESS | Ashby | https://jobs.ashbyhq.com/windborne-systems | jobs=19
2026-09-28 09:57:16,390 | INFO | START | Lever | https://jobs.lever.co/tildei
2026-09-28 09:57:16,835 | INFO | SUCCESS | Lever | https://jobs.lever.co/tildei | jobs=1
2026-09-28 09:57:16,835 | INFO | START | Lever | https://jobs.lever.co/crewapp
2026-09-28 09:57:17,133 | ERROR | FAILED | Lever | https://jobs.lever.co/crewapp | error=404 Client Error: Not Found for url: https://api.lever.co/v0/postings/crewapp?mode=json
2026-09-28 09:57:17,135 | INFO | START | Lever | https://jobs.lever.co/mulhalls
2026-09-28 09:57:17,615 | INFO | SUCCESS | Lever | https://jobs.lever.co/mulhalls | jobs=6
2026-09-28 09:57:17,615 | INFO | START | Lever | https://jobs.lever.co/straitcapital
2026-09-28 09:57:18,024 | ERROR | FAILED | Lever | https://jobs.lever.co/straitcapital | error=404 Client Error: Not Found for url: https://api.lever.co/v0/postings/straitcapital?mode=json
2026-09-28 09:57:18,025 | INFO | START | Lever | https://jobs.lever.co/lqdigital
2026-09-28 09:57:18,396 | INFO | SUCCESS | Lever | https://jobs.lever.co/lqdigital | jobs=0
2026-09-28 09:57:18,396 | INFO | START | Lever | https://jobs.lever.co/d-one
2026-09-28 09:57:18,722 | ERROR | FAILED | Lever | https://jobs.lever.co/d-one | error=404 Client Error: Not Found for url: https://api.lever.co/v0/postings/d-one?mode=json
2026-09-28 09:57:18,724 | INFO | START | Lever | https://jobs.lever.co/Rebuilt
2026-09-28 09:57:19,060 | ERROR | FAILED | Lever | https://jobs.lever.co/Rebuilt | error=404 Client Error: Not Found for url: https://api.lever.co/v0/postings/Rebuilt?mode=json
2026-09-28 09:57:19,061 | INFO | START | Lever | https://jobs.lever.co/doranjones
2026-09-28 09:57:19,448 | INFO | SUCCESS | Lever | https://jobs.lever.co/doranjones | jobs=1
2026-09-28 09:57:19,448 | INFO | START | Lever | https://jobs.lever.co/robust-ai
2026-09-28 09:57:19,875 | INFO | SUCCESS | Lever | https://jobs.lever.co/robust-ai | jobs=5
2026-09-28 09:57:19,876 | INFO | START | Lever | https://jobs.lever.co/chec
2026-09-28 09:57:20,262 | ERROR | FAILED | Lever | https://jobs.lever.co/chec | error=404 Client Error: Not Found for url: https://api.lever.co/v0/postings/chec?mode=json
2026-09-28 09:57:20,264 | INFO | START | Greenhouse | https://job-boards.greenhouse.io/foodcorps
2026-09-28 09:57:20,383 | ERROR | FAILED | Greenhouse | https://job-boards.greenhouse.io/foodcorps | error=404 Client Error: Not Found for url: https://boards-api.greenhouse.io/v1/boards/foodcorps/jobs?content=true
2026-09-28 09:57:20,384 | INFO | START | Greenhouse | https://job-boards.greenhouse.io/casetify
2026-09-28 09:57:20,678 | INFO | SUCCESS | Greenhouse | https://job-boards.greenhouse.io/casetify | jobs=63
2026-09-28 09:57:20,678 | INFO | START | Greenhouse | https://job-boards.greenhouse.io/happifyhealth
2026-09-28 09:57:20,822 | ERROR | FAILED | Greenhouse | https://job-boards.greenhouse.io/happifyhealth | error=404 Client Error: Not Found for url: https://boards-api.greenhouse.io/v1/boards/happifyhealth/jobs?content=true
2026-09-28 09:57:20,823 | INFO | START | Greenhouse | https://job-boards.greenhouse.io/bird
2026-09-28 09:57:21,068 | INFO | SUCCESS | Greenhouse | https://job-boards.greenhouse.io/bird | jobs=31
2026-09-28 09:57:21,068 | INFO | START | Greenhouse | https://job-boards.greenhouse.io/dremio
2026-09-28 09:57:21,191 | INFO | SUCCESS | Greenhouse | https://job-boards.greenhouse.io/dremio | jobs=7
2026-09-28 09:57:21,191 | INFO | START | Greenhouse | https://job-boards.greenhouse.io/sterling
2026-09-28 09:57:21,300 | INFO | SUCCESS | Greenhouse | https://job-boards.greenhouse.io/sterling | jobs=2
2026-09-28 09:57:21,300 | INFO | START | Greenhouse | https://job-boards.greenhouse.io/parkmobileus
2026-09-28 09:57:21,408 | ERROR | FAILED | Greenhouse | https://job-boards.greenhouse.io/parkmobileus | error=404 Client Error: Not Found for url: https://boards-api.greenhouse.io/v1/boards/parkmobileus/jobs?content=true
2026-09-28 09:57:21,410 | INFO | START | Greenhouse | https://job-boards.greenhouse.io/merchantsauto
2026-09-28 09:57:21,627 | INFO | SUCCESS | Greenhouse | https://job-boards.greenhouse.io/merchantsauto | jobs=1
2026-09-28 09:57:21,627 | INFO | START | Greenhouse | https://job-boards.greenhouse.io/canopytax
2026-09-28 09:57:21,785 | INFO | SUCCESS | Greenhouse | https://job-boards.greenhouse.io/canopytax | jobs=12
2026-09-28 09:57:21,785 | INFO | START | Greenhouse | https://job-boards.greenhouse.io/straitsx
2026-09-28 09:57:21,909 | INFO | SUCCESS | Greenhouse | https://job-boards.greenhouse.io/straitsx | jobs=25
2026-09-28 09:57:21,909 | INFO | START | Greenhouse | https://job-boards.greenhouse.io/nycedc
2026-09-28 09:57:22,225 | INFO | SUCCESS | Greenhouse | https://job-boards.greenhouse.io/nycedc | jobs=32
2026-09-28 09:57:22,225 | INFO | START | Greenhouse | https://job-boards.greenhouse.io/fractalteam
2026-09-28 09:57:22,318 | ERROR | FAILED | Greenhouse | https://job-boards.greenhouse.io/fractalteam | error=404 Client Error: Not Found for url: https://boards-api.greenhouse.io/v1/boards/fractalteam/jobs?content=true
2026-09-28 09:57:22,319 | INFO | START | Greenhouse | https://job-boards.greenhouse.io/abdielcapital
2026-09-28 09:57:22,423 | INFO | SUCCESS | Greenhouse | https://job-boards.greenhouse.io/abdielcapital | jobs=0
2026-09-28 09:57:22,424 | INFO | START | Greenhouse | https://job-boards.greenhouse.io/github
2026-09-28 09:57:22,590 | ERROR | FAILED | Greenhouse | https://job-boards.greenhouse.io/github | error=404 Client Error: Not Found for url: https://boards-api.greenhouse.io/v1/boards/github/jobs?content=true
2026-09-28 09:57:22,592 | INFO | START | Greenhouse | https://job-boards.greenhouse.io/theplanningshopuk
2026-09-28 09:57:22,787 | INFO | SUCCESS | Greenhouse | https://job-boards.greenhouse.io/theplanningshopuk | jobs=0
2026-09-28 09:57:22,787 | INFO | START | Greenhouse | https://job-boards.greenhouse.io/mcafee
2026-09-28 09:57:22,898 | INFO | SUCCESS | Greenhouse | https://job-boards.greenhouse.io/mcafee | jobs=1
2026-09-28 09:57:22,898 | INFO | START | Greenhouse | https://job-boards.greenhouse.io/peoplestrata
2026-09-28 09:57:23,036 | INFO | SUCCESS | Greenhouse | https://job-boards.greenhouse.io/peoplestrata | jobs=0
2026-09-28 09:57:23,036 | INFO | START | Greenhouse | https://job-boards.greenhouse.io/c3
2026-09-28 09:57:23,236 | ERROR | FAILED | Greenhouse | https://job-boards.greenhouse.io/c3 | error=404 Client Error: Not Found for url: https://boards-api.greenhouse.io/v1/boards/c3/jobs?content=true
2026-09-28 09:57:23,238 | INFO | START | Greenhouse | https://job-boards.greenhouse.io/vsapartners
2026-09-28 09:57:23,407 | INFO | SUCCESS | Greenhouse | https://job-boards.greenhouse.io/vsapartners | jobs=11
2026-09-28 09:57:23,407 | INFO | START | Greenhouse | https://job-boards.greenhouse.io/zeel
2026-09-28 09:57:23,637 | ERROR | FAILED | Greenhouse | https://job-boards.greenhouse.io/zeel | error=404 Client Error: Not Found for url: https://boards-api.greenhouse.io/v1/boards/zeel/jobs?content=true
2026-09-28 09:57:23,640 | INFO | START | Ashby | https://jobs.ashbyhq.com/fastapicloud
2026-09-28 09:57:23,739 | ERROR | FAILED | Ashby | https://jobs.ashbyhq.com/fastapicloud | error=404 Client Error: Not Found for url: https://api.ashbyhq.com/posting-api/job-board/fastapicloud?includeCompensation=true
2026-09-28 09:57:23,741 | INFO | START | Ashby | https://jobs.ashbyhq.com/netgear
2026-09-28 09:57:23,869 | INFO | SUCCESS | Ashby | https://jobs.ashbyhq.com/netgear | jobs=51
2026-09-28 09:57:23,869 | INFO | START | Ashby | https://jobs.ashbyhq.com/base-operations
2026-09-28 09:57:23,980 | INFO | SUCCESS | Ashby | https://jobs.ashbyhq.com/base-operations | jobs=1
2026-09-28 09:57:23,980 | INFO | START | Ashby | https://jobs.ashbyhq.com/vultr
2026-09-28 09:57:24,183 | INFO | SUCCESS | Ashby | https://jobs.ashbyhq.com/vultr | jobs=53
2026-09-28 09:57:24,183 | INFO | START | Ashby | https://jobs.ashbyhq.com/Voya%20Energy
2026-09-28 09:57:24,282 | INFO | SUCCESS | Ashby | https://jobs.ashbyhq.com/Voya%20Energy | jobs=6
2026-09-28 09:57:24,282 | INFO | START | Ashby | https://jobs.ashbyhq.com/mexdigital
2026-09-28 09:57:24,365 | INFO | SUCCESS | Ashby | https://jobs.ashbyhq.com/mexdigital | jobs=14
2026-09-28 09:57:24,365 | INFO | START | Ashby | https://jobs.ashbyhq.com/zodl
2026-09-28 09:57:24,442 | INFO | SUCCESS | Ashby | https://jobs.ashbyhq.com/zodl | jobs=2
2026-09-28 09:57:24,442 | INFO | START | Ashby | https://jobs.ashbyhq.com/positive-development
2026-09-28 09:57:24,536 | INFO | SUCCESS | Ashby | https://jobs.ashbyhq.com/positive-development | jobs=56
2026-09-28 09:57:24,536 | INFO | START | Ashby | https://jobs.ashbyhq.com/arda-therapeutics
2026-09-28 09:57:24,695 | INFO | SUCCESS | Ashby | https://jobs.ashbyhq.com/arda-therapeutics | jobs=0
2026-09-28 09:57:24,695 | INFO | START | Ashby | https://jobs.ashbyhq.com/aryahealth.ai
2026-09-28 09:57:24,780 | INFO | SUCCESS | Ashby | https://jobs.ashbyhq.com/aryahealth.ai | jobs=14
2026-09-28 09:57:24,780 | INFO | START | Ashby | https://jobs.ashbyhq.com/abstraction.games
2026-09-28 09:57:24,860 | INFO | SUCCESS | Ashby | https://jobs.ashbyhq.com/abstraction.games | jobs=1
2026-09-28 09:57:24,860 | INFO | START | Ashby | https://jobs.ashbyhq.com/regent
2026-09-28 09:57:24,975 | INFO | SUCCESS | Ashby | https://jobs.ashbyhq.com/regent | jobs=28
2026-09-28 09:57:24,975 | INFO | START | Ashby | https://jobs.ashbyhq.com/hearth
2026-09-28 09:57:25,045 | ERROR | FAILED | Ashby | https://jobs.ashbyhq.com/hearth | error=404 Client Error: Not Found for url: https://api.ashbyhq.com/posting-api/job-board/hearth?includeCompensation=true
2026-09-28 09:57:25,046 | INFO | START | Ashby | https://jobs.ashbyhq.com/mistral.ai
2026-09-28 09:57:25,264 | INFO | SUCCESS | Ashby | https://jobs.ashbyhq.com/mistral.ai | jobs=210
2026-09-28 09:57:25,264 | INFO | START | Ashby | https://jobs.ashbyhq.com/impulse
2026-09-28 09:57:25,350 | INFO | SUCCESS | Ashby | https://jobs.ashbyhq.com/impulse | jobs=2
2026-09-28 09:57:25,350 | INFO | START | Ashby | https://jobs.ashbyhq.com/nen
2026-09-28 09:57:25,419 | ERROR | FAILED | Ashby | https://jobs.ashbyhq.com/nen | error=404 Client Error: Not Found for url: https://api.ashbyhq.com/posting-api/job-board/nen?includeCompensation=true
2026-09-28 09:57:25,420 | INFO | START | Ashby | https://jobs.ashbyhq.com/gridverify
2026-09-28 09:57:25,500 | INFO | SUCCESS | Ashby | https://jobs.ashbyhq.com/gridverify | jobs=5
2026-09-28 09:57:25,500 | INFO | START | Ashby | https://jobs.ashbyhq.com/graphyte
2026-09-28 09:57:25,581 | INFO | SUCCESS | Ashby | https://jobs.ashbyhq.com/graphyte | jobs=1
2026-09-28 09:57:25,581 | INFO | START | Ashby | https://jobs.ashbyhq.com/bigeye
2026-09-28 09:57:25,733 | ERROR | FAILED | Ashby | https://jobs.ashbyhq.com/bigeye | error=404 Client Error: Not Found for url: https://api.ashbyhq.com/posting-api/job-board/bigeye?includeCompensation=true
2026-09-28 09:57:25,735 | INFO | START | Ashby | https://jobs.ashbyhq.com/windborne-systems
2026-09-28 09:57:25,842 | INFO | SUCCESS | Ashby | https://jobs.ashbyhq.com/windborne-systems | jobs=19
2026-09-28 09:57:25,842 | INFO | START | Lever | https://jobs.lever.co/tildei
2026-09-28 09:57:26,172 | INFO | SUCCESS | Lever | https://jobs.lever.co/tildei | jobs=1
2026-09-28 09:57:26,173 | INFO | START | Lever | https://jobs.lever.co/crewapp
2026-09-28 09:57:27,048 | ERROR | FAILED | Lever | https://jobs.lever.co/crewapp | error=404 Client Error: Not Found for url: https://api.lever.co/v0/postings/crewapp?mode=json
2026-09-28 09:57:27,050 | INFO | START | Lever | https://jobs.lever.co/mulhalls
2026-09-28 09:57:27,625 | INFO | SUCCESS | Lever | https://jobs.lever.co/mulhalls | jobs=6
2026-09-28 09:57:27,626 | INFO | START | Lever | https://jobs.lever.co/straitcapital
2026-09-28 09:57:27,968 | ERROR | FAILED | Lever | https://jobs.lever.co/straitcapital | error=404 Client Error: Not Found for url: https://api.lever.co/v0/postings/straitcapital?mode=json
2026-09-28 09:57:27,971 | INFO | START | Lever | https://jobs.lever.co/lqdigital
2026-09-28 09:57:28,359 | INFO | SUCCESS | Lever | https://jobs.lever.co/lqdigital | jobs=0
2026-09-28 09:57:28,359 | INFO | START | Lever | https://jobs.lever.co/d-one
2026-09-28 09:57:28,658 | ERROR | FAILED | Lever | https://jobs.lever.co/d-one | error=404 Client Error: Not Found for url: https://api.lever.co/v0/postings/d-one?mode=json
2026-09-28 09:57:28,661 | INFO | START | Lever | https://jobs.lever.co/Rebuilt
2026-09-28 09:57:29,008 | ERROR | FAILED | Lever | https://jobs.lever.co/Rebuilt | error=404 Client Error: Not Found for url: https://api.lever.co/v0/postings/Rebuilt?mode=json
2026-09-28 09:57:29,012 | INFO | START | Lever | https://jobs.lever.co/doranjones
2026-09-28 09:57:29,409 | INFO | SUCCESS | Lever | https://jobs.lever.co/doranjones | jobs=1
2026-09-28 09:57:29,409 | INFO | START | Lever | https://jobs.lever.co/robust-ai
2026-09-28 09:57:29,932 | INFO | SUCCESS | Lever | https://jobs.lever.co/robust-ai | jobs=5
2026-09-28 09:57:29,933 | INFO | START | Lever | https://jobs.lever.co/chec
2026-09-28 09:57:30,256 | ERROR | FAILED | Lever | https://jobs.lever.co/chec | error=404 Client Error: Not Found for url: https://api.lever.co/v0/postings/chec?mode=json
2026-09-28 09:57:30,258 | INFO | START | Greenhouse | https://job-boards.greenhouse.io/foodcorps
2026-09-28 09:57:30,452 | ERROR | FAILED | Greenhouse | https://job-boards.greenhouse.io/foodcorps | error=404 Client Error: Not Found for url: https://boards-api.greenhouse.io/v1/boards/foodcorps/jobs?content=true
2026-09-28 09:57:30,455 | INFO | START | Greenhouse | https://job-boards.greenhouse.io/casetify
2026-09-28 09:57:30,654 | INFO | SUCCESS | Greenhouse | https://job-boards.greenhouse.io/casetify | jobs=63
2026-09-28 09:57:30,654 | INFO | START | Greenhouse | https://job-boards.greenhouse.io/happifyhealth
2026-09-28 09:57:30,758 | ERROR | FAILED | Greenhouse | https://job-boards.greenhouse.io/happifyhealth | error=404 Client Error: Not Found for url: https://boards-api.greenhouse.io/v1/boards/happifyhealth/jobs?content=true
2026-09-28 09:57:30,758 | INFO | START | Greenhouse | https://job-boards.greenhouse.io/bird
2026-09-28 09:57:30,933 | INFO | SUCCESS | Greenhouse | https://job-boards.greenhouse.io/bird | jobs=31
2026-09-28 09:57:30,933 | INFO | START | Greenhouse | https://job-boards.greenhouse.io/dremio
2026-09-28 09:57:31,106 | INFO | SUCCESS | Greenhouse | https://job-boards.greenhouse.io/dremio | jobs=7
2026-09-28 09:57:31,106 | INFO | START | Greenhouse | https://job-boards.greenhouse.io/sterling
2026-09-28 09:57:31,535 | INFO | SUCCESS | Greenhouse | https://job-boards.greenhouse.io/sterling | jobs=2
2026-09-28 09:57:31,536 | INFO | START | Greenhouse | https://job-boards.greenhouse.io/parkmobileus
2026-09-28 09:57:31,654 | ERROR | FAILED | Greenhouse | https://job-boards.greenhouse.io/parkmobileus | error=404 Client Error: Not Found for url: https://boards-api.greenhouse.io/v1/boards/parkmobileus/jobs?content=true
2026-09-28 09:57:31,656 | INFO | START | Greenhouse | https://job-boards.greenhouse.io/merchantsauto
2026-09-28 09:57:31,794 | INFO | SUCCESS | Greenhouse | https://job-boards.greenhouse.io/merchantsauto | jobs=1
2026-09-28 09:57:31,794 | INFO | START | Greenhouse | https://job-boards.greenhouse.io/canopytax
2026-09-28 09:57:31,941 | INFO | SUCCESS | Greenhouse | https://job-boards.greenhouse.io/canopytax | jobs=12
2026-09-28 09:57:31,941 | INFO | START | Greenhouse | https://job-boards.greenhouse.io/straitsx
2026-09-28 09:57:32,157 | INFO | SUCCESS | Greenhouse | https://job-boards.greenhouse.io/straitsx | jobs=25
2026-09-28 09:57:32,157 | INFO | START | Greenhouse | https://job-boards.greenhouse.io/nycedc
2026-09-28 09:57:32,423 | INFO | SUCCESS | Greenhouse | https://job-boards.greenhouse.io/nycedc | jobs=32
2026-09-28 09:57:32,423 | INFO | START | Greenhouse | https://job-boards.greenhouse.io/fractalteam
2026-09-28 09:57:32,611 | ERROR | FAILED | Greenhouse | https://job-boards.greenhouse.io/fractalteam | error=404 Client Error: Not Found for url: https://boards-api.greenhouse.io/v1/boards/fractalteam/jobs?content=true
2026-09-28 09:57:32,613 | INFO | START | Greenhouse | https://job-boards.greenhouse.io/abdielcapital
2026-09-28 09:57:32,726 | INFO | SUCCESS | Greenhouse | https://job-boards.greenhouse.io/abdielcapital | jobs=0
2026-09-28 09:57:32,726 | INFO | START | Greenhouse | https://job-boards.greenhouse.io/github
2026-09-28 09:57:32,843 | ERROR | FAILED | Greenhouse | https://job-boards.greenhouse.io/github | error=404 Client Error: Not Found for url: https://boards-api.greenhouse.io/v1/boards/github/jobs?content=true
2026-09-28 09:57:32,845 | INFO | START | Greenhouse | https://job-boards.greenhouse.io/theplanningshopuk
2026-09-28 09:57:32,970 | INFO | SUCCESS | Greenhouse | https://job-boards.greenhouse.io/theplanningshopuk | jobs=0
2026-09-28 09:57:32,970 | INFO | START | Greenhouse | https://job-boards.greenhouse.io/mcafee
2026-09-28 09:57:33,197 | INFO | SUCCESS | Greenhouse | https://job-boards.greenhouse.io/mcafee | jobs=1
2026-09-28 09:57:33,197 | INFO | START | Greenhouse | https://job-boards.greenhouse.io/peoplestrata
2026-09-28 09:57:33,324 | INFO | SUCCESS | Greenhouse | https://job-boards.greenhouse.io/peoplestrata | jobs=0
2026-09-28 09:57:33,324 | INFO | START | Greenhouse | https://job-boards.greenhouse.io/c3
2026-09-28 09:57:33,446 | ERROR | FAILED | Greenhouse | https://job-boards.greenhouse.io/c3 | error=404 Client Error: Not Found for url: https://boards-api.greenhouse.io/v1/boards/c3/jobs?content=true
2026-09-28 09:57:33,448 | INFO | START | Greenhouse | https://job-boards.greenhouse.io/vsapartners
2026-09-28 09:57:33,699 | INFO | SUCCESS | Greenhouse | https://job-boards.greenhouse.io/vsapartners | jobs=11
2026-09-28 09:57:33,699 | INFO | START | Greenhouse | https://job-boards.greenhouse.io/zeel
2026-09-28 09:57:33,811 | ERROR | FAILED | Greenhouse | https://job-boards.greenhouse.io/zeel | error=404 Client Error: Not Found for url: https://boards-api.greenhouse.io/v1/boards/zeel/jobs?content=true
2026-09-28 09:57:33,812 | INFO | START | Ashby | https://jobs.ashbyhq.com/fastapicloud
2026-09-28 09:57:33,888 | ERROR | FAILED | Ashby | https://jobs.ashbyhq.com/fastapicloud | error=404 Client Error: Not Found for url: https://api.ashbyhq.com/posting-api/job-board/fastapicloud?includeCompensation=true
2026-09-28 09:57:33,888 | INFO | START | Ashby | https://jobs.ashbyhq.com/netgear
2026-09-28 09:57:33,996 | INFO | SUCCESS | Ashby | https://jobs.ashbyhq.com/netgear | jobs=51
2026-09-28 09:57:33,996 | INFO | START | Ashby | https://jobs.ashbyhq.com/base-operations
2026-09-28 09:57:34,174 | INFO | SUCCESS | Ashby | https://jobs.ashbyhq.com/base-operations | jobs=1
2026-09-28 09:57:34,174 | INFO | START | Ashby | https://jobs.ashbyhq.com/vultr
2026-09-28 09:57:34,306 | INFO | SUCCESS | Ashby | https://jobs.ashbyhq.com/vultr | jobs=53
2026-09-28 09:57:34,307 | INFO | START | Ashby | https://jobs.ashbyhq.com/Voya%20Energy
2026-09-28 09:57:34,385 | INFO | SUCCESS | Ashby | https://jobs.ashbyhq.com/Voya%20Energy | jobs=6
2026-09-28 09:57:34,385 | INFO | START | Ashby | https://jobs.ashbyhq.com/mexdigital
2026-09-28 09:57:34,472 | INFO | SUCCESS | Ashby | https://jobs.ashbyhq.com/mexdigital | jobs=14
2026-09-28 09:57:34,472 | INFO | START | Ashby | https://jobs.ashbyhq.com/zodl
2026-09-28 09:57:34,551 | INFO | SUCCESS | Ashby | https://jobs.ashbyhq.com/zodl | jobs=2
2026-09-28 09:57:34,551 | INFO | START | Ashby | https://jobs.ashbyhq.com/positive-development
2026-09-28 09:57:34,743 | INFO | SUCCESS | Ashby | https://jobs.ashbyhq.com/positive-development | jobs=56
2026-09-28 09:57:34,743 | INFO | START | Ashby | https://jobs.ashbyhq.com/arda-therapeutics
2026-09-28 09:57:34,820 | INFO | SUCCESS | Ashby | https://jobs.ashbyhq.com/arda-therapeutics | jobs=0
2026-09-28 09:57:34,820 | INFO | START | Ashby | https://jobs.ashbyhq.com/aryahealth.ai
2026-09-28 09:57:34,915 | INFO | SUCCESS | Ashby | https://jobs.ashbyhq.com/aryahealth.ai | jobs=14
2026-09-28 09:57:34,915 | INFO | START | Ashby | https://jobs.ashbyhq.com/abstraction.games
2026-09-28 09:57:34,995 | INFO | SUCCESS | Ashby | https://jobs.ashbyhq.com/abstraction.games | jobs=1
2026-09-28 09:57:34,995 | INFO | START | Ashby | https://jobs.ashbyhq.com/regent
2026-09-28 09:57:35,181 | INFO | SUCCESS | Ashby | https://jobs.ashbyhq.com/regent | jobs=28
2026-09-28 09:57:35,181 | INFO | START | Ashby | https://jobs.ashbyhq.com/hearth
2026-09-28 09:57:35,264 | ERROR | FAILED | Ashby | https://jobs.ashbyhq.com/hearth | error=404 Client Error: Not Found for url: https://api.ashbyhq.com/posting-api/job-board/hearth?includeCompensation=true
2026-09-28 09:57:35,265 | INFO | START | Ashby | https://jobs.ashbyhq.com/mistral.ai
2026-09-28 09:57:35,509 | INFO | SUCCESS | Ashby | https://jobs.ashbyhq.com/mistral.ai | jobs=210
2026-09-28 09:57:35,509 | INFO | START | Ashby | https://jobs.ashbyhq.com/impulse
2026-09-28 09:57:35,594 | INFO | SUCCESS | Ashby | https://jobs.ashbyhq.com/impulse | jobs=2
2026-09-28 09:57:35,594 | INFO | START | Ashby | https://jobs.ashbyhq.com/nen
2026-09-28 09:57:35,766 | ERROR | FAILED | Ashby | https://jobs.ashbyhq.com/nen | error=404 Client Error: Not Found for url: https://api.ashbyhq.com/posting-api/job-board/nen?includeCompensation=true
2026-09-28 09:57:35,767 | INFO | START | Ashby | https://jobs.ashbyhq.com/gridverify
2026-09-28 09:57:35,846 | INFO | SUCCESS | Ashby | https://jobs.ashbyhq.com/gridverify | jobs=5
2026-09-28 09:57:35,846 | INFO | START | Ashby | https://jobs.ashbyhq.com/graphyte
2026-09-28 09:57:35,940 | INFO | SUCCESS | Ashby | https://jobs.ashbyhq.com/graphyte | jobs=1
2026-09-28 09:57:35,940 | INFO | START | Ashby | https://jobs.ashbyhq.com/bigeye
2026-09-28 09:57:36,020 | ERROR | FAILED | Ashby | https://jobs.ashbyhq.com/bigeye | error=404 Client Error: Not Found for url: https://api.ashbyhq.com/posting-api/job-board/bigeye?includeCompensation=true
2026-09-28 09:57:36,021 | INFO | START | Ashby | https://jobs.ashbyhq.com/windborne-systems
2026-09-28 09:57:36,110 | INFO | SUCCESS | Ashby | https://jobs.ashbyhq.com/windborne-systems | jobs=19
2026-09-28 09:57:36,110 | INFO | START | Lever | https://jobs.lever.co/tildei
2026-09-28 09:57:36,454 | INFO | SUCCESS | Lever | https://jobs.lever.co/tildei | jobs=1
2026-09-28 09:57:36,454 | INFO | START | Lever | https://jobs.lever.co/crewapp
2026-09-28 09:57:36,826 | ERROR | FAILED | Lever | https://jobs.lever.co/crewapp | error=404 Client Error: Not Found for url: https://api.lever.co/v0/postings/crewapp?mode=json
2026-09-28 09:57:36,829 | INFO | START | Lever | https://jobs.lever.co/mulhalls
2026-09-28 09:57:37,336 | INFO | SUCCESS | Lever | https://jobs.lever.co/mulhalls | jobs=6
2026-09-28 09:57:37,337 | INFO | START | Lever | https://jobs.lever.co/straitcapital
2026-09-28 09:57:37,638 | ERROR | FAILED | Lever | https://jobs.lever.co/straitcapital | error=404 Client Error: Not Found for url: https://api.lever.co/v0/postings/straitcapital?mode=json
2026-09-28 09:57:37,642 | INFO | START | Lever | https://jobs.lever.co/lqdigital
2026-09-28 09:57:38,027 | INFO | SUCCESS | Lever | https://jobs.lever.co/lqdigital | jobs=0
2026-09-28 09:57:38,027 | INFO | START | Lever | https://jobs.lever.co/d-one
2026-09-28 09:57:38,385 | ERROR | FAILED | Lever | https://jobs.lever.co/d-one | error=404 Client Error: Not Found for url: https://api.lever.co/v0/postings/d-one?mode=json
2026-09-28 09:57:38,388 | INFO | START | Lever | https://jobs.lever.co/Rebuilt
2026-09-28 09:57:38,712 | ERROR | FAILED | Lever | https://jobs.lever.co/Rebuilt | error=404 Client Error: Not Found for url: https://api.lever.co/v0/postings/Rebuilt?mode=json
2026-09-28 09:57:38,715 | INFO | START | Lever | https://jobs.lever.co/doranjones
2026-09-28 09:57:39,083 | INFO | SUCCESS | Lever | https://jobs.lever.co/doranjones | jobs=1
2026-09-28 09:57:39,084 | INFO | START | Lever | https://jobs.lever.co/robust-ai
2026-09-28 09:57:39,567 | INFO | SUCCESS | Lever | https://jobs.lever.co/robust-ai | jobs=5
2026-09-28 09:57:39,567 | INFO | START | Lever | https://jobs.lever.co/chec
2026-09-28 09:57:39,890 | ERROR | FAILED | Lever | https://jobs.lever.co/chec | error=404 Client Error: Not Found for url: https://api.lever.co/v0/postings/chec?mode=json
2026-09-28 09:57:39,893 | INFO | START | Greenhouse | https://job-boards.greenhouse.io/foodcorps
2026-09-28 09:57:40,018 | ERROR | FAILED | Greenhouse | https://job-boards.greenhouse.io/foodcorps | error=404 Client Error: Not Found for url: https://boards-api.greenhouse.io/v1/boards/foodcorps/jobs?content=true
2026-09-28 09:57:40,020 | INFO | START | Greenhouse | https://job-boards.greenhouse.io/casetify
2026-09-28 09:57:40,227 | INFO | SUCCESS | Greenhouse | https://job-boards.greenhouse.io/casetify | jobs=63
2026-09-28 09:57:40,227 | INFO | START | Greenhouse | https://job-boards.greenhouse.io/happifyhealth
2026-09-28 09:57:40,413 | ERROR | FAILED | Greenhouse | https://job-boards.greenhouse.io/happifyhealth | error=404 Client Error: Not Found for url: https://boards-api.greenhouse.io/v1/boards/happifyhealth/jobs?content=true
2026-09-28 09:57:40,415 | INFO | START | Greenhouse | https://job-boards.greenhouse.io/bird
2026-09-28 09:57:40,611 | INFO | SUCCESS | Greenhouse | https://job-boards.greenhouse.io/bird | jobs=31
2026-09-28 09:57:40,611 | INFO | START | Greenhouse | https://job-boards.greenhouse.io/dremio
2026-09-28 09:57:40,734 | INFO | SUCCESS | Greenhouse | https://job-boards.greenhouse.io/dremio | jobs=7
2026-09-28 09:57:40,734 | INFO | START | Greenhouse | https://job-boards.greenhouse.io/sterling
2026-09-28 09:57:40,842 | INFO | SUCCESS | Greenhouse | https://job-boards.greenhouse.io/sterling | jobs=2
2026-09-28 09:57:40,842 | INFO | START | Greenhouse | https://job-boards.greenhouse.io/parkmobileus
2026-09-28 09:57:41,046 | ERROR | FAILED | Greenhouse | https://job-boards.greenhouse.io/parkmobileus | error=404 Client Error: Not Found for url: https://boards-api.greenhouse.io/v1/boards/parkmobileus/jobs?content=true
2026-09-28 09:57:41,047 | INFO | START | Greenhouse | https://job-boards.greenhouse.io/merchantsauto
2026-09-28 09:57:41,181 | INFO | SUCCESS | Greenhouse | https://job-boards.greenhouse.io/merchantsauto | jobs=1
2026-09-28 09:57:41,181 | INFO | START | Greenhouse | https://job-boards.greenhouse.io/canopytax
2026-09-28 09:57:41,327 | INFO | SUCCESS | Greenhouse | https://job-boards.greenhouse.io/canopytax | jobs=12
2026-09-28 09:57:41,327 | INFO | START | Greenhouse | https://job-boards.greenhouse.io/straitsx
2026-09-28 09:57:41,553 | INFO | SUCCESS | Greenhouse | https://job-boards.greenhouse.io/straitsx | jobs=25
2026-09-28 09:57:41,553 | INFO | START | Greenhouse | https://job-boards.greenhouse.io/nycedc
2026-09-28 09:57:41,834 | INFO | SUCCESS | Greenhouse | https://job-boards.greenhouse.io/nycedc | jobs=32
2026-09-28 09:57:41,834 | INFO | START | Greenhouse | https://job-boards.greenhouse.io/fractalteam
2026-09-28 09:57:41,986 | ERROR | FAILED | Greenhouse | https://job-boards.greenhouse.io/fractalteam | error=404 Client Error: Not Found for url: https://boards-api.greenhouse.io/v1/boards/fractalteam/jobs?content=true
2026-09-28 09:57:41,986 | INFO | START | Greenhouse | https://job-boards.greenhouse.io/abdielcapital
2026-09-28 09:57:42,099 | INFO | SUCCESS | Greenhouse | https://job-boards.greenhouse.io/abdielcapital | jobs=0
2026-09-28 09:57:42,100 | INFO | START | Greenhouse | https://job-boards.greenhouse.io/github
2026-09-28 09:57:42,218 | ERROR | FAILED | Greenhouse | https://job-boards.greenhouse.io/github | error=404 Client Error: Not Found for url: https://boards-api.greenhouse.io/v1/boards/github/jobs?content=true
2026-09-28 09:57:42,220 | INFO | START | Greenhouse | https://job-boards.greenhouse.io/theplanningshopuk
2026-09-28 09:57:42,353 | INFO | SUCCESS | Greenhouse | https://job-boards.greenhouse.io/theplanningshopuk | jobs=0
2026-09-28 09:57:42,353 | INFO | START | Greenhouse | https://job-boards.greenhouse.io/mcafee
2026-09-28 09:57:42,519 | INFO | SUCCESS | Greenhouse | https://job-boards.greenhouse.io/mcafee | jobs=1
2026-09-28 09:57:42,519 | INFO | START | Greenhouse | https://job-boards.greenhouse.io/peoplestrata
2026-09-28 09:57:42,629 | INFO | SUCCESS | Greenhouse | https://job-boards.greenhouse.io/peoplestrata | jobs=0
2026-09-28 09:57:42,629 | INFO | START | Greenhouse | https://job-boards.greenhouse.io/c3
2026-09-28 09:57:42,734 | ERROR | FAILED | Greenhouse | https://job-boards.greenhouse.io/c3 | error=404 Client Error: Not Found for url: https://boards-api.greenhouse.io/v1/boards/c3/jobs?content=true
2026-09-28 09:57:42,735 | INFO | START | Greenhouse | https://job-boards.greenhouse.io/vsapartners
2026-09-28 09:57:42,929 | INFO | SUCCESS | Greenhouse | https://job-boards.greenhouse.io/vsapartners | jobs=11
2026-09-28 09:57:42,929 | INFO | START | Greenhouse | https://job-boards.greenhouse.io/zeel
2026-09-28 09:57:43,108 | ERROR | FAILED | Greenhouse | https://job-boards.greenhouse.io/zeel | error=404 Client Error: Not Found for url: https://boards-api.greenhouse.io/v1/boards/zeel/jobs?content=true
2026-09-28 09:57:43,111 | INFO | START | Ashby | https://jobs.ashbyhq.com/fastapicloud
2026-09-28 09:57:43,231 | ERROR | FAILED | Ashby | https://jobs.ashbyhq.com/fastapicloud | error=404 Client Error: Not Found for url: https://api.ashbyhq.com/posting-api/job-board/fastapicloud?includeCompensation=true
2026-09-28 09:57:43,234 | INFO | START | Ashby | https://jobs.ashbyhq.com/netgear
2026-09-28 09:57:43,358 | INFO | SUCCESS | Ashby | https://jobs.ashbyhq.com/netgear | jobs=51
2026-09-28 09:57:43,358 | INFO | START | Ashby | https://jobs.ashbyhq.com/base-operations
2026-09-28 09:57:43,564 | INFO | SUCCESS | Ashby | https://jobs.ashbyhq.com/base-operations | jobs=1
2026-09-28 09:57:43,564 | INFO | START | Ashby | https://jobs.ashbyhq.com/vultr
2026-09-28 09:57:43,679 | INFO | SUCCESS | Ashby | https://jobs.ashbyhq.com/vultr | jobs=53
2026-09-28 09:57:43,679 | INFO | START | Ashby | https://jobs.ashbyhq.com/Voya%20Energy
2026-09-28 09:57:43,756 | INFO | SUCCESS | Ashby | https://jobs.ashbyhq.com/Voya%20Energy | jobs=6
2026-09-28 09:57:43,756 | INFO | START | Ashby | https://jobs.ashbyhq.com/mexdigital
2026-09-28 09:57:43,844 | INFO | SUCCESS | Ashby | https://jobs.ashbyhq.com/mexdigital | jobs=14
2026-09-28 09:57:43,844 | INFO | START | Ashby | https://jobs.ashbyhq.com/zodl
2026-09-28 09:57:43,923 | INFO | SUCCESS | Ashby | https://jobs.ashbyhq.com/zodl | jobs=2
2026-09-28 09:57:43,923 | INFO | START | Ashby | https://jobs.ashbyhq.com/positive-development
2026-09-28 09:57:44,097 | INFO | SUCCESS | Ashby | https://jobs.ashbyhq.com/positive-development | jobs=56
2026-09-28 09:57:44,097 | INFO | START | Ashby | https://jobs.ashbyhq.com/arda-therapeutics
2026-09-28 09:57:44,192 | INFO | SUCCESS | Ashby | https://jobs.ashbyhq.com/arda-therapeutics | jobs=0
2026-09-28 09:57:44,192 | INFO | START | Ashby | https://jobs.ashbyhq.com/aryahealth.ai
2026-09-28 09:57:44,296 | INFO | SUCCESS | Ashby | https://jobs.ashbyhq.com/aryahealth.ai | jobs=14
2026-09-28 09:57:44,296 | INFO | START | Ashby | https://jobs.ashbyhq.com/abstraction.games
2026-09-28 09:57:44,384 | INFO | SUCCESS | Ashby | https://jobs.ashbyhq.com/abstraction.games | jobs=1
2026-09-28 09:57:44,384 | INFO | START | Ashby | https://jobs.ashbyhq.com/regent
2026-09-28 09:57:44,477 | INFO | SUCCESS | Ashby | https://jobs.ashbyhq.com/regent | jobs=28
2026-09-28 09:57:44,477 | INFO | START | Ashby | https://jobs.ashbyhq.com/hearth
2026-09-28 09:57:44,640 | ERROR | FAILED | Ashby | https://jobs.ashbyhq.com/hearth | error=404 Client Error: Not Found for url: https://api.ashbyhq.com/posting-api/job-board/hearth?includeCompensation=true
2026-09-28 09:57:44,643 | INFO | START | Ashby | https://jobs.ashbyhq.com/mistral.ai
2026-09-28 09:57:44,839 | INFO | SUCCESS | Ashby | https://jobs.ashbyhq.com/mistral.ai | jobs=210
2026-09-28 09:57:44,839 | INFO | START | Ashby | https://jobs.ashbyhq.com/impulse
2026-09-28 09:57:44,925 | INFO | SUCCESS | Ashby | https://jobs.ashbyhq.com/impulse | jobs=2
2026-09-28 09:57:44,925 | INFO | START | Ashby | https://jobs.ashbyhq.com/nen
2026-09-28 09:57:45,006 | ERROR | FAILED | Ashby | https://jobs.ashbyhq.com/nen | error=404 Client Error: Not Found for url: https://api.ashbyhq.com/posting-api/job-board/nen?includeCompensation=true
2026-09-28 09:57:45,007 | INFO | START | Ashby | https://jobs.ashbyhq.com/gridverify
2026-09-28 09:57:45,196 | INFO | SUCCESS | Ashby | https://jobs.ashbyhq.com/gridverify | jobs=5
2026-09-28 09:57:45,196 | INFO | START | Ashby | https://jobs.ashbyhq.com/graphyte
2026-09-28 09:57:45,291 | INFO | SUCCESS | Ashby | https://jobs.ashbyhq.com/graphyte | jobs=1
2026-09-28 09:57:45,291 | INFO | START | Ashby | https://jobs.ashbyhq.com/bigeye
2026-09-28 09:57:45,371 | ERROR | FAILED | Ashby | https://jobs.ashbyhq.com/bigeye | error=404 Client Error: Not Found for url: https://api.ashbyhq.com/posting-api/job-board/bigeye?includeCompensation=true
2026-09-28 09:57:45,372 | INFO | START | Ashby | https://jobs.ashbyhq.com/windborne-systems
2026-09-28 09:57:45,463 | INFO | SUCCESS | Ashby | https://jobs.ashbyhq.com/windborne-systems | jobs=19
2026-09-28 09:57:45,463 | INFO | START | Lever | https://jobs.lever.co/tildei
2026-09-28 09:57:45,862 | INFO | SUCCESS | Lever | https://jobs.lever.co/tildei | jobs=1
2026-09-28 09:57:45,862 | INFO | START | Lever | https://jobs.lever.co/crewapp
2026-09-28 09:57:48,333 | ERROR | FAILED | Lever | https://jobs.lever.co/crewapp | error=404 Client Error: Not Found for url: https://api.lever.co/v0/postings/crewapp?mode=json
2026-09-28 09:57:48,335 | INFO | START | Lever | https://jobs.lever.co/mulhalls
2026-09-28 09:57:48,807 | INFO | SUCCESS | Lever | https://jobs.lever.co/mulhalls | jobs=6
2026-09-28 09:57:48,808 | INFO | START | Lever | https://jobs.lever.co/straitcapital
2026-09-28 09:57:49,103 | ERROR | FAILED | Lever | https://jobs.lever.co/straitcapital | error=404 Client Error: Not Found for url: https://api.lever.co/v0/postings/straitcapital?mode=json
2026-09-28 09:57:49,105 | INFO | START | Lever | https://jobs.lever.co/lqdigital
2026-09-28 09:57:49,466 | INFO | SUCCESS | Lever | https://jobs.lever.co/lqdigital | jobs=0
2026-09-28 09:57:49,466 | INFO | START | Lever | https://jobs.lever.co/d-one
2026-09-28 09:57:49,852 | ERROR | FAILED | Lever | https://jobs.lever.co/d-one | error=404 Client Error: Not Found for url: https://api.lever.co/v0/postings/d-one?mode=json
2026-09-28 09:57:49,854 | INFO | START | Lever | https://jobs.lever.co/Rebuilt
2026-09-28 09:57:50,146 | ERROR | FAILED | Lever | https://jobs.lever.co/Rebuilt | error=404 Client Error: Not Found for url: https://api.lever.co/v0/postings/Rebuilt?mode=json
2026-09-28 09:57:50,148 | INFO | START | Lever | https://jobs.lever.co/doranjones
2026-09-28 09:57:50,574 | INFO | SUCCESS | Lever | https://jobs.lever.co/doranjones | jobs=1
2026-09-28 09:57:50,575 | INFO | START | Lever | https://jobs.lever.co/robust-ai
2026-09-28 09:57:51,023 | INFO | SUCCESS | Lever | https://jobs.lever.co/robust-ai | jobs=5
2026-09-28 09:57:51,023 | INFO | START | Lever | https://jobs.lever.co/chec
2026-09-28 09:57:51,322 | ERROR | FAILED | Lever | https://jobs.lever.co/chec | error=404 Client Error: Not Found for url: https://api.lever.co/v0/postings/chec?mode=json
2026-09-28 09:57:51,324 | INFO | START | Greenhouse | https://job-boards.greenhouse.io/foodcorps
2026-09-28 09:57:51,535 | ERROR | FAILED | Greenhouse | https://job-boards.greenhouse.io/foodcorps | error=404 Client Error: Not Found for url: https://boards-api.greenhouse.io/v1/boards/foodcorps/jobs?content=true
2026-09-28 09:57:51,539 | INFO | START | Greenhouse | https://job-boards.greenhouse.io/casetify
2026-09-28 09:57:51,734 | INFO | SUCCESS | Greenhouse | https://job-boards.greenhouse.io/casetify | jobs=63
2026-09-28 09:57:51,734 | INFO | START | Greenhouse | https://job-boards.greenhouse.io/happifyhealth
2026-09-28 09:57:51,835 | ERROR | FAILED | Greenhouse | https://job-boards.greenhouse.io/happifyhealth | error=404 Client Error: Not Found for url: https://boards-api.greenhouse.io/v1/boards/happifyhealth/jobs?content=true
2026-09-28 09:57:51,836 | INFO | START | Greenhouse | https://job-boards.greenhouse.io/bird
2026-09-28 09:57:52,104 | INFO | SUCCESS | Greenhouse | https://job-boards.greenhouse.io/bird | jobs=31
2026-09-28 09:57:52,104 | INFO | START | Greenhouse | https://job-boards.greenhouse.io/dremio
2026-09-28 09:57:52,234 | INFO | SUCCESS | Greenhouse | https://job-boards.greenhouse.io/dremio | jobs=7
2026-09-28 09:57:52,234 | INFO | START | Greenhouse | https://job-boards.greenhouse.io/sterling
2026-09-28 09:57:52,480 | INFO | SUCCESS | Greenhouse | https://job-boards.greenhouse.io/sterling | jobs=2
2026-09-28 09:57:52,480 | INFO | START | Greenhouse | https://job-boards.greenhouse.io/parkmobileus
2026-09-28 09:57:52,596 | ERROR | FAILED | Greenhouse | https://job-boards.greenhouse.io/parkmobileus | error=404 Client Error: Not Found for url: https://boards-api.greenhouse.io/v1/boards/parkmobileus/jobs?content=true
2026-09-28 09:57:52,597 | INFO | START | Greenhouse | https://job-boards.greenhouse.io/merchantsauto
2026-09-28 09:57:52,720 | INFO | SUCCESS | Greenhouse | https://job-boards.greenhouse.io/merchantsauto | jobs=1
2026-09-28 09:57:52,721 | INFO | START | Greenhouse | https://job-boards.greenhouse.io/canopytax
2026-09-28 09:57:52,876 | INFO | SUCCESS | Greenhouse | https://job-boards.greenhouse.io/canopytax | jobs=12
2026-09-28 09:57:52,876 | INFO | START | Greenhouse | https://job-boards.greenhouse.io/straitsx
2026-09-28 09:57:53,115 | INFO | SUCCESS | Greenhouse | https://job-boards.greenhouse.io/straitsx | jobs=25
2026-09-28 09:57:53,115 | INFO | START | Greenhouse | https://job-boards.greenhouse.io/nycedc
2026-09-28 09:57:53,376 | INFO | SUCCESS | Greenhouse | https://job-boards.greenhouse.io/nycedc | jobs=32
2026-09-28 09:57:53,376 | INFO | START | Greenhouse | https://job-boards.greenhouse.io/fractalteam
2026-09-28 09:57:53,519 | ERROR | FAILED | Greenhouse | https://job-boards.greenhouse.io/fractalteam | error=404 Client Error: Not Found for url: https://boards-api.greenhouse.io/v1/boards/fractalteam/jobs?content=true
2026-09-28 09:57:53,520 | INFO | START | Greenhouse | https://job-boards.greenhouse.io/abdielcapital
2026-09-28 09:57:53,636 | INFO | SUCCESS | Greenhouse | https://job-boards.greenhouse.io/abdielcapital | jobs=0
2026-09-28 09:57:53,636 | INFO | START | Greenhouse | https://job-boards.greenhouse.io/github
2026-09-28 09:57:53,756 | ERROR | FAILED | Greenhouse | https://job-boards.greenhouse.io/github | error=404 Client Error: Not Found for url: https://boards-api.greenhouse.io/v1/boards/github/jobs?content=true
2026-09-28 09:57:53,757 | INFO | START | Greenhouse | https://job-boards.greenhouse.io/theplanningshopuk
2026-09-28 09:57:53,869 | INFO | SUCCESS | Greenhouse | https://job-boards.greenhouse.io/theplanningshopuk | jobs=0
2026-09-28 09:57:53,869 | INFO | START | Greenhouse | https://job-boards.greenhouse.io/mcafee
2026-09-28 09:57:54,052 | INFO | SUCCESS | Greenhouse | https://job-boards.greenhouse.io/mcafee | jobs=1
2026-09-28 09:57:54,053 | INFO | START | Greenhouse | https://job-boards.greenhouse.io/peoplestrata
2026-09-28 09:57:54,172 | INFO | SUCCESS | Greenhouse | https://job-boards.greenhouse.io/peoplestrata | jobs=0
2026-09-28 09:57:54,173 | INFO | START | Greenhouse | https://job-boards.greenhouse.io/c3
2026-09-28 09:57:54,280 | ERROR | FAILED | Greenhouse | https://job-boards.greenhouse.io/c3 | error=404 Client Error: Not Found for url: https://boards-api.greenhouse.io/v1/boards/c3/jobs?content=true
2026-09-28 09:57:54,281 | INFO | START | Greenhouse | https://job-boards.greenhouse.io/vsapartners
2026-09-28 09:57:54,441 | INFO | SUCCESS | Greenhouse | https://job-boards.greenhouse.io/vsapartners | jobs=11
2026-09-28 09:57:54,441 | INFO | START | Greenhouse | https://job-boards.greenhouse.io/zeel
2026-09-28 09:57:54,636 | ERROR | FAILED | Greenhouse | https://job-boards.greenhouse.io/zeel | error=404 Client Error: Not Found for url: https://boards-api.greenhouse.io/v1/boards/zeel/jobs?content=true
2026-09-28 09:57:54,638 | INFO | START | Ashby | https://jobs.ashbyhq.com/fastapicloud
2026-09-28 09:57:54,775 | ERROR | FAILED | Ashby | https://jobs.ashbyhq.com/fastapicloud | error=404 Client Error: Not Found for url: https://api.ashbyhq.com/posting-api/job-board/fastapicloud?includeCompensation=true
2026-09-28 09:57:54,776 | INFO | START | Ashby | https://jobs.ashbyhq.com/netgear
2026-09-28 09:57:54,905 | INFO | SUCCESS | Ashby | https://jobs.ashbyhq.com/netgear | jobs=51
2026-09-28 09:57:54,905 | INFO | START | Ashby | https://jobs.ashbyhq.com/base-operations
2026-09-28 09:57:54,999 | INFO | SUCCESS | Ashby | https://jobs.ashbyhq.com/base-operations | jobs=1
2026-09-28 09:57:54,999 | INFO | START | Ashby | https://jobs.ashbyhq.com/vultr
2026-09-28 09:57:55,223 | INFO | SUCCESS | Ashby | https://jobs.ashbyhq.com/vultr | jobs=53
2026-09-28 09:57:55,223 | INFO | START | Ashby | https://jobs.ashbyhq.com/Voya%20Energy
2026-09-28 09:57:55,308 | INFO | SUCCESS | Ashby | https://jobs.ashbyhq.com/Voya%20Energy | jobs=6
2026-09-28 09:57:55,308 | INFO | START | Ashby | https://jobs.ashbyhq.com/mexdigital
2026-09-28 09:57:55,386 | INFO | SUCCESS | Ashby | https://jobs.ashbyhq.com/mexdigital | jobs=14
2026-09-28 09:57:55,386 | INFO | START | Ashby | https://jobs.ashbyhq.com/zodl
2026-09-28 09:57:55,459 | INFO | SUCCESS | Ashby | https://jobs.ashbyhq.com/zodl | jobs=2
2026-09-28 09:57:55,459 | INFO | START | Ashby | https://jobs.ashbyhq.com/positive-development
2026-09-28 09:57:55,625 | INFO | SUCCESS | Ashby | https://jobs.ashbyhq.com/positive-development | jobs=56
2026-09-28 09:57:55,625 | INFO | START | Ashby | https://jobs.ashbyhq.com/arda-therapeutics
2026-09-28 09:57:55,711 | INFO | SUCCESS | Ashby | https://jobs.ashbyhq.com/arda-therapeutics | jobs=0
2026-09-28 09:57:55,711 | INFO | START | Ashby | https://jobs.ashbyhq.com/aryahealth.ai
2026-09-28 09:57:55,817 | INFO | SUCCESS | Ashby | https://jobs.ashbyhq.com/aryahealth.ai | jobs=14
2026-09-28 09:57:55,817 | INFO | START | Ashby | https://jobs.ashbyhq.com/abstraction.games
2026-09-28 09:57:55,898 | INFO | SUCCESS | Ashby | https://jobs.ashbyhq.com/abstraction.games | jobs=1
2026-09-28 09:57:55,898 | INFO | START | Ashby | https://jobs.ashbyhq.com/regent
2026-09-28 09:57:56,006 | INFO | SUCCESS | Ashby | https://jobs.ashbyhq.com/regent | jobs=28
2026-09-28 09:57:56,007 | INFO | START | Ashby | https://jobs.ashbyhq.com/hearth
2026-09-28 09:57:56,165 | ERROR | FAILED | Ashby | https://jobs.ashbyhq.com/hearth | error=404 Client Error: Not Found for url: https://api.ashbyhq.com/posting-api/job-board/hearth?includeCompensation=true
2026-09-28 09:57:56,168 | INFO | START | Ashby | https://jobs.ashbyhq.com/mistral.ai
2026-09-28 09:57:56,385 | INFO | SUCCESS | Ashby | https://jobs.ashbyhq.com/mistral.ai | jobs=210
2026-09-28 09:57:56,385 | INFO | START | Ashby | https://jobs.ashbyhq.com/impulse
2026-09-28 09:57:56,462 | INFO | SUCCESS | Ashby | https://jobs.ashbyhq.com/impulse | jobs=2
2026-09-28 09:57:56,462 | INFO | START | Ashby | https://jobs.ashbyhq.com/nen
2026-09-28 09:57:56,539 | ERROR | FAILED | Ashby | https://jobs.ashbyhq.com/nen | error=404 Client Error: Not Found for url: https://api.ashbyhq.com/posting-api/job-board/nen?includeCompensation=true
2026-09-28 09:57:56,540 | INFO | START | Ashby | https://jobs.ashbyhq.com/gridverify
2026-09-28 09:57:56,707 | INFO | SUCCESS | Ashby | https://jobs.ashbyhq.com/gridverify | jobs=5
2026-09-28 09:57:56,707 | INFO | START | Ashby | https://jobs.ashbyhq.com/graphyte
2026-09-28 09:57:56,785 | INFO | SUCCESS | Ashby | https://jobs.ashbyhq.com/graphyte | jobs=1
2026-09-28 09:57:56,785 | INFO | START | Ashby | https://jobs.ashbyhq.com/bigeye
2026-09-28 09:57:56,915 | ERROR | FAILED | Ashby | https://jobs.ashbyhq.com/bigeye | error=404 Client Error: Not Found for url: https://api.ashbyhq.com/posting-api/job-board/bigeye?includeCompensation=true
2026-09-28 09:57:56,917 | INFO | START | Ashby | https://jobs.ashbyhq.com/windborne-systems
2026-09-28 09:57:57,013 | INFO | SUCCESS | Ashby | https://jobs.ashbyhq.com/windborne-systems | jobs=19
2026-09-28 09:57:57,013 | INFO | START | Lever | https://jobs.lever.co/tildei
2026-09-28 09:57:57,395 | INFO | SUCCESS | Lever | https://jobs.lever.co/tildei | jobs=1
2026-09-28 09:57:57,395 | INFO | START | Lever | https://jobs.lever.co/crewapp
2026-09-28 09:57:57,780 | ERROR | FAILED | Lever | https://jobs.lever.co/crewapp | error=404 Client Error: Not Found for url: https://api.lever.co/v0/postings/crewapp?mode=json
2026-09-28 09:57:57,783 | INFO | START | Lever | https://jobs.lever.co/mulhalls
2026-09-28 09:57:58,305 | INFO | SUCCESS | Lever | https://jobs.lever.co/mulhalls | jobs=6
2026-09-28 09:57:58,305 | INFO | START | Lever | https://jobs.lever.co/straitcapital
2026-09-28 09:57:58,598 | ERROR | FAILED | Lever | https://jobs.lever.co/straitcapital | error=404 Client Error: Not Found for url: https://api.lever.co/v0/postings/straitcapital?mode=json
2026-09-28 09:57:58,600 | INFO | START | Lever | https://jobs.lever.co/lqdigital
2026-09-28 09:57:58,974 | INFO | SUCCESS | Lever | https://jobs.lever.co/lqdigital | jobs=0
2026-09-28 09:57:58,975 | INFO | START | Lever | https://jobs.lever.co/d-one
2026-09-28 09:57:59,289 | ERROR | FAILED | Lever | https://jobs.lever.co/d-one | error=404 Client Error: Not Found for url: https://api.lever.co/v0/postings/d-one?mode=json
2026-09-28 09:57:59,290 | INFO | START | Lever | https://jobs.lever.co/Rebuilt
2026-09-28 09:57:59,573 | ERROR | FAILED | Lever | https://jobs.lever.co/Rebuilt | error=404 Client Error: Not Found for url: https://api.lever.co/v0/postings/Rebuilt?mode=json
2026-09-28 09:57:59,575 | INFO | START | Lever | https://jobs.lever.co/doranjones
2026-09-28 09:57:59,950 | INFO | SUCCESS | Lever | https://jobs.lever.co/doranjones | jobs=1
2026-09-28 09:57:59,950 | INFO | START | Lever | https://jobs.lever.co/robust-ai
2026-09-28 09:58:00,401 | INFO | SUCCESS | Lever | https://jobs.lever.co/robust-ai | jobs=5
2026-09-28 09:58:00,401 | INFO | START | Lever | https://jobs.lever.co/chec
2026-09-28 09:58:00,698 | ERROR | FAILED | Lever | https://jobs.lever.co/chec | error=404 Client Error: Not Found for url: https://api.lever.co/v0/postings/chec?mode=json
2026-09-28 09:58:00,700 | INFO | START | Greenhouse | https://job-boards.greenhouse.io/foodcorps
2026-09-28 09:58:00,861 | ERROR | FAILED | Greenhouse | https://job-boards.greenhouse.io/foodcorps | error=404 Client Error: Not Found for url: https://boards-api.greenhouse.io/v1/boards/foodcorps/jobs?content=true
2026-09-28 09:58:00,863 | INFO | START | Greenhouse | https://job-boards.greenhouse.io/casetify
2026-09-28 09:58:01,070 | INFO | SUCCESS | Greenhouse | https://job-boards.greenhouse.io/casetify | jobs=63
2026-09-28 09:58:01,070 | INFO | START | Greenhouse | https://job-boards.greenhouse.io/happifyhealth
2026-09-28 09:58:01,175 | ERROR | FAILED | Greenhouse | https://job-boards.greenhouse.io/happifyhealth | error=404 Client Error: Not Found for url: https://boards-api.greenhouse.io/v1/boards/happifyhealth/jobs?content=true
2026-09-28 09:58:01,176 | INFO | START | Greenhouse | https://job-boards.greenhouse.io/bird
2026-09-28 09:58:01,440 | INFO | SUCCESS | Greenhouse | https://job-boards.greenhouse.io/bird | jobs=31
2026-09-28 09:58:01,440 | INFO | START | Greenhouse | https://job-boards.greenhouse.io/dremio
2026-09-28 09:58:01,607 | INFO | SUCCESS | Greenhouse | https://job-boards.greenhouse.io/dremio | jobs=7
2026-09-28 09:58:01,607 | INFO | START | Greenhouse | https://job-boards.greenhouse.io/sterling
2026-09-28 09:58:01,719 | INFO | SUCCESS | Greenhouse | https://job-boards.greenhouse.io/sterling | jobs=2
2026-09-28 09:58:01,719 | INFO | START | Greenhouse | https://job-boards.greenhouse.io/parkmobileus
2026-09-28 09:58:01,909 | ERROR | FAILED | Greenhouse | https://job-boards.greenhouse.io/parkmobileus | error=404 Client Error: Not Found for url: https://boards-api.greenhouse.io/v1/boards/parkmobileus/jobs?content=true
2026-09-28 09:58:01,913 | INFO | START | Greenhouse | https://job-boards.greenhouse.io/merchantsauto
2026-09-28 09:58:02,047 | INFO | SUCCESS | Greenhouse | https://job-boards.greenhouse.io/merchantsauto | jobs=1
2026-09-28 09:58:02,047 | INFO | START | Greenhouse | https://job-boards.greenhouse.io/canopytax
2026-09-28 09:58:02,226 | INFO | SUCCESS | Greenhouse | https://job-boards.greenhouse.io/canopytax | jobs=12
2026-09-28 09:58:02,226 | INFO | START | Greenhouse | https://job-boards.greenhouse.io/straitsx
2026-09-28 09:58:02,455 | INFO | SUCCESS | Greenhouse | https://job-boards.greenhouse.io/straitsx | jobs=25
2026-09-28 09:58:02,455 | INFO | START | Greenhouse | https://job-boards.greenhouse.io/nycedc
2026-09-28 09:58:02,762 | INFO | SUCCESS | Greenhouse | https://job-boards.greenhouse.io/nycedc | jobs=32
2026-09-28 09:58:02,762 | INFO | START | Greenhouse | https://job-boards.greenhouse.io/fractalteam
2026-09-28 09:58:02,857 | ERROR | FAILED | Greenhouse | https://job-boards.greenhouse.io/fractalteam | error=404 Client Error: Not Found for url: https://boards-api.greenhouse.io/v1/boards/fractalteam/jobs?content=true
2026-09-28 09:58:02,858 | INFO | START | Greenhouse | https://job-boards.greenhouse.io/abdielcapital
2026-09-28 09:58:03,057 | INFO | SUCCESS | Greenhouse | https://job-boards.greenhouse.io/abdielcapital | jobs=0
2026-09-28 09:58:03,057 | INFO | START | Greenhouse | https://job-boards.greenhouse.io/github
2026-09-28 09:58:03,175 | ERROR | FAILED | Greenhouse | https://job-boards.greenhouse.io/github | error=404 Client Error: Not Found for url: https://boards-api.greenhouse.io/v1/boards/github/jobs?content=true
2026-09-28 09:58:03,177 | INFO | START | Greenhouse | https://job-boards.greenhouse.io/theplanningshopuk
2026-09-28 09:58:03,333 | INFO | SUCCESS | Greenhouse | https://job-boards.greenhouse.io/theplanningshopuk | jobs=0
2026-09-28 09:58:03,333 | INFO | START | Greenhouse | https://job-boards.greenhouse.io/mcafee
2026-09-28 09:58:03,490 | INFO | SUCCESS | Greenhouse | https://job-boards.greenhouse.io/mcafee | jobs=1
2026-09-28 09:58:03,490 | INFO | START | Greenhouse | https://job-boards.greenhouse.io/peoplestrata
2026-09-28 09:58:03,612 | INFO | SUCCESS | Greenhouse | https://job-boards.greenhouse.io/peoplestrata | jobs=0
2026-09-28 09:58:03,613 | INFO | START | Greenhouse | https://job-boards.greenhouse.io/c3
2026-09-28 09:58:03,723 | ERROR | FAILED | Greenhouse | https://job-boards.greenhouse.io/c3 | error=404 Client Error: Not Found for url: https://boards-api.greenhouse.io/v1/boards/c3/jobs?content=true
2026-09-28 09:58:03,724 | INFO | START | Greenhouse | https://job-boards.greenhouse.io/vsapartners
2026-09-28 09:58:03,884 | INFO | SUCCESS | Greenhouse | https://job-boards.greenhouse.io/vsapartners | jobs=11
2026-09-28 09:58:03,884 | INFO | START | Greenhouse | https://job-boards.greenhouse.io/zeel
2026-09-28 09:58:04,244 | ERROR | FAILED | Greenhouse | https://job-boards.greenhouse.io/zeel | error=404 Client Error: Not Found for url: https://boards-api.greenhouse.io/v1/boards/zeel/jobs?content=true
2026-09-28 09:58:04,248 | INFO | START | Ashby | https://jobs.ashbyhq.com/fastapicloud
2026-09-28 09:58:04,334 | ERROR | FAILED | Ashby | https://jobs.ashbyhq.com/fastapicloud | error=404 Client Error: Not Found for url: https://api.ashbyhq.com/posting-api/job-board/fastapicloud?includeCompensation=true
2026-09-28 09:58:04,335 | INFO | START | Ashby | https://jobs.ashbyhq.com/netgear
2026-09-28 09:58:04,548 | INFO | SUCCESS | Ashby | https://jobs.ashbyhq.com/netgear | jobs=51
2026-09-28 09:58:04,548 | INFO | START | Ashby | https://jobs.ashbyhq.com/base-operations
2026-09-28 09:58:04,651 | INFO | SUCCESS | Ashby | https://jobs.ashbyhq.com/base-operations | jobs=1
2026-09-28 09:58:04,651 | INFO | START | Ashby | https://jobs.ashbyhq.com/vultr
2026-09-28 09:58:04,767 | INFO | SUCCESS | Ashby | https://jobs.ashbyhq.com/vultr | jobs=53
2026-09-28 09:58:04,767 | INFO | START | Ashby | https://jobs.ashbyhq.com/Voya%20Energy
2026-09-28 09:58:04,851 | INFO | SUCCESS | Ashby | https://jobs.ashbyhq.com/Voya%20Energy | jobs=6
2026-09-28 09:58:04,851 | INFO | START | Ashby | https://jobs.ashbyhq.com/mexdigital
2026-09-28 09:58:05,058 | INFO | SUCCESS | Ashby | https://jobs.ashbyhq.com/mexdigital | jobs=14
2026-09-28 09:58:05,059 | INFO | START | Ashby | https://jobs.ashbyhq.com/zodl
2026-09-28 09:58:05,143 | INFO | SUCCESS | Ashby | https://jobs.ashbyhq.com/zodl | jobs=2
2026-09-28 09:58:05,143 | INFO | START | Ashby | https://jobs.ashbyhq.com/positive-development
2026-09-28 09:58:05,230 | INFO | SUCCESS | Ashby | https://jobs.ashbyhq.com/positive-development | jobs=56
2026-09-28 09:58:05,231 | INFO | START | Ashby | https://jobs.ashbyhq.com/arda-therapeutics
2026-09-28 09:58:05,312 | INFO | SUCCESS | Ashby | https://jobs.ashbyhq.com/arda-therapeutics | jobs=0
2026-09-28 09:58:05,312 | INFO | START | Ashby | https://jobs.ashbyhq.com/aryahealth.ai
2026-09-28 09:58:05,417 | INFO | SUCCESS | Ashby | https://jobs.ashbyhq.com/aryahealth.ai | jobs=14
2026-09-28 09:58:05,418 | INFO | START | Ashby | https://jobs.ashbyhq.com/abstraction.games
2026-09-28 09:58:05,582 | INFO | SUCCESS | Ashby | https://jobs.ashbyhq.com/abstraction.games | jobs=1
2026-09-28 09:58:05,582 | INFO | START | Ashby | https://jobs.ashbyhq.com/regent
2026-09-28 09:58:05,702 | INFO | SUCCESS | Ashby | https://jobs.ashbyhq.com/regent | jobs=28
2026-09-28 09:58:05,702 | INFO | START | Ashby | https://jobs.ashbyhq.com/hearth
2026-09-28 09:58:05,784 | ERROR | FAILED | Ashby | https://jobs.ashbyhq.com/hearth | error=404 Client Error: Not Found for url: https://api.ashbyhq.com/posting-api/job-board/hearth?includeCompensation=true
2026-09-28 09:58:05,785 | INFO | START | Ashby | https://jobs.ashbyhq.com/mistral.ai
2026-09-28 09:58:05,985 | INFO | SUCCESS | Ashby | https://jobs.ashbyhq.com/mistral.ai | jobs=210
2026-09-28 09:58:05,985 | INFO | START | Ashby | https://jobs.ashbyhq.com/impulse
2026-09-28 09:58:06,147 | INFO | SUCCESS | Ashby | https://jobs.ashbyhq.com/impulse | jobs=2
2026-09-28 09:58:06,147 | INFO | START | Ashby | https://jobs.ashbyhq.com/nen
2026-09-28 09:58:06,233 | ERROR | FAILED | Ashby | https://jobs.ashbyhq.com/nen | error=404 Client Error: Not Found for url: https://api.ashbyhq.com/posting-api/job-board/nen?includeCompensation=true
2026-09-28 09:58:06,235 | INFO | START | Ashby | https://jobs.ashbyhq.com/gridverify
2026-09-28 09:58:06,311 | INFO | SUCCESS | Ashby | https://jobs.ashbyhq.com/gridverify | jobs=5
2026-09-28 09:58:06,311 | INFO | START | Ashby | https://jobs.ashbyhq.com/graphyte
2026-09-28 09:58:06,390 | INFO | SUCCESS | Ashby | https://jobs.ashbyhq.com/graphyte | jobs=1
2026-09-28 09:58:06,390 | INFO | START | Ashby | https://jobs.ashbyhq.com/bigeye
2026-09-28 09:58:06,461 | ERROR | FAILED | Ashby | https://jobs.ashbyhq.com/bigeye | error=404 Client Error: Not Found for url: https://api.ashbyhq.com/posting-api/job-board/bigeye?includeCompensation=true
2026-09-28 09:58:06,462 | INFO | START | Ashby | https://jobs.ashbyhq.com/windborne-systems
2026-09-28 09:58:06,631 | INFO | SUCCESS | Ashby | https://jobs.ashbyhq.com/windborne-systems | jobs=19
2026-09-28 09:58:06,631 | INFO | START | Lever | https://jobs.lever.co/tildei
2026-09-28 09:58:06,964 | INFO | SUCCESS | Lever | https://jobs.lever.co/tildei | jobs=1
2026-09-28 09:58:06,964 | INFO | START | Lever | https://jobs.lever.co/crewapp
2026-09-28 09:58:07,344 | ERROR | FAILED | Lever | https://jobs.lever.co/crewapp | error=404 Client Error: Not Found for url: https://api.lever.co/v0/postings/crewapp?mode=json
2026-09-28 09:58:07,347 | INFO | START | Lever | https://jobs.lever.co/mulhalls
2026-09-28 09:58:07,805 | INFO | SUCCESS | Lever | https://jobs.lever.co/mulhalls | jobs=6
2026-09-28 09:58:07,806 | INFO | START | Lever | https://jobs.lever.co/straitcapital
2026-09-28 09:58:08,101 | ERROR | FAILED | Lever | https://jobs.lever.co/straitcapital | error=404 Client Error: Not Found for url: https://api.lever.co/v0/postings/straitcapital?mode=json
2026-09-28 09:58:08,103 | INFO | START | Lever | https://jobs.lever.co/lqdigital
2026-09-28 09:58:08,486 | INFO | SUCCESS | Lever | https://jobs.lever.co/lqdigital | jobs=0
2026-09-28 09:58:08,486 | INFO | START | Lever | https://jobs.lever.co/d-one
2026-09-28 09:58:08,864 | ERROR | FAILED | Lever | https://jobs.lever.co/d-one | error=404 Client Error: Not Found for url: https://api.lever.co/v0/postings/d-one?mode=json
2026-09-28 09:58:08,866 | INFO | START | Lever | https://jobs.lever.co/Rebuilt
2026-09-28 09:58:09,157 | ERROR | FAILED | Lever | https://jobs.lever.co/Rebuilt | error=404 Client Error: Not Found for url: https://api.lever.co/v0/postings/Rebuilt?mode=json
2026-09-28 09:58:09,159 | INFO | START | Lever | https://jobs.lever.co/doranjones
2026-09-28 09:58:09,544 | INFO | SUCCESS | Lever | https://jobs.lever.co/doranjones | jobs=1
2026-09-28 09:58:09,544 | INFO | START | Lever | https://jobs.lever.co/robust-ai
2026-09-28 09:58:10,143 | INFO | SUCCESS | Lever | https://jobs.lever.co/robust-ai | jobs=5
2026-09-28 09:58:10,143 | INFO | START | Lever | https://jobs.lever.co/chec
2026-09-28 09:58:13,307 | ERROR | FAILED | Lever | https://jobs.lever.co/chec | error=404 Client Error: Not Found for url: https://api.lever.co/v0/postings/chec?mode=json
2026-09-28 09:58:13,310 | INFO | START | Greenhouse | https://job-boards.greenhouse.io/foodcorps
2026-09-28 09:58:13,511 | ERROR | FAILED | Greenhouse | https://job-boards.greenhouse.io/foodcorps | error=404 Client Error: Not Found for url: https://boards-api.greenhouse.io/v1/boards/foodcorps/jobs?content=true
2026-09-28 09:58:13,514 | INFO | START | Greenhouse | https://job-boards.greenhouse.io/casetify
2026-09-28 09:58:13,723 | INFO | SUCCESS | Greenhouse | https://job-boards.greenhouse.io/casetify | jobs=63
2026-09-28 09:58:13,723 | INFO | START | Greenhouse | https://job-boards.greenhouse.io/happifyhealth
2026-09-28 09:58:13,824 | ERROR | FAILED | Greenhouse | https://job-boards.greenhouse.io/happifyhealth | error=404 Client Error: Not Found for url: https://boards-api.greenhouse.io/v1/boards/happifyhealth/jobs?content=true
2026-09-28 09:58:13,824 | INFO | START | Greenhouse | https://job-boards.greenhouse.io/bird
2026-09-28 09:58:14,095 | INFO | SUCCESS | Greenhouse | https://job-boards.greenhouse.io/bird | jobs=31
2026-09-28 09:58:14,095 | INFO | START | Greenhouse | https://job-boards.greenhouse.io/dremio
2026-09-28 09:58:14,222 | INFO | SUCCESS | Greenhouse | https://job-boards.greenhouse.io/dremio | jobs=7
2026-09-28 09:58:14,222 | INFO | START | Greenhouse | https://job-boards.greenhouse.io/sterling
2026-09-28 09:58:14,340 | INFO | SUCCESS | Greenhouse | https://job-boards.greenhouse.io/sterling | jobs=2
2026-09-28 09:58:14,340 | INFO | START | Greenhouse | https://job-boards.greenhouse.io/parkmobileus
2026-09-28 09:58:14,591 | ERROR | FAILED | Greenhouse | https://job-boards.greenhouse.io/parkmobileus | error=404 Client Error: Not Found for url: https://boards-api.greenhouse.io/v1/boards/parkmobileus/jobs?content=true
2026-09-28 09:58:14,594 | INFO | START | Greenhouse | https://job-boards.greenhouse.io/merchantsauto
2026-09-28 09:58:14,729 | INFO | SUCCESS | Greenhouse | https://job-boards.greenhouse.io/merchantsauto | jobs=1
2026-09-28 09:58:14,729 | INFO | START | Greenhouse | https://job-boards.greenhouse.io/canopytax
2026-09-28 09:58:14,889 | INFO | SUCCESS | Greenhouse | https://job-boards.greenhouse.io/canopytax | jobs=12
2026-09-28 09:58:14,889 | INFO | START | Greenhouse | https://job-boards.greenhouse.io/straitsx
2026-09-28 09:58:15,112 | INFO | SUCCESS | Greenhouse | https://job-boards.greenhouse.io/straitsx | jobs=25
2026-09-28 09:58:15,112 | INFO | START | Greenhouse | https://job-boards.greenhouse.io/nycedc
2026-09-28 09:58:15,500 | INFO | SUCCESS | Greenhouse | https://job-boards.greenhouse.io/nycedc | jobs=32
2026-09-28 09:58:15,500 | INFO | START | Greenhouse | https://job-boards.greenhouse.io/fractalteam
2026-09-28 09:58:15,636 | ERROR | FAILED | Greenhouse | https://job-boards.greenhouse.io/fractalteam | error=404 Client Error: Not Found for url: https://boards-api.greenhouse.io/v1/boards/fractalteam/jobs?content=true
2026-09-28 09:58:15,637 | INFO | START | Greenhouse | https://job-boards.greenhouse.io/abdielcapital
2026-09-28 09:58:15,748 | INFO | SUCCESS | Greenhouse | https://job-boards.greenhouse.io/abdielcapital | jobs=0
2026-09-28 09:58:15,748 | INFO | START | Greenhouse | https://job-boards.greenhouse.io/github
2026-09-28 09:58:15,869 | ERROR | FAILED | Greenhouse | https://job-boards.greenhouse.io/github | error=404 Client Error: Not Found for url: https://boards-api.greenhouse.io/v1/boards/github/jobs?content=true
2026-09-28 09:58:15,871 | INFO | START | Greenhouse | https://job-boards.greenhouse.io/theplanningshopuk
2026-09-28 09:58:16,067 | INFO | SUCCESS | Greenhouse | https://job-boards.greenhouse.io/theplanningshopuk | jobs=0
2026-09-28 09:58:16,067 | INFO | START | Greenhouse | https://job-boards.greenhouse.io/mcafee
2026-09-28 09:58:16,200 | INFO | SUCCESS | Greenhouse | https://job-boards.greenhouse.io/mcafee | jobs=1
2026-09-28 09:58:16,200 | INFO | START | Greenhouse | https://job-boards.greenhouse.io/peoplestrata
2026-09-28 09:58:16,326 | INFO | SUCCESS | Greenhouse | https://job-boards.greenhouse.io/peoplestrata | jobs=0
2026-09-28 09:58:16,326 | INFO | START | Greenhouse | https://job-boards.greenhouse.io/c3
2026-09-28 09:58:16,441 | ERROR | FAILED | Greenhouse | https://job-boards.greenhouse.io/c3 | error=404 Client Error: Not Found for url: https://boards-api.greenhouse.io/v1/boards/c3/jobs?content=true
2026-09-28 09:58:16,443 | INFO | START | Greenhouse | https://job-boards.greenhouse.io/vsapartners
2026-09-28 09:58:16,692 | INFO | SUCCESS | Greenhouse | https://job-boards.greenhouse.io/vsapartners | jobs=11
2026-09-28 09:58:16,692 | INFO | START | Greenhouse | https://job-boards.greenhouse.io/zeel
2026-09-28 09:58:16,810 | ERROR | FAILED | Greenhouse | https://job-boards.greenhouse.io/zeel | error=404 Client Error: Not Found for url: https://boards-api.greenhouse.io/v1/boards/zeel/jobs?content=true
2026-09-28 09:58:16,811 | INFO | START | Ashby | https://jobs.ashbyhq.com/fastapicloud
2026-09-28 09:58:16,896 | ERROR | FAILED | Ashby | https://jobs.ashbyhq.com/fastapicloud | error=404 Client Error: Not Found for url: https://api.ashbyhq.com/posting-api/job-board/fastapicloud?includeCompensation=true
2026-09-28 09:58:16,897 | INFO | START | Ashby | https://jobs.ashbyhq.com/netgear
2026-09-28 09:58:17,011 | INFO | SUCCESS | Ashby | https://jobs.ashbyhq.com/netgear | jobs=51
2026-09-28 09:58:17,011 | INFO | START | Ashby | https://jobs.ashbyhq.com/base-operations
2026-09-28 09:58:17,211 | INFO | SUCCESS | Ashby | https://jobs.ashbyhq.com/base-operations | jobs=1
2026-09-28 09:58:17,211 | INFO | START | Ashby | https://jobs.ashbyhq.com/vultr
2026-09-28 09:58:17,325 | INFO | SUCCESS | Ashby | https://jobs.ashbyhq.com/vultr | jobs=53
2026-09-28 09:58:17,325 | INFO | START | Ashby | https://jobs.ashbyhq.com/Voya%20Energy
2026-09-28 09:58:17,403 | INFO | SUCCESS | Ashby | https://jobs.ashbyhq.com/Voya%20Energy | jobs=6
2026-09-28 09:58:17,403 | INFO | START | Ashby | https://jobs.ashbyhq.com/mexdigital
2026-09-28 09:58:17,484 | INFO | SUCCESS | Ashby | https://jobs.ashbyhq.com/mexdigital | jobs=14
2026-09-28 09:58:17,484 | INFO | START | Ashby | https://jobs.ashbyhq.com/zodl
2026-09-28 09:58:17,642 | INFO | SUCCESS | Ashby | https://jobs.ashbyhq.com/zodl | jobs=2
2026-09-28 09:58:17,643 | INFO | START | Ashby | https://jobs.ashbyhq.com/positive-development
2026-09-28 09:58:17,744 | INFO | SUCCESS | Ashby | https://jobs.ashbyhq.com/positive-development | jobs=56
2026-09-28 09:58:17,744 | INFO | START | Ashby | https://jobs.ashbyhq.com/arda-therapeutics
2026-09-28 09:58:17,877 | INFO | SUCCESS | Ashby | https://jobs.ashbyhq.com/arda-therapeutics | jobs=0
2026-09-28 09:58:17,877 | INFO | START | Ashby | https://jobs.ashbyhq.com/aryahealth.ai
2026-09-28 09:58:17,973 | INFO | SUCCESS | Ashby | https://jobs.ashbyhq.com/aryahealth.ai | jobs=14
2026-09-28 09:58:17,973 | INFO | START | Ashby | https://jobs.ashbyhq.com/abstraction.games
2026-09-28 09:58:18,056 | INFO | SUCCESS | Ashby | https://jobs.ashbyhq.com/abstraction.games | jobs=1
2026-09-28 09:58:18,056 | INFO | START | Ashby | https://jobs.ashbyhq.com/regent
2026-09-28 09:58:18,277 | INFO | SUCCESS | Ashby | https://jobs.ashbyhq.com/regent | jobs=28
2026-09-28 09:58:18,277 | INFO | START | Ashby | https://jobs.ashbyhq.com/hearth
2026-09-28 09:58:18,367 | ERROR | FAILED | Ashby | https://jobs.ashbyhq.com/hearth | error=404 Client Error: Not Found for url: https://api.ashbyhq.com/posting-api/job-board/hearth?includeCompensation=true
2026-09-28 09:58:18,368 | INFO | START | Ashby | https://jobs.ashbyhq.com/mistral.ai
2026-09-28 09:58:18,589 | INFO | SUCCESS | Ashby | https://jobs.ashbyhq.com/mistral.ai | jobs=210
2026-09-28 09:58:18,589 | INFO | START | Ashby | https://jobs.ashbyhq.com/impulse
2026-09-28 09:58:18,779 | INFO | SUCCESS | Ashby | https://jobs.ashbyhq.com/impulse | jobs=2
2026-09-28 09:58:18,779 | INFO | START | Ashby | https://jobs.ashbyhq.com/nen
2026-09-28 09:58:18,861 | ERROR | FAILED | Ashby | https://jobs.ashbyhq.com/nen | error=404 Client Error: Not Found for url: https://api.ashbyhq.com/posting-api/job-board/nen?includeCompensation=true
2026-09-28 09:58:18,863 | INFO | START | Ashby | https://jobs.ashbyhq.com/gridverify
2026-09-28 09:58:18,947 | INFO | SUCCESS | Ashby | https://jobs.ashbyhq.com/gridverify | jobs=5
2026-09-28 09:58:18,948 | INFO | START | Ashby | https://jobs.ashbyhq.com/graphyte
2026-09-28 09:58:19,055 | INFO | SUCCESS | Ashby | https://jobs.ashbyhq.com/graphyte | jobs=1
2026-09-28 09:58:19,055 | INFO | START | Ashby | https://jobs.ashbyhq.com/bigeye
2026-09-28 09:58:19,210 | ERROR | FAILED | Ashby | https://jobs.ashbyhq.com/bigeye | error=404 Client Error: Not Found for url: https://api.ashbyhq.com/posting-api/job-board/bigeye?includeCompensation=true
2026-09-28 09:58:19,213 | INFO | START | Ashby | https://jobs.ashbyhq.com/windborne-systems
2026-09-28 09:58:19,315 | INFO | SUCCESS | Ashby | https://jobs.ashbyhq.com/windborne-systems | jobs=19
2026-09-28 09:58:19,315 | INFO | START | Lever | https://jobs.lever.co/tildei
2026-09-28 09:58:19,623 | INFO | SUCCESS | Lever | https://jobs.lever.co/tildei | jobs=1
2026-09-28 09:58:19,623 | INFO | START | Lever | https://jobs.lever.co/crewapp
2026-09-28 09:58:19,958 | ERROR | FAILED | Lever | https://jobs.lever.co/crewapp | error=404 Client Error: Not Found for url: https://api.lever.co/v0/postings/crewapp?mode=json
2026-09-28 09:58:19,963 | INFO | START | Lever | https://jobs.lever.co/mulhalls
2026-09-28 09:58:20,464 | INFO | SUCCESS | Lever | https://jobs.lever.co/mulhalls | jobs=6
2026-09-28 09:58:20,464 | INFO | START | Lever | https://jobs.lever.co/straitcapital
2026-09-28 09:58:20,853 | ERROR | FAILED | Lever | https://jobs.lever.co/straitcapital | error=404 Client Error: Not Found for url: https://api.lever.co/v0/postings/straitcapital?mode=json
2026-09-28 09:58:20,857 | INFO | START | Lever | https://jobs.lever.co/lqdigital
2026-09-28 09:58:21,162 | INFO | SUCCESS | Lever | https://jobs.lever.co/lqdigital | jobs=0
2026-09-28 09:58:21,162 | INFO | START | Lever | https://jobs.lever.co/d-one
2026-09-28 09:58:21,538 | ERROR | FAILED | Lever | https://jobs.lever.co/d-one | error=404 Client Error: Not Found for url: https://api.lever.co/v0/postings/d-one?mode=json
2026-09-28 09:58:21,542 | INFO | START | Lever | https://jobs.lever.co/Rebuilt
2026-09-28 09:58:21,900 | ERROR | FAILED | Lever | https://jobs.lever.co/Rebuilt | error=404 Client Error: Not Found for url: https://api.lever.co/v0/postings/Rebuilt?mode=json
2026-09-28 09:58:21,901 | INFO | START | Lever | https://jobs.lever.co/doranjones
2026-09-28 09:58:22,214 | INFO | SUCCESS | Lever | https://jobs.lever.co/doranjones | jobs=1
2026-09-28 09:58:22,214 | INFO | START | Lever | https://jobs.lever.co/robust-ai
2026-09-28 09:58:22,720 | INFO | SUCCESS | Lever | https://jobs.lever.co/robust-ai | jobs=5
2026-09-28 09:58:22,720 | INFO | START | Lever | https://jobs.lever.co/chec
2026-09-28 09:58:23,144 | ERROR | FAILED | Lever | https://jobs.lever.co/chec | error=404 Client Error: Not Found for url: https://api.lever.co/v0/postings/chec?mode=json
2026-09-28 09:58:23,145 | INFO | START | Greenhouse | https://job-boards.greenhouse.io/foodcorps
2026-09-28 09:58:23,263 | ERROR | FAILED | Greenhouse | https://job-boards.greenhouse.io/foodcorps | error=404 Client Error: Not Found for url: https://boards-api.greenhouse.io/v1/boards/foodcorps/jobs?content=true
2026-09-28 09:58:23,264 | INFO | START | Greenhouse | https://job-boards.greenhouse.io/casetify
2026-09-28 09:58:23,557 | INFO | SUCCESS | Greenhouse | https://job-boards.greenhouse.io/casetify | jobs=63
2026-09-28 09:58:23,557 | INFO | START | Greenhouse | https://job-boards.greenhouse.io/happifyhealth
2026-09-28 09:58:23,659 | ERROR | FAILED | Greenhouse | https://job-boards.greenhouse.io/happifyhealth | error=404 Client Error: Not Found for url: https://boards-api.greenhouse.io/v1/boards/happifyhealth/jobs?content=true
2026-09-28 09:58:23,660 | INFO | START | Greenhouse | https://job-boards.greenhouse.io/bird
2026-09-28 09:58:23,804 | INFO | SUCCESS | Greenhouse | https://job-boards.greenhouse.io/bird | jobs=31
2026-09-28 09:58:23,804 | INFO | START | Greenhouse | https://job-boards.greenhouse.io/dremio
2026-09-28 09:58:24,035 | INFO | SUCCESS | Greenhouse | https://job-boards.greenhouse.io/dremio | jobs=7
2026-09-28 09:58:24,036 | INFO | START | Greenhouse | https://job-boards.greenhouse.io/sterling
2026-09-28 09:58:24,151 | INFO | SUCCESS | Greenhouse | https://job-boards.greenhouse.io/sterling | jobs=2
2026-09-28 09:58:24,151 | INFO | START | Greenhouse | https://job-boards.greenhouse.io/parkmobileus
2026-09-28 09:58:24,256 | ERROR | FAILED | Greenhouse | https://job-boards.greenhouse.io/parkmobileus | error=404 Client Error: Not Found for url: https://boards-api.greenhouse.io/v1/boards/parkmobileus/jobs?content=true
2026-09-28 09:58:24,257 | INFO | START | Greenhouse | https://job-boards.greenhouse.io/merchantsauto
2026-09-28 09:58:24,470 | INFO | SUCCESS | Greenhouse | https://job-boards.greenhouse.io/merchantsauto | jobs=1
2026-09-28 09:58:24,470 | INFO | START | Greenhouse | https://job-boards.greenhouse.io/canopytax
2026-09-28 09:58:24,623 | INFO | SUCCESS | Greenhouse | https://job-boards.greenhouse.io/canopytax | jobs=12
2026-09-28 09:58:24,623 | INFO | START | Greenhouse | https://job-boards.greenhouse.io/straitsx
2026-09-28 09:58:24,748 | INFO | SUCCESS | Greenhouse | https://job-boards.greenhouse.io/straitsx | jobs=25
2026-09-28 09:58:24,748 | INFO | START | Greenhouse | https://job-boards.greenhouse.io/nycedc
2026-09-28 09:58:25,112 | INFO | SUCCESS | Greenhouse | https://job-boards.greenhouse.io/nycedc | jobs=32
2026-09-28 09:58:25,112 | INFO | START | Greenhouse | https://job-boards.greenhouse.io/fractalteam
2026-09-28 09:58:25,207 | ERROR | FAILED | Greenhouse | https://job-boards.greenhouse.io/fractalteam | error=404 Client Error: Not Found for url: https://boards-api.greenhouse.io/v1/boards/fractalteam/jobs?content=true
2026-09-28 09:58:25,208 | INFO | START | Greenhouse | https://job-boards.greenhouse.io/abdielcapital
2026-09-28 09:58:25,316 | INFO | SUCCESS | Greenhouse | https://job-boards.greenhouse.io/abdielcapital | jobs=0
2026-09-28 09:58:25,316 | INFO | START | Greenhouse | https://job-boards.greenhouse.io/github
2026-09-28 09:58:25,499 | ERROR | FAILED | Greenhouse | https://job-boards.greenhouse.io/github | error=404 Client Error: Not Found for url: https://boards-api.greenhouse.io/v1/boards/github/jobs?content=true
2026-09-28 09:58:25,502 | INFO | START | Greenhouse | https://job-boards.greenhouse.io/theplanningshopuk
2026-09-28 09:58:25,634 | INFO | SUCCESS | Greenhouse | https://job-boards.greenhouse.io/theplanningshopuk | jobs=0
2026-09-28 09:58:25,635 | INFO | START | Greenhouse | https://job-boards.greenhouse.io/mcafee
2026-09-28 09:58:25,760 | INFO | SUCCESS | Greenhouse | https://job-boards.greenhouse.io/mcafee | jobs=1
2026-09-28 09:58:25,761 | INFO | START | Greenhouse | https://job-boards.greenhouse.io/peoplestrata
2026-09-28 09:58:25,873 | INFO | SUCCESS | Greenhouse | https://job-boards.greenhouse.io/peoplestrata | jobs=0
2026-09-28 09:58:25,873 | INFO | START | Greenhouse | https://job-boards.greenhouse.io/c3
2026-09-28 09:58:26,026 | ERROR | FAILED | Greenhouse | https://job-boards.greenhouse.io/c3 | error=404 Client Error: Not Found for url: https://boards-api.greenhouse.io/v1/boards/c3/jobs?content=true
2026-09-28 09:58:26,029 | INFO | START | Greenhouse | https://job-boards.greenhouse.io/vsapartners
2026-09-28 09:58:27,332 | INFO | SUCCESS | Greenhouse | https://job-boards.greenhouse.io/vsapartners | jobs=11
2026-09-28 09:58:27,332 | INFO | START | Greenhouse | https://job-boards.greenhouse.io/zeel
2026-09-28 09:58:27,432 | ERROR | FAILED | Greenhouse | https://job-boards.greenhouse.io/zeel | error=404 Client Error: Not Found for url: https://boards-api.greenhouse.io/v1/boards/zeel/jobs?content=true
2026-09-28 09:58:27,433 | INFO | START | Ashby | https://jobs.ashbyhq.com/fastapicloud
2026-09-28 09:58:27,597 | ERROR | FAILED | Ashby | https://jobs.ashbyhq.com/fastapicloud | error=404 Client Error: Not Found for url: https://api.ashbyhq.com/posting-api/job-board/fastapicloud?includeCompensation=true
2026-09-28 09:58:27,600 | INFO | START | Ashby | https://jobs.ashbyhq.com/netgear
2026-09-28 09:58:27,743 | INFO | SUCCESS | Ashby | https://jobs.ashbyhq.com/netgear | jobs=51
2026-09-28 09:58:27,743 | INFO | START | Ashby | https://jobs.ashbyhq.com/base-operations
2026-09-28 09:58:27,846 | INFO | SUCCESS | Ashby | https://jobs.ashbyhq.com/base-operations | jobs=1
2026-09-28 09:58:27,846 | INFO | START | Ashby | https://jobs.ashbyhq.com/vultr
2026-09-28 09:58:27,971 | INFO | SUCCESS | Ashby | https://jobs.ashbyhq.com/vultr | jobs=53
2026-09-28 09:58:27,971 | INFO | START | Ashby | https://jobs.ashbyhq.com/Voya%20Energy
2026-09-28 09:58:28,128 | INFO | SUCCESS | Ashby | https://jobs.ashbyhq.com/Voya%20Energy | jobs=6
2026-09-28 09:58:28,128 | INFO | START | Ashby | https://jobs.ashbyhq.com/mexdigital
2026-09-28 09:58:28,223 | INFO | SUCCESS | Ashby | https://jobs.ashbyhq.com/mexdigital | jobs=14
2026-09-28 09:58:28,223 | INFO | START | Ashby | https://jobs.ashbyhq.com/zodl
2026-09-28 09:58:28,304 | INFO | SUCCESS | Ashby | https://jobs.ashbyhq.com/zodl | jobs=2
2026-09-28 09:58:28,304 | INFO | START | Ashby | https://jobs.ashbyhq.com/positive-development
2026-09-28 09:58:28,432 | INFO | SUCCESS | Ashby | https://jobs.ashbyhq.com/positive-development | jobs=56
2026-09-28 09:58:28,432 | INFO | START | Ashby | https://jobs.ashbyhq.com/arda-therapeutics
2026-09-28 09:58:28,503 | INFO | SUCCESS | Ashby | https://jobs.ashbyhq.com/arda-therapeutics | jobs=0
2026-09-28 09:58:28,504 | INFO | START | Ashby | https://jobs.ashbyhq.com/aryahealth.ai
2026-09-28 09:58:28,680 | INFO | SUCCESS | Ashby | https://jobs.ashbyhq.com/aryahealth.ai | jobs=14
2026-09-28 09:58:28,681 | INFO | START | Ashby | https://jobs.ashbyhq.com/abstraction.games
2026-09-28 09:58:28,782 | INFO | SUCCESS | Ashby | https://jobs.ashbyhq.com/abstraction.games | jobs=1
2026-09-28 09:58:28,782 | INFO | START | Ashby | https://jobs.ashbyhq.com/regent
2026-09-28 09:58:28,891 | INFO | SUCCESS | Ashby | https://jobs.ashbyhq.com/regent | jobs=28
2026-09-28 09:58:28,891 | INFO | START | Ashby | https://jobs.ashbyhq.com/hearth
2026-09-28 09:58:28,989 | ERROR | FAILED | Ashby | https://jobs.ashbyhq.com/hearth | error=404 Client Error: Not Found for url: https://api.ashbyhq.com/posting-api/job-board/hearth?includeCompensation=true
2026-09-28 09:58:28,990 | INFO | START | Ashby | https://jobs.ashbyhq.com/mistral.ai
2026-09-28 09:58:29,228 | INFO | SUCCESS | Ashby | https://jobs.ashbyhq.com/mistral.ai | jobs=210
2026-09-28 09:58:29,228 | INFO | START | Ashby | https://jobs.ashbyhq.com/impulse
2026-09-28 09:58:29,299 | INFO | SUCCESS | Ashby | https://jobs.ashbyhq.com/impulse | jobs=2
2026-09-28 09:58:29,300 | INFO | START | Ashby | https://jobs.ashbyhq.com/nen
2026-09-28 09:58:29,433 | ERROR | FAILED | Ashby | https://jobs.ashbyhq.com/nen | error=404 Client Error: Not Found for url: https://api.ashbyhq.com/posting-api/job-board/nen?includeCompensation=true
2026-09-28 09:58:29,434 | INFO | START | Ashby | https://jobs.ashbyhq.com/gridverify
2026-09-28 09:58:29,514 | INFO | SUCCESS | Ashby | https://jobs.ashbyhq.com/gridverify | jobs=5
2026-09-28 09:58:29,515 | INFO | START | Ashby | https://jobs.ashbyhq.com/graphyte
2026-09-28 09:58:29,596 | INFO | SUCCESS | Ashby | https://jobs.ashbyhq.com/graphyte | jobs=1
2026-09-28 09:58:29,596 | INFO | START | Ashby | https://jobs.ashbyhq.com/bigeye
2026-09-28 09:58:29,772 | ERROR | FAILED | Ashby | https://jobs.ashbyhq.com/bigeye | error=404 Client Error: Not Found for url: https://api.ashbyhq.com/posting-api/job-board/bigeye?includeCompensation=true
2026-09-28 09:58:29,773 | INFO | START | Ashby | https://jobs.ashbyhq.com/windborne-systems
2026-09-28 09:58:29,864 | INFO | SUCCESS | Ashby | https://jobs.ashbyhq.com/windborne-systems | jobs=19
2026-09-28 09:58:29,864 | INFO | START | Lever | https://jobs.lever.co/tildei
2026-09-28 09:58:30,221 | INFO | SUCCESS | Lever | https://jobs.lever.co/tildei | jobs=1
2026-09-28 09:58:30,221 | INFO | START | Lever | https://jobs.lever.co/crewapp
2026-09-28 09:58:30,517 | ERROR | FAILED | Lever | https://jobs.lever.co/crewapp | error=404 Client Error: Not Found for url: https://api.lever.co/v0/postings/crewapp?mode=json
2026-09-28 09:58:30,521 | INFO | START | Lever | https://jobs.lever.co/mulhalls
2026-09-28 09:58:31,529 | INFO | SUCCESS | Lever | https://jobs.lever.co/mulhalls | jobs=6
2026-09-28 09:58:31,530 | INFO | START | Lever | https://jobs.lever.co/straitcapital
2026-09-28 09:58:31,885 | ERROR | FAILED | Lever | https://jobs.lever.co/straitcapital | error=404 Client Error: Not Found for url: https://api.lever.co/v0/postings/straitcapital?mode=json
2026-09-28 09:58:31,888 | INFO | START | Lever | https://jobs.lever.co/lqdigital
2026-09-28 09:58:32,205 | INFO | SUCCESS | Lever | https://jobs.lever.co/lqdigital | jobs=0
2026-09-28 09:58:32,205 | INFO | START | Lever | https://jobs.lever.co/d-one
2026-09-28 09:58:32,624 | ERROR | FAILED | Lever | https://jobs.lever.co/d-one | error=404 Client Error: Not Found for url: https://api.lever.co/v0/postings/d-one?mode=json
2026-09-28 09:58:32,628 | INFO | START | Lever | https://jobs.lever.co/Rebuilt
2026-09-28 09:58:32,978 | ERROR | FAILED | Lever | https://jobs.lever.co/Rebuilt | error=404 Client Error: Not Found for url: https://api.lever.co/v0/postings/Rebuilt?mode=json
2026-09-28 09:58:32,981 | INFO | START | Lever | https://jobs.lever.co/doranjones
2026-09-28 09:58:33,370 | INFO | SUCCESS | Lever | https://jobs.lever.co/doranjones | jobs=1
2026-09-28 09:58:33,370 | INFO | START | Lever | https://jobs.lever.co/robust-ai
2026-09-28 09:58:33,893 | INFO | SUCCESS | Lever | https://jobs.lever.co/robust-ai | jobs=5
2026-09-28 09:58:33,893 | INFO | START | Lever | https://jobs.lever.co/chec
2026-09-28 09:58:34,194 | ERROR | FAILED | Lever | https://jobs.lever.co/chec | error=404 Client Error: Not Found for url: https://api.lever.co/v0/postings/chec?mode=json
2026-09-28 09:58:34,197 | INFO | START | Greenhouse | https://job-boards.greenhouse.io/foodcorps
2026-09-28 09:58:34,413 | ERROR | FAILED | Greenhouse | https://job-boards.greenhouse.io/foodcorps | error=404 Client Error: Not Found for url: https://boards-api.greenhouse.io/v1/boards/foodcorps/jobs?content=true
2026-09-28 09:58:34,414 | INFO | START | Greenhouse | https://job-boards.greenhouse.io/casetify
2026-09-28 09:58:34,609 | INFO | SUCCESS | Greenhouse | https://job-boards.greenhouse.io/casetify | jobs=63
2026-09-28 09:58:34,610 | INFO | START | Greenhouse | https://job-boards.greenhouse.io/happifyhealth
2026-09-28 09:58:34,715 | ERROR | FAILED | Greenhouse | https://job-boards.greenhouse.io/happifyhealth | error=404 Client Error: Not Found for url: https://boards-api.greenhouse.io/v1/boards/happifyhealth/jobs?content=true
2026-09-28 09:58:34,715 | INFO | START | Greenhouse | https://job-boards.greenhouse.io/bird
2026-09-28 09:58:34,877 | INFO | SUCCESS | Greenhouse | https://job-boards.greenhouse.io/bird | jobs=31
2026-09-28 09:58:34,877 | INFO | START | Greenhouse | https://job-boards.greenhouse.io/dremio
2026-09-28 09:58:35,053 | INFO | SUCCESS | Greenhouse | https://job-boards.greenhouse.io/dremio | jobs=7
2026-09-28 09:58:35,053 | INFO | START | Greenhouse | https://job-boards.greenhouse.io/sterling
2026-09-28 09:58:35,170 | INFO | SUCCESS | Greenhouse | https://job-boards.greenhouse.io/sterling | jobs=2
2026-09-28 09:58:35,170 | INFO | START | Greenhouse | https://job-boards.greenhouse.io/parkmobileus
2026-09-28 09:58:35,279 | ERROR | FAILED | Greenhouse | https://job-boards.greenhouse.io/parkmobileus | error=404 Client Error: Not Found for url: https://boards-api.greenhouse.io/v1/boards/parkmobileus/jobs?content=true
2026-09-28 09:58:35,280 | INFO | START | Greenhouse | https://job-boards.greenhouse.io/merchantsauto
2026-09-28 09:58:35,481 | INFO | SUCCESS | Greenhouse | https://job-boards.greenhouse.io/merchantsauto | jobs=1
2026-09-28 09:58:35,481 | INFO | START | Greenhouse | https://job-boards.greenhouse.io/canopytax
2026-09-28 09:58:35,633 | INFO | SUCCESS | Greenhouse | https://job-boards.greenhouse.io/canopytax | jobs=12
2026-09-28 09:58:35,633 | INFO | START | Greenhouse | https://job-boards.greenhouse.io/straitsx
2026-09-28 09:58:35,793 | INFO | SUCCESS | Greenhouse | https://job-boards.greenhouse.io/straitsx | jobs=25
2026-09-28 09:58:35,793 | INFO | START | Greenhouse | https://job-boards.greenhouse.io/nycedc
2026-09-28 09:58:36,146 | INFO | SUCCESS | Greenhouse | https://job-boards.greenhouse.io/nycedc | jobs=32
2026-09-28 09:58:36,146 | INFO | START | Greenhouse | https://job-boards.greenhouse.io/fractalteam
2026-09-28 09:58:36,249 | ERROR | FAILED | Greenhouse | https://job-boards.greenhouse.io/fractalteam | error=404 Client Error: Not Found for url: https://boards-api.greenhouse.io/v1/boards/fractalteam/jobs?content=true
2026-09-28 09:58:36,250 | INFO | START | Greenhouse | https://job-boards.greenhouse.io/abdielcapital
2026-09-28 09:58:36,369 | INFO | SUCCESS | Greenhouse | https://job-boards.greenhouse.io/abdielcapital | jobs=0
2026-09-28 09:58:36,369 | INFO | START | Greenhouse | https://job-boards.greenhouse.io/github
2026-09-28 09:58:48,750 | ERROR | FAILED | Greenhouse | https://job-boards.greenhouse.io/github | error=404 Client Error: Not Found for url: https://boards-api.greenhouse.io/v1/boards/github/jobs?content=true
2026-09-28 09:58:48,753 | INFO | START | Greenhouse | https://job-boards.greenhouse.io/theplanningshopuk
2026-09-28 09:58:48,884 | INFO | SUCCESS | Greenhouse | https://job-boards.greenhouse.io/theplanningshopuk | jobs=0
2026-09-28 09:58:48,884 | INFO | START | Greenhouse | https://job-boards.greenhouse.io/mcafee
2026-09-28 09:58:49,101 | INFO | SUCCESS | Greenhouse | https://job-boards.greenhouse.io/mcafee | jobs=1
2026-09-28 09:58:49,101 | INFO | START | Greenhouse | https://job-boards.greenhouse.io/peoplestrata
2026-09-28 09:58:49,233 | INFO | SUCCESS | Greenhouse | https://job-boards.greenhouse.io/peoplestrata | jobs=0
2026-09-28 09:58:49,233 | INFO | START | Greenhouse | https://job-boards.greenhouse.io/c3
2026-09-28 09:58:49,520 | ERROR | FAILED | Greenhouse | https://job-boards.greenhouse.io/c3 | error=404 Client Error: Not Found for url: https://boards-api.greenhouse.io/v1/boards/c3/jobs?content=true
2026-09-28 09:58:49,523 | INFO | START | Greenhouse | https://job-boards.greenhouse.io/vsapartners
2026-09-28 09:58:49,746 | INFO | SUCCESS | Greenhouse | https://job-boards.greenhouse.io/vsapartners | jobs=11
2026-09-28 09:58:49,746 | INFO | START | Greenhouse | https://job-boards.greenhouse.io/zeel
2026-09-28 09:58:49,849 | ERROR | FAILED | Greenhouse | https://job-boards.greenhouse.io/zeel | error=404 Client Error: Not Found for url: https://boards-api.greenhouse.io/v1/boards/zeel/jobs?content=true
2026-09-28 09:58:49,851 | INFO | START | Ashby | https://jobs.ashbyhq.com/fastapicloud
2026-09-28 09:58:49,927 | ERROR | FAILED | Ashby | https://jobs.ashbyhq.com/fastapicloud | error=404 Client Error: Not Found for url: https://api.ashbyhq.com/posting-api/job-board/fastapicloud?includeCompensation=true
2026-09-28 09:58:49,929 | INFO | START | Ashby | https://jobs.ashbyhq.com/netgear
2026-09-28 09:58:50,034 | INFO | SUCCESS | Ashby | https://jobs.ashbyhq.com/netgear | jobs=51
2026-09-28 09:58:50,034 | INFO | START | Ashby | https://jobs.ashbyhq.com/base-operations
2026-09-28 09:58:50,195 | INFO | SUCCESS | Ashby | https://jobs.ashbyhq.com/base-operations | jobs=1
2026-09-28 09:58:50,196 | INFO | START | Ashby | https://jobs.ashbyhq.com/vultr
2026-09-28 09:58:50,303 | INFO | SUCCESS | Ashby | https://jobs.ashbyhq.com/vultr | jobs=53
2026-09-28 09:58:50,303 | INFO | START | Ashby | https://jobs.ashbyhq.com/Voya%20Energy
2026-09-28 09:58:50,391 | INFO | SUCCESS | Ashby | https://jobs.ashbyhq.com/Voya%20Energy | jobs=6
2026-09-28 09:58:50,391 | INFO | START | Ashby | https://jobs.ashbyhq.com/mexdigital
2026-09-28 09:58:50,485 | INFO | SUCCESS | Ashby | https://jobs.ashbyhq.com/mexdigital | jobs=14
2026-09-28 09:58:50,485 | INFO | START | Ashby | https://jobs.ashbyhq.com/zodl
2026-09-28 09:58:50,673 | INFO | SUCCESS | Ashby | https://jobs.ashbyhq.com/zodl | jobs=2
2026-09-28 09:58:50,673 | INFO | START | Ashby | https://jobs.ashbyhq.com/positive-development
2026-09-28 09:58:50,788 | INFO | SUCCESS | Ashby | https://jobs.ashbyhq.com/positive-development | jobs=56
2026-09-28 09:58:50,788 | INFO | START | Ashby | https://jobs.ashbyhq.com/arda-therapeutics
2026-09-28 09:58:50,865 | INFO | SUCCESS | Ashby | https://jobs.ashbyhq.com/arda-therapeutics | jobs=0
2026-09-28 09:58:50,865 | INFO | START | Ashby | https://jobs.ashbyhq.com/aryahealth.ai
2026-09-28 09:58:50,949 | INFO | SUCCESS | Ashby | https://jobs.ashbyhq.com/aryahealth.ai | jobs=14
2026-09-28 09:58:50,949 | INFO | START | Ashby | https://jobs.ashbyhq.com/abstraction.games
2026-09-28 09:58:51,024 | INFO | SUCCESS | Ashby | https://jobs.ashbyhq.com/abstraction.games | jobs=1
2026-09-28 09:58:51,024 | INFO | START | Ashby | https://jobs.ashbyhq.com/regent
2026-09-28 09:58:51,200 | INFO | SUCCESS | Ashby | https://jobs.ashbyhq.com/regent | jobs=28
2026-09-28 09:58:51,200 | INFO | START | Ashby | https://jobs.ashbyhq.com/hearth
2026-09-28 09:58:51,345 | ERROR | FAILED | Ashby | https://jobs.ashbyhq.com/hearth | error=404 Client Error: Not Found for url: https://api.ashbyhq.com/posting-api/job-board/hearth?includeCompensation=true
2026-09-28 09:58:51,347 | INFO | START | Ashby | https://jobs.ashbyhq.com/mistral.ai
2026-09-28 09:58:51,567 | INFO | SUCCESS | Ashby | https://jobs.ashbyhq.com/mistral.ai | jobs=210
2026-09-28 09:58:51,567 | INFO | START | Ashby | https://jobs.ashbyhq.com/impulse
2026-09-28 09:58:51,748 | INFO | SUCCESS | Ashby | https://jobs.ashbyhq.com/impulse | jobs=2
2026-09-28 09:58:51,748 | INFO | START | Ashby | https://jobs.ashbyhq.com/nen
2026-09-28 09:58:51,833 | ERROR | FAILED | Ashby | https://jobs.ashbyhq.com/nen | error=404 Client Error: Not Found for url: https://api.ashbyhq.com/posting-api/job-board/nen?includeCompensation=true
2026-09-28 09:58:51,834 | INFO | START | Ashby | https://jobs.ashbyhq.com/gridverify
2026-09-28 09:58:51,913 | INFO | SUCCESS | Ashby | https://jobs.ashbyhq.com/gridverify | jobs=5
2026-09-28 09:58:51,913 | INFO | START | Ashby | https://jobs.ashbyhq.com/graphyte
2026-09-28 09:58:51,984 | INFO | SUCCESS | Ashby | https://jobs.ashbyhq.com/graphyte | jobs=1
2026-09-28 09:58:51,984 | INFO | START | Ashby | https://jobs.ashbyhq.com/bigeye
2026-09-28 09:58:52,132 | ERROR | FAILED | Ashby | https://jobs.ashbyhq.com/bigeye | error=404 Client Error: Not Found for url: https://api.ashbyhq.com/posting-api/job-board/bigeye?includeCompensation=true
2026-09-28 09:58:52,135 | INFO | START | Ashby | https://jobs.ashbyhq.com/windborne-systems
2026-09-28 09:58:52,327 | INFO | SUCCESS | Ashby | https://jobs.ashbyhq.com/windborne-systems | jobs=19
2026-09-28 09:58:52,327 | INFO | START | Lever | https://jobs.lever.co/tildei
2026-09-28 09:58:52,767 | INFO | SUCCESS | Lever | https://jobs.lever.co/tildei | jobs=1
2026-09-28 09:58:52,767 | INFO | START | Lever | https://jobs.lever.co/crewapp
2026-09-28 09:58:53,067 | ERROR | FAILED | Lever | https://jobs.lever.co/crewapp | error=404 Client Error: Not Found for url: https://api.lever.co/v0/postings/crewapp?mode=json
2026-09-28 09:58:53,070 | INFO | START | Lever | https://jobs.lever.co/mulhalls
2026-09-28 09:58:53,549 | INFO | SUCCESS | Lever | https://jobs.lever.co/mulhalls | jobs=6
2026-09-28 09:58:53,549 | INFO | START | Lever | https://jobs.lever.co/straitcapital
2026-09-28 09:58:53,880 | ERROR | FAILED | Lever | https://jobs.lever.co/straitcapital | error=404 Client Error: Not Found for url: https://api.lever.co/v0/postings/straitcapital?mode=json
2026-09-28 09:58:53,883 | INFO | START | Lever | https://jobs.lever.co/lqdigital
2026-09-28 09:58:54,189 | INFO | SUCCESS | Lever | https://jobs.lever.co/lqdigital | jobs=0
2026-09-28 09:58:54,190 | INFO | START | Lever | https://jobs.lever.co/d-one
2026-09-28 09:58:54,562 | ERROR | FAILED | Lever | https://jobs.lever.co/d-one | error=404 Client Error: Not Found for url: https://api.lever.co/v0/postings/d-one?mode=json
2026-09-28 09:58:54,563 | INFO | START | Lever | https://jobs.lever.co/Rebuilt
2026-09-28 09:58:54,930 | ERROR | FAILED | Lever | https://jobs.lever.co/Rebuilt | error=404 Client Error: Not Found for url: https://api.lever.co/v0/postings/Rebuilt?mode=json
2026-09-28 09:58:54,932 | INFO | START | Lever | https://jobs.lever.co/doranjones
2026-09-28 09:58:55,388 | INFO | SUCCESS | Lever | https://jobs.lever.co/doranjones | jobs=1
2026-09-28 09:58:55,389 | INFO | START | Lever | https://jobs.lever.co/robust-ai
2026-09-28 09:58:55,911 | INFO | SUCCESS | Lever | https://jobs.lever.co/robust-ai | jobs=5
2026-09-28 09:58:55,911 | INFO | START | Lever | https://jobs.lever.co/chec
2026-09-28 09:58:56,230 | ERROR | FAILED | Lever | https://jobs.lever.co/chec | error=404 Client Error: Not Found for url: https://api.lever.co/v0/postings/chec?mode=json
2026-09-28 09:58:56,234 | INFO | START | Greenhouse | https://job-boards.greenhouse.io/foodcorps
2026-09-28 09:58:56,433 | ERROR | FAILED | Greenhouse | https://job-boards.greenhouse.io/foodcorps | error=404 Client Error: Not Found for url: https://boards-api.greenhouse.io/v1/boards/foodcorps/jobs?content=true
2026-09-28 09:58:56,436 | INFO | START | Greenhouse | https://job-boards.greenhouse.io/casetify
2026-09-28 09:58:56,644 | INFO | SUCCESS | Greenhouse | https://job-boards.greenhouse.io/casetify | jobs=63
2026-09-28 09:58:56,644 | INFO | START | Greenhouse | https://job-boards.greenhouse.io/happifyhealth
2026-09-28 09:58:56,742 | ERROR | FAILED | Greenhouse | https://job-boards.greenhouse.io/happifyhealth | error=404 Client Error: Not Found for url: https://boards-api.greenhouse.io/v1/boards/happifyhealth/jobs?content=true
2026-09-28 09:58:56,743 | INFO | START | Greenhouse | https://job-boards.greenhouse.io/bird
2026-09-28 09:58:57,009 | INFO | SUCCESS | Greenhouse | https://job-boards.greenhouse.io/bird | jobs=31
2026-09-28 09:58:57,009 | INFO | START | Greenhouse | https://job-boards.greenhouse.io/dremio
2026-09-28 09:58:57,135 | INFO | SUCCESS | Greenhouse | https://job-boards.greenhouse.io/dremio | jobs=7
2026-09-28 09:58:57,135 | INFO | START | Greenhouse | https://job-boards.greenhouse.io/sterling
2026-09-28 09:58:57,254 | INFO | SUCCESS | Greenhouse | https://job-boards.greenhouse.io/sterling | jobs=2
2026-09-28 09:58:57,254 | INFO | START | Greenhouse | https://job-boards.greenhouse.io/parkmobileus
2026-09-28 09:58:57,378 | ERROR | FAILED | Greenhouse | https://job-boards.greenhouse.io/parkmobileus | error=404 Client Error: Not Found for url: https://boards-api.greenhouse.io/v1/boards/parkmobileus/jobs?content=true
2026-09-28 09:58:57,380 | INFO | START | Greenhouse | https://job-boards.greenhouse.io/merchantsauto
2026-09-28 09:58:57,596 | INFO | SUCCESS | Greenhouse | https://job-boards.greenhouse.io/merchantsauto | jobs=1
2026-09-28 09:58:57,597 | INFO | START | Greenhouse | https://job-boards.greenhouse.io/canopytax
2026-09-28 09:58:57,748 | INFO | SUCCESS | Greenhouse | https://job-boards.greenhouse.io/canopytax | jobs=12
2026-09-28 09:58:57,748 | INFO | START | Greenhouse | https://job-boards.greenhouse.io/straitsx
2026-09-28 09:58:57,883 | INFO | SUCCESS | Greenhouse | https://job-boards.greenhouse.io/straitsx | jobs=25
2026-09-28 09:58:57,883 | INFO | START | Greenhouse | https://job-boards.greenhouse.io/nycedc
2026-09-28 09:58:58,248 | INFO | SUCCESS | Greenhouse | https://job-boards.greenhouse.io/nycedc | jobs=32
2026-09-28 09:58:58,248 | INFO | START | Greenhouse | https://job-boards.greenhouse.io/fractalteam
2026-09-28 09:58:58,352 | ERROR | FAILED | Greenhouse | https://job-boards.greenhouse.io/fractalteam | error=404 Client Error: Not Found for url: https://boards-api.greenhouse.io/v1/boards/fractalteam/jobs?content=true
2026-09-28 09:58:58,353 | INFO | START | Greenhouse | https://job-boards.greenhouse.io/abdielcapital
2026-09-28 09:58:58,531 | INFO | SUCCESS | Greenhouse | https://job-boards.greenhouse.io/abdielcapital | jobs=0
2026-09-28 09:58:58,531 | INFO | START | Greenhouse | https://job-boards.greenhouse.io/github
2026-09-28 09:58:58,654 | ERROR | FAILED | Greenhouse | https://job-boards.greenhouse.io/github | error=404 Client Error: Not Found for url: https://boards-api.greenhouse.io/v1/boards/github/jobs?content=true
2026-09-28 09:58:58,658 | INFO | START | Greenhouse | https://job-boards.greenhouse.io/theplanningshopuk
2026-09-28 09:58:58,793 | INFO | SUCCESS | Greenhouse | https://job-boards.greenhouse.io/theplanningshopuk | jobs=0
2026-09-28 09:58:58,793 | INFO | START | Greenhouse | https://job-boards.greenhouse.io/mcafee
2026-09-28 09:58:58,941 | INFO | SUCCESS | Greenhouse | https://job-boards.greenhouse.io/mcafee | jobs=1
2026-09-28 09:58:58,941 | INFO | START | Greenhouse | https://job-boards.greenhouse.io/peoplestrata
2026-09-28 09:58:59,130 | INFO | SUCCESS | Greenhouse | https://job-boards.greenhouse.io/peoplestrata | jobs=0
2026-09-28 09:58:59,130 | INFO | START | Greenhouse | https://job-boards.greenhouse.io/c3
2026-09-28 09:58:59,251 | ERROR | FAILED | Greenhouse | https://job-boards.greenhouse.io/c3 | error=404 Client Error: Not Found for url: https://boards-api.greenhouse.io/v1/boards/c3/jobs?content=true
2026-09-28 09:58:59,253 | INFO | START | Greenhouse | https://job-boards.greenhouse.io/vsapartners
2026-09-28 09:58:59,402 | INFO | SUCCESS | Greenhouse | https://job-boards.greenhouse.io/vsapartners | jobs=11
2026-09-28 09:58:59,402 | INFO | START | Greenhouse | https://job-boards.greenhouse.io/zeel
2026-09-28 09:58:59,578 | ERROR | FAILED | Greenhouse | https://job-boards.greenhouse.io/zeel | error=404 Client Error: Not Found for url: https://boards-api.greenhouse.io/v1/boards/zeel/jobs?content=true
2026-09-28 09:58:59,579 | INFO | START | Ashby | https://jobs.ashbyhq.com/fastapicloud
2026-09-28 09:58:59,670 | ERROR | FAILED | Ashby | https://jobs.ashbyhq.com/fastapicloud | error=404 Client Error: Not Found for url: https://api.ashbyhq.com/posting-api/job-board/fastapicloud?includeCompensation=true
2026-09-28 09:58:59,671 | INFO | START | Ashby | https://jobs.ashbyhq.com/netgear
2026-09-28 09:58:59,798 | INFO | SUCCESS | Ashby | https://jobs.ashbyhq.com/netgear | jobs=51
2026-09-28 09:58:59,798 | INFO | START | Ashby | https://jobs.ashbyhq.com/base-operations
2026-09-28 09:58:59,892 | INFO | SUCCESS | Ashby | https://jobs.ashbyhq.com/base-operations | jobs=1
2026-09-28 09:58:59,893 | INFO | START | Ashby | https://jobs.ashbyhq.com/vultr
2026-09-28 09:58:59,986 | INFO | SUCCESS | Ashby | https://jobs.ashbyhq.com/vultr | jobs=53
2026-09-28 09:58:59,986 | INFO | START | Ashby | https://jobs.ashbyhq.com/Voya%20Energy
2026-09-28 09:59:00,137 | INFO | SUCCESS | Ashby | https://jobs.ashbyhq.com/Voya%20Energy | jobs=6
2026-09-28 09:59:00,137 | INFO | START | Ashby | https://jobs.ashbyhq.com/mexdigital
2026-09-28 09:59:00,223 | INFO | SUCCESS | Ashby | https://jobs.ashbyhq.com/mexdigital | jobs=14
2026-09-28 09:59:00,223 | INFO | START | Ashby | https://jobs.ashbyhq.com/zodl
2026-09-28 09:59:00,304 | INFO | SUCCESS | Ashby | https://jobs.ashbyhq.com/zodl | jobs=2
2026-09-28 09:59:00,305 | INFO | START | Ashby | https://jobs.ashbyhq.com/positive-development
2026-09-28 09:59:00,404 | INFO | SUCCESS | Ashby | https://jobs.ashbyhq.com/positive-development | jobs=56
2026-09-28 09:59:00,404 | INFO | START | Ashby | https://jobs.ashbyhq.com/arda-therapeutics
2026-09-28 09:59:00,474 | INFO | SUCCESS | Ashby | https://jobs.ashbyhq.com/arda-therapeutics | jobs=0
2026-09-28 09:59:00,474 | INFO | START | Ashby | https://jobs.ashbyhq.com/aryahealth.ai
2026-09-28 09:59:00,635 | INFO | SUCCESS | Ashby | https://jobs.ashbyhq.com/aryahealth.ai | jobs=14
2026-09-28 09:59:00,635 | INFO | START | Ashby | https://jobs.ashbyhq.com/abstraction.games
2026-09-28 09:59:00,716 | INFO | SUCCESS | Ashby | https://jobs.ashbyhq.com/abstraction.games | jobs=1
2026-09-28 09:59:00,716 | INFO | START | Ashby | https://jobs.ashbyhq.com/regent
2026-09-28 09:59:00,827 | INFO | SUCCESS | Ashby | https://jobs.ashbyhq.com/regent | jobs=28
2026-09-28 09:59:00,828 | INFO | START | Ashby | https://jobs.ashbyhq.com/hearth
2026-09-28 09:59:00,906 | ERROR | FAILED | Ashby | https://jobs.ashbyhq.com/hearth | error=404 Client Error: Not Found for url: https://api.ashbyhq.com/posting-api/job-board/hearth?includeCompensation=true
2026-09-28 09:59:00,907 | INFO | START | Ashby | https://jobs.ashbyhq.com/mistral.ai
2026-09-28 09:59:01,219 | INFO | SUCCESS | Ashby | https://jobs.ashbyhq.com/mistral.ai | jobs=210
2026-09-28 09:59:01,219 | INFO | START | Ashby | https://jobs.ashbyhq.com/impulse
2026-09-28 09:59:01,294 | INFO | SUCCESS | Ashby | https://jobs.ashbyhq.com/impulse | jobs=2
2026-09-28 09:59:01,294 | INFO | START | Ashby | https://jobs.ashbyhq.com/nen
2026-09-28 09:59:01,374 | ERROR | FAILED | Ashby | https://jobs.ashbyhq.com/nen | error=404 Client Error: Not Found for url: https://api.ashbyhq.com/posting-api/job-board/nen?includeCompensation=true
2026-09-28 09:59:01,375 | INFO | START | Ashby | https://jobs.ashbyhq.com/gridverify
2026-09-28 09:59:01,457 | INFO | SUCCESS | Ashby | https://jobs.ashbyhq.com/gridverify | jobs=5
2026-09-28 09:59:01,457 | INFO | START | Ashby | https://jobs.ashbyhq.com/graphyte
2026-09-28 09:59:01,548 | INFO | SUCCESS | Ashby | https://jobs.ashbyhq.com/graphyte | jobs=1
2026-09-28 09:59:01,548 | INFO | START | Ashby | https://jobs.ashbyhq.com/bigeye
2026-09-28 09:59:01,717 | ERROR | FAILED | Ashby | https://jobs.ashbyhq.com/bigeye | error=404 Client Error: Not Found for url: https://api.ashbyhq.com/posting-api/job-board/bigeye?includeCompensation=true
2026-09-28 09:59:01,718 | INFO | START | Ashby | https://jobs.ashbyhq.com/windborne-systems
2026-09-28 09:59:01,819 | INFO | SUCCESS | Ashby | https://jobs.ashbyhq.com/windborne-systems | jobs=19
2026-09-28 09:59:01,819 | INFO | START | Lever | https://jobs.lever.co/tildei
2026-09-28 09:59:02,204 | INFO | SUCCESS | Lever | https://jobs.lever.co/tildei | jobs=1
2026-09-28 09:59:02,204 | INFO | START | Lever | https://jobs.lever.co/crewapp
2026-09-28 09:59:02,495 | ERROR | FAILED | Lever | https://jobs.lever.co/crewapp | error=404 Client Error: Not Found for url: https://api.lever.co/v0/postings/crewapp?mode=json
2026-09-28 09:59:02,497 | INFO | START | Lever | https://jobs.lever.co/mulhalls
2026-09-28 09:59:03,422 | INFO | SUCCESS | Lever | https://jobs.lever.co/mulhalls | jobs=6
2026-09-28 09:59:03,422 | INFO | START | Lever | https://jobs.lever.co/straitcapital
2026-09-28 09:59:03,773 | ERROR | FAILED | Lever | https://jobs.lever.co/straitcapital | error=404 Client Error: Not Found for url: https://api.lever.co/v0/postings/straitcapital?mode=json
2026-09-28 09:59:03,776 | INFO | START | Lever | https://jobs.lever.co/lqdigital
2026-09-28 09:59:04,092 | INFO | SUCCESS | Lever | https://jobs.lever.co/lqdigital | jobs=0
2026-09-28 09:59:04,092 | INFO | START | Lever | https://jobs.lever.co/d-one
2026-09-28 09:59:04,646 | ERROR | FAILED | Lever | https://jobs.lever.co/d-one | error=404 Client Error: Not Found for url: https://api.lever.co/v0/postings/d-one?mode=json
2026-09-28 09:59:04,647 | INFO | START | Lever | https://jobs.lever.co/Rebuilt
2026-09-28 09:59:05,628 | ERROR | FAILED | Lever | https://jobs.lever.co/Rebuilt | error=404 Client Error: Not Found for url: https://api.lever.co/v0/postings/Rebuilt?mode=json
2026-09-28 09:59:05,629 | INFO | START | Lever | https://jobs.lever.co/doranjones
2026-09-28 09:59:06,008 | INFO | SUCCESS | Lever | https://jobs.lever.co/doranjones | jobs=1
2026-09-28 09:59:06,009 | INFO | START | Lever | https://jobs.lever.co/robust-ai
2026-09-28 09:59:06,522 | INFO | SUCCESS | Lever | https://jobs.lever.co/robust-ai | jobs=5
2026-09-28 09:59:06,522 | INFO | START | Lever | https://jobs.lever.co/chec
2026-09-28 09:59:06,820 | ERROR | FAILED | Lever | https://jobs.lever.co/chec | error=404 Client Error: Not Found for url: https://api.lever.co/v0/postings/chec?mode=json
2026-09-28 09:59:06,823 | INFO | START | Greenhouse | https://job-boards.greenhouse.io/foodcorps
2026-09-28 09:59:07,030 | ERROR | FAILED | Greenhouse | https://job-boards.greenhouse.io/foodcorps | error=404 Client Error: Not Found for url: https://boards-api.greenhouse.io/v1/boards/foodcorps/jobs?content=true
2026-09-28 09:59:07,032 | INFO | START | Greenhouse | https://job-boards.greenhouse.io/casetify
2026-09-28 09:59:07,259 | INFO | SUCCESS | Greenhouse | https://job-boards.greenhouse.io/casetify | jobs=63
2026-09-28 09:59:07,259 | INFO | START | Greenhouse | https://job-boards.greenhouse.io/happifyhealth
2026-09-28 09:59:07,442 | ERROR | FAILED | Greenhouse | https://job-boards.greenhouse.io/happifyhealth | error=404 Client Error: Not Found for url: https://boards-api.greenhouse.io/v1/boards/happifyhealth/jobs?content=true
2026-09-28 09:59:07,444 | INFO | START | Greenhouse | https://job-boards.greenhouse.io/bird
2026-09-28 09:59:07,657 | INFO | SUCCESS | Greenhouse | https://job-boards.greenhouse.io/bird | jobs=31
2026-09-28 09:59:07,657 | INFO | START | Greenhouse | https://job-boards.greenhouse.io/dremio
2026-09-28 09:59:07,781 | INFO | SUCCESS | Greenhouse | https://job-boards.greenhouse.io/dremio | jobs=7
2026-09-28 09:59:07,781 | INFO | START | Greenhouse | https://job-boards.greenhouse.io/sterling
2026-09-28 09:59:07,977 | INFO | SUCCESS | Greenhouse | https://job-boards.greenhouse.io/sterling | jobs=2
2026-09-28 09:59:07,978 | INFO | START | Greenhouse | https://job-boards.greenhouse.io/parkmobileus
2026-09-28 09:59:08,106 | ERROR | FAILED | Greenhouse | https://job-boards.greenhouse.io/parkmobileus | error=404 Client Error: Not Found for url: https://boards-api.greenhouse.io/v1/boards/parkmobileus/jobs?content=true
2026-09-28 09:59:08,108 | INFO | START | Greenhouse | https://job-boards.greenhouse.io/merchantsauto
2026-09-28 09:59:08,242 | INFO | SUCCESS | Greenhouse | https://job-boards.greenhouse.io/merchantsauto | jobs=1
2026-09-28 09:59:08,242 | INFO | START | Greenhouse | https://job-boards.greenhouse.io/canopytax
2026-09-28 09:59:08,395 | INFO | SUCCESS | Greenhouse | https://job-boards.greenhouse.io/canopytax | jobs=12
2026-09-28 09:59:08,395 | INFO | START | Greenhouse | https://job-boards.greenhouse.io/straitsx
2026-09-28 09:59:08,629 | INFO | SUCCESS | Greenhouse | https://job-boards.greenhouse.io/straitsx | jobs=25
2026-09-28 09:59:08,629 | INFO | START | Greenhouse | https://job-boards.greenhouse.io/nycedc
2026-09-28 09:59:08,970 | INFO | SUCCESS | Greenhouse | https://job-boards.greenhouse.io/nycedc | jobs=32
2026-09-28 09:59:08,970 | INFO | START | Greenhouse | https://job-boards.greenhouse.io/fractalteam
2026-09-28 09:59:09,120 | ERROR | FAILED | Greenhouse | https://job-boards.greenhouse.io/fractalteam | error=404 Client Error: Not Found for url: https://boards-api.greenhouse.io/v1/boards/fractalteam/jobs?content=true
2026-09-28 09:59:09,121 | INFO | START | Greenhouse | https://job-boards.greenhouse.io/abdielcapital
2026-09-28 09:59:09,247 | INFO | SUCCESS | Greenhouse | https://job-boards.greenhouse.io/abdielcapital | jobs=0
2026-09-28 09:59:09,247 | INFO | START | Greenhouse | https://job-boards.greenhouse.io/github
2026-09-28 09:59:09,356 | ERROR | FAILED | Greenhouse | https://job-boards.greenhouse.io/github | error=404 Client Error: Not Found for url: https://boards-api.greenhouse.io/v1/boards/github/jobs?content=true
2026-09-28 09:59:09,357 | INFO | START | Greenhouse | https://job-boards.greenhouse.io/theplanningshopuk
2026-09-28 09:59:09,542 | INFO | SUCCESS | Greenhouse | https://job-boards.greenhouse.io/theplanningshopuk | jobs=0
2026-09-28 09:59:09,543 | INFO | START | Greenhouse | https://job-boards.greenhouse.io/mcafee
2026-09-28 09:59:10,496 | INFO | SUCCESS | Greenhouse | https://job-boards.greenhouse.io/mcafee | jobs=1
2026-09-28 09:59:10,496 | INFO | START | Greenhouse | https://job-boards.greenhouse.io/peoplestrata
2026-09-28 09:59:10,704 | INFO | SUCCESS | Greenhouse | https://job-boards.greenhouse.io/peoplestrata | jobs=0
2026-09-28 09:59:10,704 | INFO | START | Greenhouse | https://job-boards.greenhouse.io/c3
2026-09-28 09:59:10,822 | ERROR | FAILED | Greenhouse | https://job-boards.greenhouse.io/c3 | error=404 Client Error: Not Found for url: https://boards-api.greenhouse.io/v1/boards/c3/jobs?content=true
2026-09-28 09:59:10,823 | INFO | START | Greenhouse | https://job-boards.greenhouse.io/vsapartners
2026-09-28 09:59:10,994 | INFO | SUCCESS | Greenhouse | https://job-boards.greenhouse.io/vsapartners | jobs=11
2026-09-28 09:59:10,994 | INFO | START | Greenhouse | https://job-boards.greenhouse.io/zeel
2026-09-28 09:59:11,183 | ERROR | FAILED | Greenhouse | https://job-boards.greenhouse.io/zeel | error=404 Client Error: Not Found for url: https://boards-api.greenhouse.io/v1/boards/zeel/jobs?content=true
2026-09-28 09:59:11,185 | INFO | START | Ashby | https://jobs.ashbyhq.com/fastapicloud
2026-09-28 09:59:11,274 | ERROR | FAILED | Ashby | https://jobs.ashbyhq.com/fastapicloud | error=404 Client Error: Not Found for url: https://api.ashbyhq.com/posting-api/job-board/fastapicloud?includeCompensation=true
2026-09-28 09:59:11,275 | INFO | START | Ashby | https://jobs.ashbyhq.com/netgear
2026-09-28 09:59:11,413 | INFO | SUCCESS | Ashby | https://jobs.ashbyhq.com/netgear | jobs=51
2026-09-28 09:59:11,413 | INFO | START | Ashby | https://jobs.ashbyhq.com/base-operations
2026-09-28 09:59:11,511 | INFO | SUCCESS | Ashby | https://jobs.ashbyhq.com/base-operations | jobs=1
2026-09-28 09:59:11,511 | INFO | START | Ashby | https://jobs.ashbyhq.com/vultr
2026-09-28 09:59:11,721 | INFO | SUCCESS | Ashby | https://jobs.ashbyhq.com/vultr | jobs=53
2026-09-28 09:59:11,721 | INFO | START | Ashby | https://jobs.ashbyhq.com/Voya%20Energy
2026-09-28 09:59:11,814 | INFO | SUCCESS | Ashby | https://jobs.ashbyhq.com/Voya%20Energy | jobs=6
2026-09-28 09:59:11,814 | INFO | START | Ashby | https://jobs.ashbyhq.com/mexdigital
2026-09-28 09:59:11,903 | INFO | SUCCESS | Ashby | https://jobs.ashbyhq.com/mexdigital | jobs=14
2026-09-28 09:59:11,903 | INFO | START | Ashby | https://jobs.ashbyhq.com/zodl
2026-09-28 09:59:11,985 | INFO | SUCCESS | Ashby | https://jobs.ashbyhq.com/zodl | jobs=2
2026-09-28 09:59:11,986 | INFO | START | Ashby | https://jobs.ashbyhq.com/positive-development
2026-09-28 09:59:12,075 | INFO | SUCCESS | Ashby | https://jobs.ashbyhq.com/positive-development | jobs=56
2026-09-28 09:59:12,075 | INFO | START | Ashby | https://jobs.ashbyhq.com/arda-therapeutics
2026-09-28 09:59:12,250 | INFO | SUCCESS | Ashby | https://jobs.ashbyhq.com/arda-therapeutics | jobs=0
2026-09-28 09:59:12,250 | INFO | START | Ashby | https://jobs.ashbyhq.com/aryahealth.ai
2026-09-28 09:59:12,346 | INFO | SUCCESS | Ashby | https://jobs.ashbyhq.com/aryahealth.ai | jobs=14
2026-09-28 09:59:12,347 | INFO | START | Ashby | https://jobs.ashbyhq.com/abstraction.games
2026-09-28 09:59:12,432 | INFO | SUCCESS | Ashby | https://jobs.ashbyhq.com/abstraction.games | jobs=1
2026-09-28 09:59:12,432 | INFO | START | Ashby | https://jobs.ashbyhq.com/regent
2026-09-28 09:59:12,554 | INFO | SUCCESS | Ashby | https://jobs.ashbyhq.com/regent | jobs=28
2026-09-28 09:59:12,554 | INFO | START | Ashby | https://jobs.ashbyhq.com/hearth
2026-09-28 09:59:12,722 | ERROR | FAILED | Ashby | https://jobs.ashbyhq.com/hearth | error=404 Client Error: Not Found for url: https://api.ashbyhq.com/posting-api/job-board/hearth?includeCompensation=true
2026-09-28 09:59:12,725 | INFO | START | Ashby | https://jobs.ashbyhq.com/mistral.ai
2026-09-28 09:59:12,949 | INFO | SUCCESS | Ashby | https://jobs.ashbyhq.com/mistral.ai | jobs=210
2026-09-28 09:59:12,949 | INFO | START | Ashby | https://jobs.ashbyhq.com/impulse
2026-09-28 09:59:13,031 | INFO | SUCCESS | Ashby | https://jobs.ashbyhq.com/impulse | jobs=2
2026-09-28 09:59:13,031 | INFO | START | Ashby | https://jobs.ashbyhq.com/nen
2026-09-28 09:59:13,114 | ERROR | FAILED | Ashby | https://jobs.ashbyhq.com/nen | error=404 Client Error: Not Found for url: https://api.ashbyhq.com/posting-api/job-board/nen?includeCompensation=true
2026-09-28 09:59:13,115 | INFO | START | Ashby | https://jobs.ashbyhq.com/gridverify
2026-09-28 09:59:13,302 | INFO | SUCCESS | Ashby | https://jobs.ashbyhq.com/gridverify | jobs=5
2026-09-28 09:59:13,302 | INFO | START | Ashby | https://jobs.ashbyhq.com/graphyte
2026-09-28 09:59:13,383 | INFO | SUCCESS | Ashby | https://jobs.ashbyhq.com/graphyte | jobs=1
2026-09-28 09:59:13,383 | INFO | START | Ashby | https://jobs.ashbyhq.com/bigeye
2026-09-28 09:59:13,461 | ERROR | FAILED | Ashby | https://jobs.ashbyhq.com/bigeye | error=404 Client Error: Not Found for url: https://api.ashbyhq.com/posting-api/job-board/bigeye?includeCompensation=true
2026-09-28 09:59:13,462 | INFO | START | Ashby | https://jobs.ashbyhq.com/windborne-systems
2026-09-28 09:59:13,554 | INFO | SUCCESS | Ashby | https://jobs.ashbyhq.com/windborne-systems | jobs=19
2026-09-28 09:59:13,554 | INFO | START | Lever | https://jobs.lever.co/tildei
2026-09-28 09:59:15,308 | INFO | SUCCESS | Lever | https://jobs.lever.co/tildei | jobs=1
2026-09-28 09:59:15,308 | INFO | START | Lever | https://jobs.lever.co/crewapp
2026-09-28 09:59:15,663 | ERROR | FAILED | Lever | https://jobs.lever.co/crewapp | error=404 Client Error: Not Found for url: https://api.lever.co/v0/postings/crewapp?mode=json
2026-09-28 09:59:15,665 | INFO | START | Lever | https://jobs.lever.co/mulhalls
2026-09-28 09:59:16,159 | INFO | SUCCESS | Lever | https://jobs.lever.co/mulhalls | jobs=6
2026-09-28 09:59:16,159 | INFO | START | Lever | https://jobs.lever.co/straitcapital
2026-09-28 09:59:16,546 | ERROR | FAILED | Lever | https://jobs.lever.co/straitcapital | error=404 Client Error: Not Found for url: https://api.lever.co/v0/postings/straitcapital?mode=json
2026-09-28 09:59:16,549 | INFO | START | Lever | https://jobs.lever.co/lqdigital
2026-09-28 09:59:16,882 | INFO | SUCCESS | Lever | https://jobs.lever.co/lqdigital | jobs=0
2026-09-28 09:59:16,883 | INFO | START | Lever | https://jobs.lever.co/d-one
2026-09-28 09:59:17,403 | ERROR | FAILED | Lever | https://jobs.lever.co/d-one | error=404 Client Error: Not Found for url: https://api.lever.co/v0/postings/d-one?mode=json
2026-09-28 09:59:17,406 | INFO | START | Lever | https://jobs.lever.co/Rebuilt
2026-09-28 09:59:17,704 | ERROR | FAILED | Lever | https://jobs.lever.co/Rebuilt | error=404 Client Error: Not Found for url: https://api.lever.co/v0/postings/Rebuilt?mode=json
2026-09-28 09:59:17,706 | INFO | START | Lever | https://jobs.lever.co/doranjones
2026-09-28 09:59:21,319 | INFO | SUCCESS | Lever | https://jobs.lever.co/doranjones | jobs=1
2026-09-28 09:59:21,319 | INFO | START | Lever | https://jobs.lever.co/robust-ai
2026-09-28 09:59:21,799 | INFO | SUCCESS | Lever | https://jobs.lever.co/robust-ai | jobs=5
2026-09-28 09:59:21,799 | INFO | START | Lever | https://jobs.lever.co/chec
2026-09-28 09:59:22,195 | ERROR | FAILED | Lever | https://jobs.lever.co/chec | error=404 Client Error: Not Found for url: https://api.lever.co/v0/postings/chec?mode=json
2026-09-28 09:59:22,198 | INFO | START | Greenhouse | https://job-boards.greenhouse.io/foodcorps
2026-09-28 09:59:22,318 | ERROR | FAILED | Greenhouse | https://job-boards.greenhouse.io/foodcorps | error=404 Client Error: Not Found for url: https://boards-api.greenhouse.io/v1/boards/foodcorps/jobs?content=true
2026-09-28 09:59:22,321 | INFO | START | Greenhouse | https://job-boards.greenhouse.io/casetify
2026-09-28 09:59:22,515 | INFO | SUCCESS | Greenhouse | https://job-boards.greenhouse.io/casetify | jobs=63
2026-09-28 09:59:22,515 | INFO | START | Greenhouse | https://job-boards.greenhouse.io/happifyhealth
2026-09-28 09:59:22,695 | ERROR | FAILED | Greenhouse | https://job-boards.greenhouse.io/happifyhealth | error=404 Client Error: Not Found for url: https://boards-api.greenhouse.io/v1/boards/happifyhealth/jobs?content=true
2026-09-28 09:59:22,696 | INFO | START | Greenhouse | https://job-boards.greenhouse.io/bird
2026-09-28 09:59:22,856 | INFO | SUCCESS | Greenhouse | https://job-boards.greenhouse.io/bird | jobs=31
2026-09-28 09:59:22,856 | INFO | START | Greenhouse | https://job-boards.greenhouse.io/dremio
2026-09-28 09:59:22,982 | INFO | SUCCESS | Greenhouse | https://job-boards.greenhouse.io/dremio | jobs=7
2026-09-28 09:59:22,982 | INFO | START | Greenhouse | https://job-boards.greenhouse.io/sterling
2026-09-28 09:59:23,175 | INFO | SUCCESS | Greenhouse | https://job-boards.greenhouse.io/sterling | jobs=2
2026-09-28 09:59:23,175 | INFO | START | Greenhouse | https://job-boards.greenhouse.io/parkmobileus
2026-09-28 09:59:23,295 | ERROR | FAILED | Greenhouse | https://job-boards.greenhouse.io/parkmobileus | error=404 Client Error: Not Found for url: https://boards-api.greenhouse.io/v1/boards/parkmobileus/jobs?content=true
2026-09-28 09:59:23,297 | INFO | START | Greenhouse | https://job-boards.greenhouse.io/merchantsauto
2026-09-28 09:59:23,437 | INFO | SUCCESS | Greenhouse | https://job-boards.greenhouse.io/merchantsauto | jobs=1
2026-09-28 09:59:23,437 | INFO | START | Greenhouse | https://job-boards.greenhouse.io/canopytax
2026-09-28 09:59:23,587 | INFO | SUCCESS | Greenhouse | https://job-boards.greenhouse.io/canopytax | jobs=12
2026-09-28 09:59:23,587 | INFO | START | Greenhouse | https://job-boards.greenhouse.io/straitsx
2026-09-28 09:59:23,832 | INFO | SUCCESS | Greenhouse | https://job-boards.greenhouse.io/straitsx | jobs=25
2026-09-28 09:59:23,832 | INFO | START | Greenhouse | https://job-boards.greenhouse.io/nycedc
2026-09-28 09:59:24,109 | INFO | SUCCESS | Greenhouse | https://job-boards.greenhouse.io/nycedc | jobs=32
2026-09-28 09:59:24,109 | INFO | START | Greenhouse | https://job-boards.greenhouse.io/fractalteam
2026-09-28 09:59:24,285 | ERROR | FAILED | Greenhouse | https://job-boards.greenhouse.io/fractalteam | error=404 Client Error: Not Found for url: https://boards-api.greenhouse.io/v1/boards/fractalteam/jobs?content=true
2026-09-28 09:59:24,287 | INFO | START | Greenhouse | https://job-boards.greenhouse.io/abdielcapital
2026-09-28 09:59:24,409 | INFO | SUCCESS | Greenhouse | https://job-boards.greenhouse.io/abdielcapital | jobs=0
2026-09-28 09:59:24,409 | INFO | START | Greenhouse | https://job-boards.greenhouse.io/github
2026-09-28 09:59:24,525 | ERROR | FAILED | Greenhouse | https://job-boards.greenhouse.io/github | error=404 Client Error: Not Found for url: https://boards-api.greenhouse.io/v1/boards/github/jobs?content=true
2026-09-28 09:59:24,526 | INFO | START | Greenhouse | https://job-boards.greenhouse.io/theplanningshopuk
2026-09-28 09:59:24,746 | INFO | SUCCESS | Greenhouse | https://job-boards.greenhouse.io/theplanningshopuk | jobs=0
2026-09-28 09:59:24,746 | INFO | START | Greenhouse | https://job-boards.greenhouse.io/mcafee
2026-09-28 09:59:24,878 | INFO | SUCCESS | Greenhouse | https://job-boards.greenhouse.io/mcafee | jobs=1
2026-09-28 09:59:24,878 | INFO | START | Greenhouse | https://job-boards.greenhouse.io/peoplestrata
2026-09-28 09:59:25,012 | INFO | SUCCESS | Greenhouse | https://job-boards.greenhouse.io/peoplestrata | jobs=0
2026-09-28 09:59:25,012 | INFO | START | Greenhouse | https://job-boards.greenhouse.io/c3
2026-09-28 09:59:25,124 | ERROR | FAILED | Greenhouse | https://job-boards.greenhouse.io/c3 | error=404 Client Error: Not Found for url: https://boards-api.greenhouse.io/v1/boards/c3/jobs?content=true
2026-09-28 09:59:25,125 | INFO | START | Greenhouse | https://job-boards.greenhouse.io/vsapartners
2026-09-28 09:59:25,385 | INFO | SUCCESS | Greenhouse | https://job-boards.greenhouse.io/vsapartners | jobs=11
2026-09-28 09:59:25,385 | INFO | START | Greenhouse | https://job-boards.greenhouse.io/zeel
2026-09-28 09:59:25,491 | ERROR | FAILED | Greenhouse | https://job-boards.greenhouse.io/zeel | error=404 Client Error: Not Found for url: https://boards-api.greenhouse.io/v1/boards/zeel/jobs?content=true
2026-09-28 09:59:25,492 | INFO | START | Ashby | https://jobs.ashbyhq.com/fastapicloud
2026-09-28 09:59:25,573 | ERROR | FAILED | Ashby | https://jobs.ashbyhq.com/fastapicloud | error=404 Client Error: Not Found for url: https://api.ashbyhq.com/posting-api/job-board/fastapicloud?includeCompensation=true
2026-09-28 09:59:25,574 | INFO | START | Ashby | https://jobs.ashbyhq.com/netgear
2026-09-28 09:59:25,697 | INFO | SUCCESS | Ashby | https://jobs.ashbyhq.com/netgear | jobs=51
2026-09-28 09:59:25,697 | INFO | START | Ashby | https://jobs.ashbyhq.com/base-operations
2026-09-28 09:59:25,893 | INFO | SUCCESS | Ashby | https://jobs.ashbyhq.com/base-operations | jobs=1
2026-09-28 09:59:25,893 | INFO | START | Ashby | https://jobs.ashbyhq.com/vultr
2026-09-28 09:59:26,027 | INFO | SUCCESS | Ashby | https://jobs.ashbyhq.com/vultr | jobs=53
2026-09-28 09:59:26,028 | INFO | START | Ashby | https://jobs.ashbyhq.com/Voya%20Energy
2026-09-28 09:59:26,112 | INFO | SUCCESS | Ashby | https://jobs.ashbyhq.com/Voya%20Energy | jobs=6
2026-09-28 09:59:26,112 | INFO | START | Ashby | https://jobs.ashbyhq.com/mexdigital
2026-09-28 09:59:26,195 | INFO | SUCCESS | Ashby | https://jobs.ashbyhq.com/mexdigital | jobs=14
2026-09-28 09:59:26,196 | INFO | START | Ashby | https://jobs.ashbyhq.com/zodl
2026-09-28 09:59:26,360 | INFO | SUCCESS | Ashby | https://jobs.ashbyhq.com/zodl | jobs=2
2026-09-28 09:59:26,361 | INFO | START | Ashby | https://jobs.ashbyhq.com/positive-development
2026-09-28 09:59:26,462 | INFO | SUCCESS | Ashby | https://jobs.ashbyhq.com/positive-development | jobs=56
2026-09-28 09:59:26,463 | INFO | START | Ashby | https://jobs.ashbyhq.com/arda-therapeutics
2026-09-28 09:59:26,547 | INFO | SUCCESS | Ashby | https://jobs.ashbyhq.com/arda-therapeutics | jobs=0
2026-09-28 09:59:26,548 | INFO | START | Ashby | https://jobs.ashbyhq.com/aryahealth.ai
2026-09-28 09:59:26,629 | INFO | SUCCESS | Ashby | https://jobs.ashbyhq.com/aryahealth.ai | jobs=14
2026-09-28 09:59:26,629 | INFO | START | Ashby | https://jobs.ashbyhq.com/abstraction.games
2026-09-28 09:59:26,708 | INFO | SUCCESS | Ashby | https://jobs.ashbyhq.com/abstraction.games | jobs=1
2026-09-28 09:59:26,708 | INFO | START | Ashby | https://jobs.ashbyhq.com/regent
2026-09-28 09:59:26,887 | INFO | SUCCESS | Ashby | https://jobs.ashbyhq.com/regent | jobs=28
2026-09-28 09:59:26,888 | INFO | START | Ashby | https://jobs.ashbyhq.com/hearth
2026-09-28 09:59:26,977 | ERROR | FAILED | Ashby | https://jobs.ashbyhq.com/hearth | error=404 Client Error: Not Found for url: https://api.ashbyhq.com/posting-api/job-board/hearth?includeCompensation=true
2026-09-28 09:59:26,978 | INFO | START | Ashby | https://jobs.ashbyhq.com/mistral.ai
2026-09-28 09:59:27,191 | INFO | SUCCESS | Ashby | https://jobs.ashbyhq.com/mistral.ai | jobs=210
2026-09-28 09:59:27,191 | INFO | START | Ashby | https://jobs.ashbyhq.com/impulse
2026-09-28 09:59:27,365 | INFO | SUCCESS | Ashby | https://jobs.ashbyhq.com/impulse | jobs=2
2026-09-28 09:59:27,365 | INFO | START | Ashby | https://jobs.ashbyhq.com/nen
2026-09-28 09:59:27,455 | ERROR | FAILED | Ashby | https://jobs.ashbyhq.com/nen | error=404 Client Error: Not Found for url: https://api.ashbyhq.com/posting-api/job-board/nen?includeCompensation=true
2026-09-28 09:59:27,456 | INFO | START | Ashby | https://jobs.ashbyhq.com/gridverify
2026-09-28 09:59:27,536 | INFO | SUCCESS | Ashby | https://jobs.ashbyhq.com/gridverify | jobs=5
2026-09-28 09:59:27,537 | INFO | START | Ashby | https://jobs.ashbyhq.com/graphyte
2026-09-28 09:59:27,622 | INFO | SUCCESS | Ashby | https://jobs.ashbyhq.com/graphyte | jobs=1
2026-09-28 09:59:27,622 | INFO | START | Ashby | https://jobs.ashbyhq.com/bigeye
2026-09-28 09:59:27,702 | ERROR | FAILED | Ashby | https://jobs.ashbyhq.com/bigeye | error=404 Client Error: Not Found for url: https://api.ashbyhq.com/posting-api/job-board/bigeye?includeCompensation=true
2026-09-28 09:59:27,703 | INFO | START | Ashby | https://jobs.ashbyhq.com/windborne-systems
2026-09-28 09:59:27,792 | INFO | SUCCESS | Ashby | https://jobs.ashbyhq.com/windborne-systems | jobs=19
2026-09-28 09:59:27,792 | INFO | START | Lever | https://jobs.lever.co/tildei
2026-09-28 09:59:28,196 | INFO | SUCCESS | Lever | https://jobs.lever.co/tildei | jobs=1
2026-09-28 09:59:28,197 | INFO | START | Lever | https://jobs.lever.co/crewapp
2026-09-28 09:59:28,554 | ERROR | FAILED | Lever | https://jobs.lever.co/crewapp | error=404 Client Error: Not Found for url: https://api.lever.co/v0/postings/crewapp?mode=json
2026-09-28 09:59:28,556 | INFO | START | Lever | https://jobs.lever.co/mulhalls
2026-09-28 09:59:29,066 | INFO | SUCCESS | Lever | https://jobs.lever.co/mulhalls | jobs=6
2026-09-28 09:59:29,067 | INFO | START | Lever | https://jobs.lever.co/straitcapital
2026-09-28 09:59:29,371 | ERROR | FAILED | Lever | https://jobs.lever.co/straitcapital | error=404 Client Error: Not Found for url: https://api.lever.co/v0/postings/straitcapital?mode=json
2026-09-28 09:59:29,374 | INFO | START | Lever | https://jobs.lever.co/lqdigital
2026-09-28 09:59:29,754 | INFO | SUCCESS | Lever | https://jobs.lever.co/lqdigital | jobs=0
2026-09-28 09:59:29,754 | INFO | START | Lever | https://jobs.lever.co/d-one
2026-09-28 09:59:30,120 | ERROR | FAILED | Lever | https://jobs.lever.co/d-one | error=404 Client Error: Not Found for url: https://api.lever.co/v0/postings/d-one?mode=json
2026-09-28 09:59:30,123 | INFO | START | Lever | https://jobs.lever.co/Rebuilt
2026-09-28 09:59:30,510 | ERROR | FAILED | Lever | https://jobs.lever.co/Rebuilt | error=404 Client Error: Not Found for url: https://api.lever.co/v0/postings/Rebuilt?mode=json
2026-09-28 09:59:30,514 | INFO | START | Lever | https://jobs.lever.co/doranjones
2026-09-28 09:59:30,839 | INFO | SUCCESS | Lever | https://jobs.lever.co/doranjones | jobs=1
2026-09-28 09:59:30,840 | INFO | START | Lever | https://jobs.lever.co/robust-ai
2026-09-28 09:59:31,362 | INFO | SUCCESS | Lever | https://jobs.lever.co/robust-ai | jobs=5
2026-09-28 09:59:31,363 | INFO | START | Lever | https://jobs.lever.co/chec
2026-09-28 09:59:31,747 | ERROR | FAILED | Lever | https://jobs.lever.co/chec | error=404 Client Error: Not Found for url: https://api.lever.co/v0/postings/chec?mode=json
2026-09-28 09:59:31,750 | INFO | START | Greenhouse | https://job-boards.greenhouse.io/foodcorps
2026-09-28 09:59:31,882 | ERROR | FAILED | Greenhouse | https://job-boards.greenhouse.io/foodcorps | error=404 Client Error: Not Found for url: https://boards-api.greenhouse.io/v1/boards/foodcorps/jobs?content=true
2026-09-28 09:59:31,885 | INFO | START | Greenhouse | https://job-boards.greenhouse.io/casetify
2026-09-28 09:59:32,154 | INFO | SUCCESS | Greenhouse | https://job-boards.greenhouse.io/casetify | jobs=63
2026-09-28 09:59:32,154 | INFO | START | Greenhouse | https://job-boards.greenhouse.io/happifyhealth
2026-09-28 09:59:32,255 | ERROR | FAILED | Greenhouse | https://job-boards.greenhouse.io/happifyhealth | error=404 Client Error: Not Found for url: https://boards-api.greenhouse.io/v1/boards/happifyhealth/jobs?content=true
2026-09-28 09:59:32,256 | INFO | START | Greenhouse | https://job-boards.greenhouse.io/bird
2026-09-28 09:59:32,426 | INFO | SUCCESS | Greenhouse | https://job-boards.greenhouse.io/bird | jobs=31
2026-09-28 09:59:32,426 | INFO | START | Greenhouse | https://job-boards.greenhouse.io/dremio
2026-09-28 09:59:32,636 | INFO | SUCCESS | Greenhouse | https://job-boards.greenhouse.io/dremio | jobs=7
2026-09-28 09:59:32,636 | INFO | START | Greenhouse | https://job-boards.greenhouse.io/sterling
2026-09-28 09:59:32,750 | INFO | SUCCESS | Greenhouse | https://job-boards.greenhouse.io/sterling | jobs=2
2026-09-28 09:59:32,750 | INFO | START | Greenhouse | https://job-boards.greenhouse.io/parkmobileus
2026-09-28 09:59:32,862 | ERROR | FAILED | Greenhouse | https://job-boards.greenhouse.io/parkmobileus | error=404 Client Error: Not Found for url: https://boards-api.greenhouse.io/v1/boards/parkmobileus/jobs?content=true
2026-09-28 09:59:32,863 | INFO | START | Greenhouse | https://job-boards.greenhouse.io/merchantsauto
2026-09-28 09:59:32,995 | INFO | SUCCESS | Greenhouse | https://job-boards.greenhouse.io/merchantsauto | jobs=1
2026-09-28 09:59:32,995 | INFO | START | Greenhouse | https://job-boards.greenhouse.io/canopytax
2026-09-28 09:59:33,236 | INFO | SUCCESS | Greenhouse | https://job-boards.greenhouse.io/canopytax | jobs=12
2026-09-28 09:59:33,237 | INFO | START | Greenhouse | https://job-boards.greenhouse.io/straitsx
2026-09-28 09:59:33,372 | INFO | SUCCESS | Greenhouse | https://job-boards.greenhouse.io/straitsx | jobs=25
2026-09-28 09:59:33,372 | INFO | START | Greenhouse | https://job-boards.greenhouse.io/nycedc
2026-09-28 09:59:33,642 | INFO | SUCCESS | Greenhouse | https://job-boards.greenhouse.io/nycedc | jobs=32
2026-09-28 09:59:33,642 | INFO | START | Greenhouse | https://job-boards.greenhouse.io/fractalteam
2026-09-28 09:59:33,746 | ERROR | FAILED | Greenhouse | https://job-boards.greenhouse.io/fractalteam | error=404 Client Error: Not Found for url: https://boards-api.greenhouse.io/v1/boards/fractalteam/jobs?content=true
2026-09-28 09:59:33,747 | INFO | START | Greenhouse | https://job-boards.greenhouse.io/abdielcapital
2026-09-28 09:59:33,856 | INFO | SUCCESS | Greenhouse | https://job-boards.greenhouse.io/abdielcapital | jobs=0
2026-09-28 09:59:33,856 | INFO | START | Greenhouse | https://job-boards.greenhouse.io/github
2026-09-28 09:59:33,966 | ERROR | FAILED | Greenhouse | https://job-boards.greenhouse.io/github | error=404 Client Error: Not Found for url: https://boards-api.greenhouse.io/v1/boards/github/jobs?content=true
2026-09-28 09:59:33,967 | INFO | START | Greenhouse | https://job-boards.greenhouse.io/theplanningshopuk
2026-09-28 09:59:34,084 | INFO | SUCCESS | Greenhouse | https://job-boards.greenhouse.io/theplanningshopuk | jobs=0
2026-09-28 09:59:34,084 | INFO | START | Greenhouse | https://job-boards.greenhouse.io/mcafee
2026-09-28 09:59:34,306 | INFO | SUCCESS | Greenhouse | https://job-boards.greenhouse.io/mcafee | jobs=1
2026-09-28 09:59:34,306 | INFO | START | Greenhouse | https://job-boards.greenhouse.io/peoplestrata
2026-09-28 09:59:34,426 | INFO | SUCCESS | Greenhouse | https://job-boards.greenhouse.io/peoplestrata | jobs=0
2026-09-28 09:59:34,427 | INFO | START | Greenhouse | https://job-boards.greenhouse.io/c3
2026-09-28 09:59:34,543 | ERROR | FAILED | Greenhouse | https://job-boards.greenhouse.io/c3 | error=404 Client Error: Not Found for url: https://boards-api.greenhouse.io/v1/boards/c3/jobs?content=true
2026-09-28 09:59:34,544 | INFO | START | Greenhouse | https://job-boards.greenhouse.io/vsapartners
2026-09-28 09:59:34,737 | INFO | SUCCESS | Greenhouse | https://job-boards.greenhouse.io/vsapartners | jobs=11
2026-09-28 09:59:34,737 | INFO | START | Greenhouse | https://job-boards.greenhouse.io/zeel
2026-09-28 09:59:34,846 | ERROR | FAILED | Greenhouse | https://job-boards.greenhouse.io/zeel | error=404 Client Error: Not Found for url: https://boards-api.greenhouse.io/v1/boards/zeel/jobs?content=true
2026-09-28 09:59:34,847 | INFO | START | Ashby | https://jobs.ashbyhq.com/fastapicloud
2026-09-28 09:59:34,928 | ERROR | FAILED | Ashby | https://jobs.ashbyhq.com/fastapicloud | error=404 Client Error: Not Found for url: https://api.ashbyhq.com/posting-api/job-board/fastapicloud?includeCompensation=true
2026-09-28 09:59:34,929 | INFO | START | Ashby | https://jobs.ashbyhq.com/netgear
2026-09-28 09:59:35,047 | INFO | SUCCESS | Ashby | https://jobs.ashbyhq.com/netgear | jobs=51
2026-09-28 09:59:35,048 | INFO | START | Ashby | https://jobs.ashbyhq.com/base-operations
2026-09-28 09:59:35,245 | INFO | SUCCESS | Ashby | https://jobs.ashbyhq.com/base-operations | jobs=1
2026-09-28 09:59:35,245 | INFO | START | Ashby | https://jobs.ashbyhq.com/vultr
2026-09-28 09:59:35,386 | INFO | SUCCESS | Ashby | https://jobs.ashbyhq.com/vultr | jobs=53
2026-09-28 09:59:35,386 | INFO | START | Ashby | https://jobs.ashbyhq.com/Voya%20Energy
2026-09-28 09:59:35,477 | INFO | SUCCESS | Ashby | https://jobs.ashbyhq.com/Voya%20Energy | jobs=6
2026-09-28 09:59:35,477 | INFO | START | Ashby | https://jobs.ashbyhq.com/mexdigital
2026-09-28 09:59:35,561 | INFO | SUCCESS | Ashby | https://jobs.ashbyhq.com/mexdigital | jobs=14
2026-09-28 09:59:35,561 | INFO | START | Ashby | https://jobs.ashbyhq.com/zodl
2026-09-28 09:59:35,639 | INFO | SUCCESS | Ashby | https://jobs.ashbyhq.com/zodl | jobs=2
2026-09-28 09:59:35,639 | INFO | START | Ashby | https://jobs.ashbyhq.com/positive-development
2026-09-28 09:59:35,804 | INFO | SUCCESS | Ashby | https://jobs.ashbyhq.com/positive-development | jobs=56
2026-09-28 09:59:35,804 | INFO | START | Ashby | https://jobs.ashbyhq.com/arda-therapeutics
2026-09-28 09:59:35,883 | INFO | SUCCESS | Ashby | https://jobs.ashbyhq.com/arda-therapeutics | jobs=0
2026-09-28 09:59:35,884 | INFO | START | Ashby | https://jobs.ashbyhq.com/aryahealth.ai
2026-09-28 09:59:35,966 | INFO | SUCCESS | Ashby | https://jobs.ashbyhq.com/aryahealth.ai | jobs=14
2026-09-28 09:59:35,966 | INFO | START | Ashby | https://jobs.ashbyhq.com/abstraction.games
2026-09-28 09:59:36,050 | INFO | SUCCESS | Ashby | https://jobs.ashbyhq.com/abstraction.games | jobs=1
2026-09-28 09:59:36,050 | INFO | START | Ashby | https://jobs.ashbyhq.com/regent
2026-09-28 09:59:36,145 | INFO | SUCCESS | Ashby | https://jobs.ashbyhq.com/regent | jobs=28
2026-09-28 09:59:36,145 | INFO | START | Ashby | https://jobs.ashbyhq.com/hearth
2026-09-28 09:59:36,349 | ERROR | FAILED | Ashby | https://jobs.ashbyhq.com/hearth | error=404 Client Error: Not Found for url: https://api.ashbyhq.com/posting-api/job-board/hearth?includeCompensation=true
2026-09-28 09:59:36,352 | INFO | START | Ashby | https://jobs.ashbyhq.com/mistral.ai
2026-09-28 09:59:36,554 | INFO | SUCCESS | Ashby | https://jobs.ashbyhq.com/mistral.ai | jobs=210
2026-09-28 09:59:36,554 | INFO | START | Ashby | https://jobs.ashbyhq.com/impulse
2026-09-28 09:59:36,637 | INFO | SUCCESS | Ashby | https://jobs.ashbyhq.com/impulse | jobs=2
2026-09-28 09:59:36,637 | INFO | START | Ashby | https://jobs.ashbyhq.com/nen
2026-09-28 09:59:36,804 | ERROR | FAILED | Ashby | https://jobs.ashbyhq.com/nen | error=404 Client Error: Not Found for url: https://api.ashbyhq.com/posting-api/job-board/nen?includeCompensation=true
2026-09-28 09:59:36,807 | INFO | START | Ashby | https://jobs.ashbyhq.com/gridverify
2026-09-28 09:59:36,904 | INFO | SUCCESS | Ashby | https://jobs.ashbyhq.com/gridverify | jobs=5
2026-09-28 09:59:36,904 | INFO | START | Ashby | https://jobs.ashbyhq.com/graphyte
2026-09-28 09:59:36,987 | INFO | SUCCESS | Ashby | https://jobs.ashbyhq.com/graphyte | jobs=1
2026-09-28 09:59:36,987 | INFO | START | Ashby | https://jobs.ashbyhq.com/bigeye
2026-09-28 09:59:37,073 | ERROR | FAILED | Ashby | https://jobs.ashbyhq.com/bigeye | error=404 Client Error: Not Found for url: https://api.ashbyhq.com/posting-api/job-board/bigeye?includeCompensation=true
2026-09-28 09:59:37,074 | INFO | START | Ashby | https://jobs.ashbyhq.com/windborne-systems
2026-09-28 09:59:37,166 | INFO | SUCCESS | Ashby | https://jobs.ashbyhq.com/windborne-systems | jobs=19
2026-09-28 09:59:37,167 | INFO | START | Lever | https://jobs.lever.co/tildei
2026-09-28 09:59:37,529 | INFO | SUCCESS | Lever | https://jobs.lever.co/tildei | jobs=1
2026-09-28 09:59:37,529 | INFO | START | Lever | https://jobs.lever.co/crewapp
2026-09-28 09:59:38,012 | ERROR | FAILED | Lever | https://jobs.lever.co/crewapp | error=404 Client Error: Not Found for url: https://api.lever.co/v0/postings/crewapp?mode=json
2026-09-28 09:59:38,015 | INFO | START | Lever | https://jobs.lever.co/mulhalls
2026-09-28 09:59:38,506 | INFO | SUCCESS | Lever | https://jobs.lever.co/mulhalls | jobs=6
2026-09-28 09:59:38,506 | INFO | START | Lever | https://jobs.lever.co/straitcapital
2026-09-28 09:59:38,801 | ERROR | FAILED | Lever | https://jobs.lever.co/straitcapital | error=404 Client Error: Not Found for url: https://api.lever.co/v0/postings/straitcapital?mode=json
2026-09-28 09:59:38,804 | INFO | START | Lever | https://jobs.lever.co/lqdigital
2026-09-28 09:59:39,212 | INFO | SUCCESS | Lever | https://jobs.lever.co/lqdigital | jobs=0
2026-09-28 09:59:39,212 | INFO | START | Lever | https://jobs.lever.co/d-one
2026-09-28 09:59:39,555 | ERROR | FAILED | Lever | https://jobs.lever.co/d-one | error=404 Client Error: Not Found for url: https://api.lever.co/v0/postings/d-one?mode=json
2026-09-28 09:59:39,558 | INFO | START | Lever | https://jobs.lever.co/Rebuilt
2026-09-28 09:59:39,856 | ERROR | FAILED | Lever | https://jobs.lever.co/Rebuilt | error=404 Client Error: Not Found for url: https://api.lever.co/v0/postings/Rebuilt?mode=json
2026-09-28 09:59:39,859 | INFO | START | Lever | https://jobs.lever.co/doranjones
2026-09-28 09:59:40,355 | INFO | SUCCESS | Lever | https://jobs.lever.co/doranjones | jobs=1
2026-09-28 09:59:40,355 | INFO | START | Lever | https://jobs.lever.co/robust-ai
2026-09-28 09:59:40,827 | INFO | SUCCESS | Lever | https://jobs.lever.co/robust-ai | jobs=5
2026-09-28 09:59:40,827 | INFO | START | Lever | https://jobs.lever.co/chec
2026-09-28 09:59:41,217 | ERROR | FAILED | Lever | https://jobs.lever.co/chec | error=404 Client Error: Not Found for url: https://api.lever.co/v0/postings/chec?mode=json
2026-09-28 09:59:41,220 | INFO | START | Greenhouse | https://job-boards.greenhouse.io/foodcorps
2026-09-28 09:59:41,344 | ERROR | FAILED | Greenhouse | https://job-boards.greenhouse.io/foodcorps | error=404 Client Error: Not Found for url: https://boards-api.greenhouse.io/v1/boards/foodcorps/jobs?content=true
2026-09-28 09:59:41,346 | INFO | START | Greenhouse | https://job-boards.greenhouse.io/casetify
2026-09-28 09:59:41,592 | INFO | SUCCESS | Greenhouse | https://job-boards.greenhouse.io/casetify | jobs=63
2026-09-28 09:59:41,592 | INFO | START | Greenhouse | https://job-boards.greenhouse.io/happifyhealth
2026-09-28 09:59:41,704 | ERROR | FAILED | Greenhouse | https://job-boards.greenhouse.io/happifyhealth | error=404 Client Error: Not Found for url: https://boards-api.greenhouse.io/v1/boards/happifyhealth/jobs?content=true
2026-09-28 09:59:41,704 | INFO | START | Greenhouse | https://job-boards.greenhouse.io/bird
2026-09-28 09:59:41,872 | INFO | SUCCESS | Greenhouse | https://job-boards.greenhouse.io/bird | jobs=31
2026-09-28 09:59:41,872 | INFO | START | Greenhouse | https://job-boards.greenhouse.io/dremio
2026-09-28 09:59:42,072 | INFO | SUCCESS | Greenhouse | https://job-boards.greenhouse.io/dremio | jobs=7
2026-09-28 09:59:42,072 | INFO | START | Greenhouse | https://job-boards.greenhouse.io/sterling
2026-09-28 09:59:42,214 | INFO | SUCCESS | Greenhouse | https://job-boards.greenhouse.io/sterling | jobs=2
2026-09-28 09:59:42,215 | INFO | START | Greenhouse | https://job-boards.greenhouse.io/parkmobileus
2026-09-28 09:59:42,329 | ERROR | FAILED | Greenhouse | https://job-boards.greenhouse.io/parkmobileus | error=404 Client Error: Not Found for url: https://boards-api.greenhouse.io/v1/boards/parkmobileus/jobs?content=true
2026-09-28 09:59:42,330 | INFO | START | Greenhouse | https://job-boards.greenhouse.io/merchantsauto
2026-09-28 09:59:42,461 | INFO | SUCCESS | Greenhouse | https://job-boards.greenhouse.io/merchantsauto | jobs=1
2026-09-28 09:59:42,461 | INFO | START | Greenhouse | https://job-boards.greenhouse.io/canopytax
2026-09-28 09:59:42,735 | INFO | SUCCESS | Greenhouse | https://job-boards.greenhouse.io/canopytax | jobs=12
2026-09-28 09:59:42,735 | INFO | START | Greenhouse | https://job-boards.greenhouse.io/straitsx
2026-09-28 09:59:42,863 | INFO | SUCCESS | Greenhouse | https://job-boards.greenhouse.io/straitsx | jobs=25
2026-09-28 09:59:42,863 | INFO | START | Greenhouse | https://job-boards.greenhouse.io/nycedc
2026-09-28 09:59:43,121 | INFO | SUCCESS | Greenhouse | https://job-boards.greenhouse.io/nycedc | jobs=32
2026-09-28 09:59:43,121 | INFO | START | Greenhouse | https://job-boards.greenhouse.io/fractalteam
2026-09-28 09:59:43,223 | ERROR | FAILED | Greenhouse | https://job-boards.greenhouse.io/fractalteam | error=404 Client Error: Not Found for url: https://boards-api.greenhouse.io/v1/boards/fractalteam/jobs?content=true
2026-09-28 09:59:43,224 | INFO | START | Greenhouse | https://job-boards.greenhouse.io/abdielcapital
2026-09-28 09:59:43,338 | INFO | SUCCESS | Greenhouse | https://job-boards.greenhouse.io/abdielcapital | jobs=0
2026-09-28 09:59:43,338 | INFO | START | Greenhouse | https://job-boards.greenhouse.io/github
2026-09-28 09:59:43,452 | ERROR | FAILED | Greenhouse | https://job-boards.greenhouse.io/github | error=404 Client Error: Not Found for url: https://boards-api.greenhouse.io/v1/boards/github/jobs?content=true
2026-09-28 09:59:43,453 | INFO | START | Greenhouse | https://job-boards.greenhouse.io/theplanningshopuk
2026-09-28 09:59:43,617 | INFO | SUCCESS | Greenhouse | https://job-boards.greenhouse.io/theplanningshopuk | jobs=0
2026-09-28 09:59:43,617 | INFO | START | Greenhouse | https://job-boards.greenhouse.io/mcafee
2026-09-28 09:59:43,737 | INFO | SUCCESS | Greenhouse | https://job-boards.greenhouse.io/mcafee | jobs=1
2026-09-28 09:59:43,737 | INFO | START | Greenhouse | https://job-boards.greenhouse.io/peoplestrata
2026-09-28 09:59:43,850 | INFO | SUCCESS | Greenhouse | https://job-boards.greenhouse.io/peoplestrata | jobs=0
2026-09-28 09:59:43,850 | INFO | START | Greenhouse | https://job-boards.greenhouse.io/c3
2026-09-28 09:59:43,967 | ERROR | FAILED | Greenhouse | https://job-boards.greenhouse.io/c3 | error=404 Client Error: Not Found for url: https://boards-api.greenhouse.io/v1/boards/c3/jobs?content=true
2026-09-28 09:59:43,968 | INFO | START | Greenhouse | https://job-boards.greenhouse.io/vsapartners
2026-09-28 09:59:44,177 | INFO | SUCCESS | Greenhouse | https://job-boards.greenhouse.io/vsapartners | jobs=11
2026-09-28 09:59:44,177 | INFO | START | Greenhouse | https://job-boards.greenhouse.io/zeel
2026-09-28 09:59:44,303 | ERROR | FAILED | Greenhouse | https://job-boards.greenhouse.io/zeel | error=404 Client Error: Not Found for url: https://boards-api.greenhouse.io/v1/boards/zeel/jobs?content=true
2026-09-28 09:59:44,304 | INFO | START | Ashby | https://jobs.ashbyhq.com/fastapicloud
2026-09-28 09:59:44,392 | ERROR | FAILED | Ashby | https://jobs.ashbyhq.com/fastapicloud | error=404 Client Error: Not Found for url: https://api.ashbyhq.com/posting-api/job-board/fastapicloud?includeCompensation=true
2026-09-28 09:59:44,393 | INFO | START | Ashby | https://jobs.ashbyhq.com/netgear
2026-09-28 09:59:44,514 | INFO | SUCCESS | Ashby | https://jobs.ashbyhq.com/netgear | jobs=51
2026-09-28 09:59:44,514 | INFO | START | Ashby | https://jobs.ashbyhq.com/base-operations
2026-09-28 09:59:44,680 | INFO | SUCCESS | Ashby | https://jobs.ashbyhq.com/base-operations | jobs=1
2026-09-28 09:59:44,680 | INFO | START | Ashby | https://jobs.ashbyhq.com/vultr
2026-09-28 09:59:44,806 | INFO | SUCCESS | Ashby | https://jobs.ashbyhq.com/vultr | jobs=53
2026-09-28 09:59:44,806 | INFO | START | Ashby | https://jobs.ashbyhq.com/Voya%20Energy
2026-09-28 09:59:44,888 | INFO | SUCCESS | Ashby | https://jobs.ashbyhq.com/Voya%20Energy | jobs=6
2026-09-28 09:59:44,888 | INFO | START | Ashby | https://jobs.ashbyhq.com/mexdigital
2026-09-28 09:59:44,983 | INFO | SUCCESS | Ashby | https://jobs.ashbyhq.com/mexdigital | jobs=14
2026-09-28 09:59:44,983 | INFO | START | Ashby | https://jobs.ashbyhq.com/zodl
2026-09-28 09:59:45,080 | INFO | SUCCESS | Ashby | https://jobs.ashbyhq.com/zodl | jobs=2
2026-09-28 09:59:45,080 | INFO | START | Ashby | https://jobs.ashbyhq.com/positive-development
2026-09-28 09:59:45,238 | INFO | SUCCESS | Ashby | https://jobs.ashbyhq.com/positive-development | jobs=56
2026-09-28 09:59:45,238 | INFO | START | Ashby | https://jobs.ashbyhq.com/arda-therapeutics
2026-09-28 09:59:45,324 | INFO | SUCCESS | Ashby | https://jobs.ashbyhq.com/arda-therapeutics | jobs=0
2026-09-28 09:59:45,324 | INFO | START | Ashby | https://jobs.ashbyhq.com/aryahealth.ai
2026-09-28 09:59:45,412 | INFO | SUCCESS | Ashby | https://jobs.ashbyhq.com/aryahealth.ai | jobs=14
2026-09-28 09:59:45,412 | INFO | START | Ashby | https://jobs.ashbyhq.com/abstraction.games
2026-09-28 09:59:45,496 | INFO | SUCCESS | Ashby | https://jobs.ashbyhq.com/abstraction.games | jobs=1
2026-09-28 09:59:45,496 | INFO | START | Ashby | https://jobs.ashbyhq.com/regent
2026-09-28 09:59:45,591 | INFO | SUCCESS | Ashby | https://jobs.ashbyhq.com/regent | jobs=28
2026-09-28 09:59:45,591 | INFO | START | Ashby | https://jobs.ashbyhq.com/hearth
2026-09-28 09:59:45,762 | ERROR | FAILED | Ashby | https://jobs.ashbyhq.com/hearth | error=404 Client Error: Not Found for url: https://api.ashbyhq.com/posting-api/job-board/hearth?includeCompensation=true
2026-09-28 09:59:45,764 | INFO | START | Ashby | https://jobs.ashbyhq.com/mistral.ai
2026-09-28 09:59:45,968 | INFO | SUCCESS | Ashby | https://jobs.ashbyhq.com/mistral.ai | jobs=210
2026-09-28 09:59:45,968 | INFO | START | Ashby | https://jobs.ashbyhq.com/impulse
2026-09-28 09:59:46,050 | INFO | SUCCESS | Ashby | https://jobs.ashbyhq.com/impulse | jobs=2
2026-09-28 09:59:46,050 | INFO | START | Ashby | https://jobs.ashbyhq.com/nen
2026-09-28 09:59:46,238 | ERROR | FAILED | Ashby | https://jobs.ashbyhq.com/nen | error=404 Client Error: Not Found for url: https://api.ashbyhq.com/posting-api/job-board/nen?includeCompensation=true
2026-09-28 09:59:46,240 | INFO | START | Ashby | https://jobs.ashbyhq.com/gridverify
2026-09-28 09:59:46,336 | INFO | SUCCESS | Ashby | https://jobs.ashbyhq.com/gridverify | jobs=5
2026-09-28 09:59:46,336 | INFO | START | Ashby | https://jobs.ashbyhq.com/graphyte
2026-09-28 09:59:46,425 | INFO | SUCCESS | Ashby | https://jobs.ashbyhq.com/graphyte | jobs=1
2026-09-28 09:59:46,425 | INFO | START | Ashby | https://jobs.ashbyhq.com/bigeye
2026-09-28 09:59:46,502 | ERROR | FAILED | Ashby | https://jobs.ashbyhq.com/bigeye | error=404 Client Error: Not Found for url: https://api.ashbyhq.com/posting-api/job-board/bigeye?includeCompensation=true
2026-09-28 09:59:46,503 | INFO | START | Ashby | https://jobs.ashbyhq.com/windborne-systems
2026-09-28 09:59:46,596 | INFO | SUCCESS | Ashby | https://jobs.ashbyhq.com/windborne-systems | jobs=19
2026-09-28 09:59:46,596 | INFO | START | Lever | https://jobs.lever.co/tildei
2026-09-28 09:59:46,962 | INFO | SUCCESS | Lever | https://jobs.lever.co/tildei | jobs=1
2026-09-28 09:59:46,962 | INFO | START | Lever | https://jobs.lever.co/crewapp
2026-09-28 09:59:47,374 | ERROR | FAILED | Lever | https://jobs.lever.co/crewapp | error=404 Client Error: Not Found for url: https://api.lever.co/v0/postings/crewapp?mode=json
2026-09-28 09:59:47,377 | INFO | START | Lever | https://jobs.lever.co/mulhalls
2026-09-28 09:59:47,877 | INFO | SUCCESS | Lever | https://jobs.lever.co/mulhalls | jobs=6
2026-09-28 09:59:47,877 | INFO | START | Lever | https://jobs.lever.co/straitcapital
2026-09-28 09:59:48,221 | ERROR | FAILED | Lever | https://jobs.lever.co/straitcapital | error=404 Client Error: Not Found for url: https://api.lever.co/v0/postings/straitcapital?mode=json
2026-09-28 09:59:48,222 | INFO | START | Lever | https://jobs.lever.co/lqdigital
2026-09-28 09:59:48,555 | INFO | SUCCESS | Lever | https://jobs.lever.co/lqdigital | jobs=0
2026-09-28 09:59:48,555 | INFO | START | Lever | https://jobs.lever.co/d-one
2026-09-28 09:59:48,944 | ERROR | FAILED | Lever | https://jobs.lever.co/d-one | error=404 Client Error: Not Found for url: https://api.lever.co/v0/postings/d-one?mode=json
2026-09-28 09:59:48,945 | INFO | START | Lever | https://jobs.lever.co/Rebuilt
2026-09-28 09:59:49,251 | ERROR | FAILED | Lever | https://jobs.lever.co/Rebuilt | error=404 Client Error: Not Found for url: https://api.lever.co/v0/postings/Rebuilt?mode=json
2026-09-28 09:59:49,254 | INFO | START | Lever | https://jobs.lever.co/doranjones
2026-09-28 09:59:49,620 | INFO | SUCCESS | Lever | https://jobs.lever.co/doranjones | jobs=1
2026-09-28 09:59:49,621 | INFO | START | Lever | https://jobs.lever.co/robust-ai
2026-09-28 09:59:52,010 | INFO | SUCCESS | Lever | https://jobs.lever.co/robust-ai | jobs=5
2026-09-28 09:59:52,011 | INFO | START | Lever | https://jobs.lever.co/chec
2026-09-28 09:59:52,312 | ERROR | FAILED | Lever | https://jobs.lever.co/chec | error=404 Client Error: Not Found for url: https://api.lever.co/v0/postings/chec?mode=json
2026-09-28 09:59:52,314 | INFO | START | Greenhouse | https://job-boards.greenhouse.io/foodcorps
2026-09-28 09:59:52,529 | ERROR | FAILED | Greenhouse | https://job-boards.greenhouse.io/foodcorps | error=404 Client Error: Not Found for url: https://boards-api.greenhouse.io/v1/boards/foodcorps/jobs?content=true
2026-09-28 09:59:52,531 | INFO | START | Greenhouse | https://job-boards.greenhouse.io/casetify
2026-09-28 09:59:52,730 | INFO | SUCCESS | Greenhouse | https://job-boards.greenhouse.io/casetify | jobs=63
2026-09-28 09:59:52,730 | INFO | START | Greenhouse | https://job-boards.greenhouse.io/happifyhealth
2026-09-28 09:59:52,834 | ERROR | FAILED | Greenhouse | https://job-boards.greenhouse.io/happifyhealth | error=404 Client Error: Not Found for url: https://boards-api.greenhouse.io/v1/boards/happifyhealth/jobs?content=true
2026-09-28 09:59:52,835 | INFO | START | Greenhouse | https://job-boards.greenhouse.io/bird
2026-09-28 09:59:53,006 | INFO | SUCCESS | Greenhouse | https://job-boards.greenhouse.io/bird | jobs=31
2026-09-28 09:59:53,006 | INFO | START | Greenhouse | https://job-boards.greenhouse.io/dremio
2026-09-28 09:59:53,178 | INFO | SUCCESS | Greenhouse | https://job-boards.greenhouse.io/dremio | jobs=7
2026-09-28 09:59:53,178 | INFO | START | Greenhouse | https://job-boards.greenhouse.io/sterling
2026-09-28 09:59:53,283 | INFO | SUCCESS | Greenhouse | https://job-boards.greenhouse.io/sterling | jobs=2
2026-09-28 09:59:53,283 | INFO | START | Greenhouse | https://job-boards.greenhouse.io/parkmobileus
2026-09-28 09:59:53,426 | ERROR | FAILED | Greenhouse | https://job-boards.greenhouse.io/parkmobileus | error=404 Client Error: Not Found for url: https://boards-api.greenhouse.io/v1/boards/parkmobileus/jobs?content=true
2026-09-28 09:59:53,427 | INFO | START | Greenhouse | https://job-boards.greenhouse.io/merchantsauto
2026-09-28 09:59:53,654 | INFO | SUCCESS | Greenhouse | https://job-boards.greenhouse.io/merchantsauto | jobs=1
2026-09-28 09:59:53,654 | INFO | START | Greenhouse | https://job-boards.greenhouse.io/canopytax
2026-09-28 09:59:53,812 | INFO | SUCCESS | Greenhouse | https://job-boards.greenhouse.io/canopytax | jobs=12
2026-09-28 09:59:53,812 | INFO | START | Greenhouse | https://job-boards.greenhouse.io/straitsx
2026-09-28 10:00:13,674 | INFO | SUCCESS | Greenhouse | https://job-boards.greenhouse.io/straitsx | jobs=25
2026-09-28 10:00:13,674 | INFO | START | Greenhouse | https://job-boards.greenhouse.io/nycedc
2026-09-28 10:00:14,022 | INFO | SUCCESS | Greenhouse | https://job-boards.greenhouse.io/nycedc | jobs=32
2026-09-28 10:00:14,022 | INFO | START | Greenhouse | https://job-boards.greenhouse.io/fractalteam
2026-09-28 10:00:14,119 | ERROR | FAILED | Greenhouse | https://job-boards.greenhouse.io/fractalteam | error=404 Client Error: Not Found for url: https://boards-api.greenhouse.io/v1/boards/fractalteam/jobs?content=true
2026-09-28 10:00:14,119 | INFO | START | Greenhouse | https://job-boards.greenhouse.io/abdielcapital
2026-09-28 10:00:14,250 | INFO | SUCCESS | Greenhouse | https://job-boards.greenhouse.io/abdielcapital | jobs=0
2026-09-28 10:00:14,250 | INFO | START | Greenhouse | https://job-boards.greenhouse.io/github
2026-09-28 10:00:14,368 | ERROR | FAILED | Greenhouse | https://job-boards.greenhouse.io/github | error=404 Client Error: Not Found for url: https://boards-api.greenhouse.io/v1/boards/github/jobs?content=true
2026-09-28 10:00:14,369 | INFO | START | Greenhouse | https://job-boards.greenhouse.io/theplanningshopuk
2026-09-28 10:00:14,549 | INFO | SUCCESS | Greenhouse | https://job-boards.greenhouse.io/theplanningshopuk | jobs=0
2026-09-28 10:00:14,549 | INFO | START | Greenhouse | https://job-boards.greenhouse.io/mcafee
2026-09-28 10:00:14,690 | INFO | SUCCESS | Greenhouse | https://job-boards.greenhouse.io/mcafee | jobs=1
2026-09-28 10:00:14,690 | INFO | START | Greenhouse | https://job-boards.greenhouse.io/peoplestrata
2026-09-28 10:00:14,814 | INFO | SUCCESS | Greenhouse | https://job-boards.greenhouse.io/peoplestrata | jobs=0
2026-09-28 10:00:14,814 | INFO | START | Greenhouse | https://job-boards.greenhouse.io/c3
2026-09-28 10:00:14,940 | ERROR | FAILED | Greenhouse | https://job-boards.greenhouse.io/c3 | error=404 Client Error: Not Found for url: https://boards-api.greenhouse.io/v1/boards/c3/jobs?content=true
2026-09-28 10:00:14,942 | INFO | START | Greenhouse | https://job-boards.greenhouse.io/vsapartners
2026-09-28 10:00:15,382 | INFO | SUCCESS | Greenhouse | https://job-boards.greenhouse.io/vsapartners | jobs=11
2026-09-28 10:00:15,382 | INFO | START | Greenhouse | https://job-boards.greenhouse.io/zeel
2026-09-28 10:00:15,486 | ERROR | FAILED | Greenhouse | https://job-boards.greenhouse.io/zeel | error=404 Client Error: Not Found for url: https://boards-api.greenhouse.io/v1/boards/zeel/jobs?content=true
2026-09-28 10:00:15,487 | INFO | START | Ashby | https://jobs.ashbyhq.com/fastapicloud
2026-09-28 10:00:15,635 | ERROR | FAILED | Ashby | https://jobs.ashbyhq.com/fastapicloud | error=404 Client Error: Not Found for url: https://api.ashbyhq.com/posting-api/job-board/fastapicloud?includeCompensation=true
2026-09-28 10:00:15,636 | INFO | START | Ashby | https://jobs.ashbyhq.com/netgear
2026-09-28 10:00:15,805 | INFO | SUCCESS | Ashby | https://jobs.ashbyhq.com/netgear | jobs=51
2026-09-28 10:00:15,805 | INFO | START | Ashby | https://jobs.ashbyhq.com/base-operations
2026-09-28 10:00:15,921 | INFO | SUCCESS | Ashby | https://jobs.ashbyhq.com/base-operations | jobs=1
2026-09-28 10:00:15,921 | INFO | START | Ashby | https://jobs.ashbyhq.com/vultr
2026-09-28 10:00:16,134 | INFO | SUCCESS | Ashby | https://jobs.ashbyhq.com/vultr | jobs=53
2026-09-28 10:00:16,135 | INFO | START | Ashby | https://jobs.ashbyhq.com/Voya%20Energy
2026-09-28 10:00:16,233 | INFO | SUCCESS | Ashby | https://jobs.ashbyhq.com/Voya%20Energy | jobs=6
2026-09-28 10:00:16,233 | INFO | START | Ashby | https://jobs.ashbyhq.com/mexdigital
2026-09-28 10:00:16,325 | INFO | SUCCESS | Ashby | https://jobs.ashbyhq.com/mexdigital | jobs=14
2026-09-28 10:00:16,325 | INFO | START | Ashby | https://jobs.ashbyhq.com/zodl
2026-09-28 10:00:16,417 | INFO | SUCCESS | Ashby | https://jobs.ashbyhq.com/zodl | jobs=2
2026-09-28 10:00:16,417 | INFO | START | Ashby | https://jobs.ashbyhq.com/positive-development
2026-09-28 10:00:16,518 | INFO | SUCCESS | Ashby | https://jobs.ashbyhq.com/positive-development | jobs=56
2026-09-28 10:00:16,519 | INFO | START | Ashby | https://jobs.ashbyhq.com/arda-therapeutics
2026-09-28 10:00:16,684 | INFO | SUCCESS | Ashby | https://jobs.ashbyhq.com/arda-therapeutics | jobs=0
2026-09-28 10:00:16,685 | INFO | START | Ashby | https://jobs.ashbyhq.com/aryahealth.ai
2026-09-28 10:00:16,787 | INFO | SUCCESS | Ashby | https://jobs.ashbyhq.com/aryahealth.ai | jobs=14
2026-09-28 10:00:16,788 | INFO | START | Ashby | https://jobs.ashbyhq.com/abstraction.games
2026-09-28 10:00:16,875 | INFO | SUCCESS | Ashby | https://jobs.ashbyhq.com/abstraction.games | jobs=1
2026-09-28 10:00:16,876 | INFO | START | Ashby | https://jobs.ashbyhq.com/regent
2026-09-28 10:00:16,968 | INFO | SUCCESS | Ashby | https://jobs.ashbyhq.com/regent | jobs=28
2026-09-28 10:00:16,968 | INFO | START | Ashby | https://jobs.ashbyhq.com/hearth
2026-09-28 10:00:17,044 | ERROR | FAILED | Ashby | https://jobs.ashbyhq.com/hearth | error=404 Client Error: Not Found for url: https://api.ashbyhq.com/posting-api/job-board/hearth?includeCompensation=true
2026-09-28 10:00:17,044 | INFO | START | Ashby | https://jobs.ashbyhq.com/mistral.ai
2026-09-28 10:00:17,335 | INFO | SUCCESS | Ashby | https://jobs.ashbyhq.com/mistral.ai | jobs=210
2026-09-28 10:00:17,335 | INFO | START | Ashby | https://jobs.ashbyhq.com/impulse
2026-09-28 10:00:17,419 | INFO | SUCCESS | Ashby | https://jobs.ashbyhq.com/impulse | jobs=2
2026-09-28 10:00:17,419 | INFO | START | Ashby | https://jobs.ashbyhq.com/nen
2026-09-28 10:00:17,495 | ERROR | FAILED | Ashby | https://jobs.ashbyhq.com/nen | error=404 Client Error: Not Found for url: https://api.ashbyhq.com/posting-api/job-board/nen?includeCompensation=true
2026-09-28 10:00:17,496 | INFO | START | Ashby | https://jobs.ashbyhq.com/gridverify
2026-09-28 10:00:17,569 | INFO | SUCCESS | Ashby | https://jobs.ashbyhq.com/gridverify | jobs=5
2026-09-28 10:00:17,569 | INFO | START | Ashby | https://jobs.ashbyhq.com/graphyte
2026-09-28 10:00:17,732 | INFO | SUCCESS | Ashby | https://jobs.ashbyhq.com/graphyte | jobs=1
2026-09-28 10:00:17,732 | INFO | START | Ashby | https://jobs.ashbyhq.com/bigeye
2026-09-28 10:00:17,805 | ERROR | FAILED | Ashby | https://jobs.ashbyhq.com/bigeye | error=404 Client Error: Not Found for url: https://api.ashbyhq.com/posting-api/job-board/bigeye?includeCompensation=true
2026-09-28 10:00:17,806 | INFO | START | Ashby | https://jobs.ashbyhq.com/windborne-systems
2026-09-28 10:00:17,892 | INFO | SUCCESS | Ashby | https://jobs.ashbyhq.com/windborne-systems | jobs=19
2026-09-28 10:00:17,892 | INFO | START | Lever | https://jobs.lever.co/tildei
2026-09-28 10:00:18,300 | INFO | SUCCESS | Lever | https://jobs.lever.co/tildei | jobs=1
2026-09-28 10:00:18,300 | INFO | START | Lever | https://jobs.lever.co/crewapp
2026-09-28 10:00:18,594 | ERROR | FAILED | Lever | https://jobs.lever.co/crewapp | error=404 Client Error: Not Found for url: https://api.lever.co/v0/postings/crewapp?mode=json
2026-09-28 10:00:18,597 | INFO | START | Lever | https://jobs.lever.co/mulhalls
2026-09-28 10:00:38,907 | ERROR | FAILED | Lever | https://jobs.lever.co/mulhalls | error=HTTPSConnectionPool(host='api.lever.co', port=443): Read timed out. (read timeout=20)
2026-09-28 10:00:38,907 | INFO | START | Lever | https://jobs.lever.co/straitcapital
2026-09-28 10:00:44,996 | ERROR | FAILED | Lever | https://jobs.lever.co/straitcapital | error=404 Client Error: Not Found for url: https://api.lever.co/v0/postings/straitcapital?mode=json
2026-09-28 10:00:44,999 | INFO | START | Lever | https://jobs.lever.co/lqdigital
2026-09-28 10:00:45,315 | INFO | SUCCESS | Lever | https://jobs.lever.co/lqdigital | jobs=0
2026-09-28 10:00:45,315 | INFO | START | Lever | https://jobs.lever.co/d-one
2026-09-28 10:00:45,674 | ERROR | FAILED | Lever | https://jobs.lever.co/d-one | error=404 Client Error: Not Found for url: https://api.lever.co/v0/postings/d-one?mode=json
2026-09-28 10:00:45,676 | INFO | START | Lever | https://jobs.lever.co/Rebuilt
2026-09-28 10:01:00,241 | ERROR | FAILED | Lever | https://jobs.lever.co/Rebuilt | error=404 Client Error: Not Found for url: https://api.lever.co/v0/postings/Rebuilt?mode=json
2026-09-28 10:01:00,245 | INFO | START | Lever | https://jobs.lever.co/doranjones
2026-09-28 10:01:02,390 | INFO | SUCCESS | Lever | https://jobs.lever.co/doranjones | jobs=1
2026-09-28 10:01:02,391 | INFO | START | Lever | https://jobs.lever.co/robust-ai
2026-09-28 10:01:02,910 | INFO | SUCCESS | Lever | https://jobs.lever.co/robust-ai | jobs=5
2026-09-28 10:01:02,910 | INFO | START | Lever | https://jobs.lever.co/chec
2026-09-28 10:01:03,212 | ERROR | FAILED | Lever | https://jobs.lever.co/chec | error=404 Client Error: Not Found for url: https://api.lever.co/v0/postings/chec?mode=json
2026-09-28 10:01:03,215 | INFO | START | Greenhouse | https://job-boards.greenhouse.io/foodcorps
2026-09-28 10:01:03,449 | ERROR | FAILED | Greenhouse | https://job-boards.greenhouse.io/foodcorps | error=404 Client Error: Not Found for url: https://boards-api.greenhouse.io/v1/boards/foodcorps/jobs?content=true
2026-09-28 10:01:03,451 | INFO | START | Greenhouse | https://job-boards.greenhouse.io/casetify
2026-09-28 10:01:03,645 | INFO | SUCCESS | Greenhouse | https://job-boards.greenhouse.io/casetify | jobs=63
2026-09-28 10:01:03,645 | INFO | START | Greenhouse | https://job-boards.greenhouse.io/happifyhealth
2026-09-28 10:01:03,828 | ERROR | FAILED | Greenhouse | https://job-boards.greenhouse.io/happifyhealth | error=404 Client Error: Not Found for url: https://boards-api.greenhouse.io/v1/boards/happifyhealth/jobs?content=true
2026-09-28 10:01:03,830 | INFO | START | Greenhouse | https://job-boards.greenhouse.io/bird
2026-09-28 10:01:04,014 | INFO | SUCCESS | Greenhouse | https://job-boards.greenhouse.io/bird | jobs=31
2026-09-28 10:01:04,014 | INFO | START | Greenhouse | https://job-boards.greenhouse.io/dremio
2026-09-28 10:01:04,156 | INFO | SUCCESS | Greenhouse | https://job-boards.greenhouse.io/dremio | jobs=7
2026-09-28 10:01:04,156 | INFO | START | Greenhouse | https://job-boards.greenhouse.io/sterling
2026-09-28 10:01:04,366 | INFO | SUCCESS | Greenhouse | https://job-boards.greenhouse.io/sterling | jobs=2
2026-09-28 10:01:04,366 | INFO | START | Greenhouse | https://job-boards.greenhouse.io/parkmobileus
2026-09-28 10:01:04,493 | ERROR | FAILED | Greenhouse | https://job-boards.greenhouse.io/parkmobileus | error=404 Client Error: Not Found for url: https://boards-api.greenhouse.io/v1/boards/parkmobileus/jobs?content=true
2026-09-28 10:01:04,496 | INFO | START | Greenhouse | https://job-boards.greenhouse.io/merchantsauto
2026-09-28 10:01:04,631 | INFO | SUCCESS | Greenhouse | https://job-boards.greenhouse.io/merchantsauto | jobs=1
2026-09-28 10:01:04,631 | INFO | START | Greenhouse | https://job-boards.greenhouse.io/canopytax
2026-09-28 10:01:04,783 | INFO | SUCCESS | Greenhouse | https://job-boards.greenhouse.io/canopytax | jobs=12
2026-09-28 10:01:04,784 | INFO | START | Greenhouse | https://job-boards.greenhouse.io/straitsx
2026-09-28 10:01:05,017 | INFO | SUCCESS | Greenhouse | https://job-boards.greenhouse.io/straitsx | jobs=25
2026-09-28 10:01:05,017 | INFO | START | Greenhouse | https://job-boards.greenhouse.io/nycedc
2026-09-28 10:01:07,404 | INFO | SUCCESS | Greenhouse | https://job-boards.greenhouse.io/nycedc | jobs=32
2026-09-28 10:01:07,404 | INFO | START | Greenhouse | https://job-boards.greenhouse.io/fractalteam
2026-09-28 10:01:07,599 | ERROR | FAILED | Greenhouse | https://job-boards.greenhouse.io/fractalteam | error=404 Client Error: Not Found for url: https://boards-api.greenhouse.io/v1/boards/fractalteam/jobs?content=true
2026-09-28 10:01:07,600 | INFO | START | Greenhouse | https://job-boards.greenhouse.io/abdielcapital
2026-09-28 10:01:07,735 | INFO | SUCCESS | Greenhouse | https://job-boards.greenhouse.io/abdielcapital | jobs=0
2026-09-28 10:01:07,736 | INFO | START | Greenhouse | https://job-boards.greenhouse.io/github
2026-09-28 10:01:07,853 | ERROR | FAILED | Greenhouse | https://job-boards.greenhouse.io/github | error=404 Client Error: Not Found for url: https://boards-api.greenhouse.io/v1/boards/github/jobs?content=true
2026-09-28 10:01:07,854 | INFO | START | Greenhouse | https://job-boards.greenhouse.io/theplanningshopuk
2026-09-28 10:01:08,024 | INFO | SUCCESS | Greenhouse | https://job-boards.greenhouse.io/theplanningshopuk | jobs=0
2026-09-28 10:01:08,024 | INFO | START | Greenhouse | https://job-boards.greenhouse.io/mcafee
2026-09-28 10:01:08,159 | INFO | SUCCESS | Greenhouse | https://job-boards.greenhouse.io/mcafee | jobs=1
2026-09-28 10:01:08,159 | INFO | START | Greenhouse | https://job-boards.greenhouse.io/peoplestrata
2026-09-28 10:01:08,279 | INFO | SUCCESS | Greenhouse | https://job-boards.greenhouse.io/peoplestrata | jobs=0
2026-09-28 10:01:08,279 | INFO | START | Greenhouse | https://job-boards.greenhouse.io/c3
2026-09-28 10:01:08,416 | ERROR | FAILED | Greenhouse | https://job-boards.greenhouse.io/c3 | error=404 Client Error: Not Found for url: https://boards-api.greenhouse.io/v1/boards/c3/jobs?content=true
2026-09-28 10:01:08,427 | INFO | START | Greenhouse | https://job-boards.greenhouse.io/vsapartners
2026-09-28 10:01:08,670 | INFO | SUCCESS | Greenhouse | https://job-boards.greenhouse.io/vsapartners | jobs=11
2026-09-28 10:01:08,670 | INFO | START | Greenhouse | https://job-boards.greenhouse.io/zeel
2026-09-28 10:01:08,775 | ERROR | FAILED | Greenhouse | https://job-boards.greenhouse.io/zeel | error=404 Client Error: Not Found for url: https://boards-api.greenhouse.io/v1/boards/zeel/jobs?content=true
2026-09-28 10:01:08,776 | INFO | START | Ashby | https://jobs.ashbyhq.com/fastapicloud
2026-09-28 10:01:08,904 | ERROR | FAILED | Ashby | https://jobs.ashbyhq.com/fastapicloud | error=404 Client Error: Not Found for url: https://api.ashbyhq.com/posting-api/job-board/fastapicloud?includeCompensation=true
2026-09-28 10:01:08,906 | INFO | START | Ashby | https://jobs.ashbyhq.com/netgear
2026-09-28 10:01:09,090 | INFO | SUCCESS | Ashby | https://jobs.ashbyhq.com/netgear | jobs=51
2026-09-28 10:01:09,090 | INFO | START | Ashby | https://jobs.ashbyhq.com/base-operations
2026-09-28 10:01:09,194 | INFO | SUCCESS | Ashby | https://jobs.ashbyhq.com/base-operations | jobs=1
2026-09-28 10:01:09,194 | INFO | START | Ashby | https://jobs.ashbyhq.com/vultr
2026-09-28 10:01:09,324 | INFO | SUCCESS | Ashby | https://jobs.ashbyhq.com/vultr | jobs=53
2026-09-28 10:01:09,324 | INFO | START | Ashby | https://jobs.ashbyhq.com/Voya%20Energy
2026-09-28 10:01:09,407 | INFO | SUCCESS | Ashby | https://jobs.ashbyhq.com/Voya%20Energy | jobs=6
2026-09-28 10:01:09,407 | INFO | START | Ashby | https://jobs.ashbyhq.com/mexdigital
2026-09-28 10:01:09,601 | INFO | SUCCESS | Ashby | https://jobs.ashbyhq.com/mexdigital | jobs=14
2026-09-28 10:01:09,601 | INFO | START | Ashby | https://jobs.ashbyhq.com/zodl
2026-09-28 10:01:09,695 | INFO | SUCCESS | Ashby | https://jobs.ashbyhq.com/zodl | jobs=2
2026-09-28 10:01:09,696 | INFO | START | Ashby | https://jobs.ashbyhq.com/positive-development
2026-09-28 10:01:09,804 | INFO | SUCCESS | Ashby | https://jobs.ashbyhq.com/positive-development | jobs=56
2026-09-28 10:01:09,804 | INFO | START | Ashby | https://jobs.ashbyhq.com/arda-therapeutics
2026-09-28 10:01:09,886 | INFO | SUCCESS | Ashby | https://jobs.ashbyhq.com/arda-therapeutics | jobs=0
2026-09-28 10:01:09,887 | INFO | START | Ashby | https://jobs.ashbyhq.com/aryahealth.ai
2026-09-28 10:01:09,992 | INFO | SUCCESS | Ashby | https://jobs.ashbyhq.com/aryahealth.ai | jobs=14
2026-09-28 10:01:09,992 | INFO | START | Ashby | https://jobs.ashbyhq.com/abstraction.games
2026-09-28 10:01:10,166 | INFO | SUCCESS | Ashby | https://jobs.ashbyhq.com/abstraction.games | jobs=1
2026-09-28 10:01:10,166 | INFO | START | Ashby | https://jobs.ashbyhq.com/regent
2026-09-28 10:01:10,277 | INFO | SUCCESS | Ashby | https://jobs.ashbyhq.com/regent | jobs=28
2026-09-28 10:01:10,277 | INFO | START | Ashby | https://jobs.ashbyhq.com/hearth
2026-09-28 10:01:10,366 | ERROR | FAILED | Ashby | https://jobs.ashbyhq.com/hearth | error=404 Client Error: Not Found for url: https://api.ashbyhq.com/posting-api/job-board/hearth?includeCompensation=true
2026-09-28 10:01:10,367 | INFO | START | Ashby | https://jobs.ashbyhq.com/mistral.ai
2026-09-28 10:01:10,571 | INFO | SUCCESS | Ashby | https://jobs.ashbyhq.com/mistral.ai | jobs=210
2026-09-28 10:01:10,571 | INFO | START | Ashby | https://jobs.ashbyhq.com/impulse
2026-09-28 10:01:10,742 | INFO | SUCCESS | Ashby | https://jobs.ashbyhq.com/impulse | jobs=2
2026-09-28 10:01:10,742 | INFO | START | Ashby | https://jobs.ashbyhq.com/nen
2026-09-28 10:01:10,835 | ERROR | FAILED | Ashby | https://jobs.ashbyhq.com/nen | error=404 Client Error: Not Found for url: https://api.ashbyhq.com/posting-api/job-board/nen?includeCompensation=true
2026-09-28 10:01:10,836 | INFO | START | Ashby | https://jobs.ashbyhq.com/gridverify
2026-09-28 10:01:10,930 | INFO | SUCCESS | Ashby | https://jobs.ashbyhq.com/gridverify | jobs=5
2026-09-28 10:01:10,930 | INFO | START | Ashby | https://jobs.ashbyhq.com/graphyte
2026-09-28 10:01:11,006 | INFO | SUCCESS | Ashby | https://jobs.ashbyhq.com/graphyte | jobs=1
2026-09-28 10:01:11,006 | INFO | START | Ashby | https://jobs.ashbyhq.com/bigeye
2026-09-28 10:01:11,169 | ERROR | FAILED | Ashby | https://jobs.ashbyhq.com/bigeye | error=404 Client Error: Not Found for url: https://api.ashbyhq.com/posting-api/job-board/bigeye?includeCompensation=true
2026-09-28 10:01:11,172 | INFO | START | Ashby | https://jobs.ashbyhq.com/windborne-systems
2026-09-28 10:01:11,263 | INFO | SUCCESS | Ashby | https://jobs.ashbyhq.com/windborne-systems | jobs=19
2026-09-28 10:01:11,264 | INFO | START | Lever | https://jobs.lever.co/tildei
2026-09-28 10:01:11,596 | INFO | SUCCESS | Lever | https://jobs.lever.co/tildei | jobs=1
2026-09-28 10:01:11,596 | INFO | START | Lever | https://jobs.lever.co/crewapp
2026-09-28 10:01:11,983 | ERROR | FAILED | Lever | https://jobs.lever.co/crewapp | error=404 Client Error: Not Found for url: https://api.lever.co/v0/postings/crewapp?mode=json
2026-09-28 10:01:11,987 | INFO | START | Lever | https://jobs.lever.co/mulhalls
2026-09-28 10:01:12,527 | INFO | SUCCESS | Lever | https://jobs.lever.co/mulhalls | jobs=6
2026-09-28 10:01:12,527 | INFO | START | Lever | https://jobs.lever.co/straitcapital
2026-09-28 10:01:12,879 | ERROR | FAILED | Lever | https://jobs.lever.co/straitcapital | error=404 Client Error: Not Found for url: https://api.lever.co/v0/postings/straitcapital?mode=json
2026-09-28 10:01:12,882 | INFO | START | Lever | https://jobs.lever.co/lqdigital
2026-09-28 10:01:13,268 | INFO | SUCCESS | Lever | https://jobs.lever.co/lqdigital | jobs=0
2026-09-28 10:01:13,269 | INFO | START | Lever | https://jobs.lever.co/d-one
2026-09-28 10:01:14,477 | ERROR | FAILED | Lever | https://jobs.lever.co/d-one | error=404 Client Error: Not Found for url: https://api.lever.co/v0/postings/d-one?mode=json
2026-09-28 10:01:14,480 | INFO | START | Lever | https://jobs.lever.co/Rebuilt
2026-09-28 10:01:14,841 | ERROR | FAILED | Lever | https://jobs.lever.co/Rebuilt | error=404 Client Error: Not Found for url: https://api.lever.co/v0/postings/Rebuilt?mode=json
2026-09-28 10:01:14,844 | INFO | START | Lever | https://jobs.lever.co/doranjones
2026-09-28 10:01:15,234 | INFO | SUCCESS | Lever | https://jobs.lever.co/doranjones | jobs=1
2026-09-28 10:01:15,234 | INFO | START | Lever | https://jobs.lever.co/robust-ai
2026-09-28 10:01:17,004 | INFO | SUCCESS | Lever | https://jobs.lever.co/robust-ai | jobs=5
2026-09-28 10:01:17,004 | INFO | START | Lever | https://jobs.lever.co/chec
2026-09-28 10:01:17,316 | ERROR | FAILED | Lever | https://jobs.lever.co/chec | error=404 Client Error: Not Found for url: https://api.lever.co/v0/postings/chec?mode=json
2026-09-28 10:01:17,319 | INFO | START | Greenhouse | https://job-boards.greenhouse.io/foodcorps
2026-09-28 10:01:17,527 | ERROR | FAILED | Greenhouse | https://job-boards.greenhouse.io/foodcorps | error=404 Client Error: Not Found for url: https://boards-api.greenhouse.io/v1/boards/foodcorps/jobs?content=true
2026-09-28 10:01:17,530 | INFO | START | Greenhouse | https://job-boards.greenhouse.io/casetify
2026-09-28 10:01:17,729 | INFO | SUCCESS | Greenhouse | https://job-boards.greenhouse.io/casetify | jobs=63
2026-09-28 10:01:17,729 | INFO | START | Greenhouse | https://job-boards.greenhouse.io/happifyhealth
2026-09-28 10:01:17,830 | ERROR | FAILED | Greenhouse | https://job-boards.greenhouse.io/happifyhealth | error=404 Client Error: Not Found for url: https://boards-api.greenhouse.io/v1/boards/happifyhealth/jobs?content=true
2026-09-28 10:01:17,831 | INFO | START | Greenhouse | https://job-boards.greenhouse.io/bird
2026-09-28 10:01:18,041 | INFO | SUCCESS | Greenhouse | https://job-boards.greenhouse.io/bird | jobs=31
2026-09-28 10:01:18,041 | INFO | START | Greenhouse | https://job-boards.greenhouse.io/dremio
2026-09-28 10:01:18,185 | INFO | SUCCESS | Greenhouse | https://job-boards.greenhouse.io/dremio | jobs=7
2026-09-28 10:01:18,185 | INFO | START | Greenhouse | https://job-boards.greenhouse.io/sterling
2026-09-28 10:01:18,303 | INFO | SUCCESS | Greenhouse | https://job-boards.greenhouse.io/sterling | jobs=2
2026-09-28 10:01:18,303 | INFO | START | Greenhouse | https://job-boards.greenhouse.io/parkmobileus
2026-09-28 10:01:18,415 | ERROR | FAILED | Greenhouse | https://job-boards.greenhouse.io/parkmobileus | error=404 Client Error: Not Found for url: https://boards-api.greenhouse.io/v1/boards/parkmobileus/jobs?content=true
2026-09-28 10:01:18,416 | INFO | START | Greenhouse | https://job-boards.greenhouse.io/merchantsauto
2026-09-28 10:01:18,644 | INFO | SUCCESS | Greenhouse | https://job-boards.greenhouse.io/merchantsauto | jobs=1
2026-09-28 10:01:18,644 | INFO | START | Greenhouse | https://job-boards.greenhouse.io/canopytax
2026-09-28 10:01:18,798 | INFO | SUCCESS | Greenhouse | https://job-boards.greenhouse.io/canopytax | jobs=12
2026-09-28 10:01:18,798 | INFO | START | Greenhouse | https://job-boards.greenhouse.io/straitsx
2026-09-28 10:01:18,930 | INFO | SUCCESS | Greenhouse | https://job-boards.greenhouse.io/straitsx | jobs=25
2026-09-28 10:01:18,930 | INFO | START | Greenhouse | https://job-boards.greenhouse.io/nycedc
2026-09-28 10:01:19,353 | INFO | SUCCESS | Greenhouse | https://job-boards.greenhouse.io/nycedc | jobs=32
2026-09-28 10:01:19,353 | INFO | START | Greenhouse | https://job-boards.greenhouse.io/fractalteam
2026-09-28 10:01:19,446 | ERROR | FAILED | Greenhouse | https://job-boards.greenhouse.io/fractalteam | error=404 Client Error: Not Found for url: https://boards-api.greenhouse.io/v1/boards/fractalteam/jobs?content=true
2026-09-28 10:01:19,446 | INFO | START | Greenhouse | https://job-boards.greenhouse.io/abdielcapital
2026-09-28 10:01:19,637 | INFO | SUCCESS | Greenhouse | https://job-boards.greenhouse.io/abdielcapital | jobs=0
2026-09-28 10:01:19,637 | INFO | START | Greenhouse | https://job-boards.greenhouse.io/github
2026-09-28 10:01:19,760 | ERROR | FAILED | Greenhouse | https://job-boards.greenhouse.io/github | error=404 Client Error: Not Found for url: https://boards-api.greenhouse.io/v1/boards/github/jobs?content=true
2026-09-28 10:01:19,762 | INFO | START | Greenhouse | https://job-boards.greenhouse.io/theplanningshopuk
2026-09-28 10:01:19,896 | INFO | SUCCESS | Greenhouse | https://job-boards.greenhouse.io/theplanningshopuk | jobs=0
2026-09-28 10:01:19,896 | INFO | START | Greenhouse | https://job-boards.greenhouse.io/mcafee
2026-09-28 10:01:20,089 | INFO | SUCCESS | Greenhouse | https://job-boards.greenhouse.io/mcafee | jobs=1
2026-09-28 10:01:20,090 | INFO | START | Greenhouse | https://job-boards.greenhouse.io/peoplestrata
2026-09-28 10:01:20,213 | INFO | SUCCESS | Greenhouse | https://job-boards.greenhouse.io/peoplestrata | jobs=0
2026-09-28 10:01:20,214 | INFO | START | Greenhouse | https://job-boards.greenhouse.io/c3
2026-09-28 10:01:20,330 | ERROR | FAILED | Greenhouse | https://job-boards.greenhouse.io/c3 | error=404 Client Error: Not Found for url: https://boards-api.greenhouse.io/v1/boards/c3/jobs?content=true
2026-09-28 10:01:20,331 | INFO | START | Greenhouse | https://job-boards.greenhouse.io/vsapartners
2026-09-28 10:01:20,552 | INFO | SUCCESS | Greenhouse | https://job-boards.greenhouse.io/vsapartners | jobs=11
2026-09-28 10:01:20,552 | INFO | START | Greenhouse | https://job-boards.greenhouse.io/zeel
2026-09-28 10:01:20,711 | ERROR | FAILED | Greenhouse | https://job-boards.greenhouse.io/zeel | error=404 Client Error: Not Found for url: https://boards-api.greenhouse.io/v1/boards/zeel/jobs?content=true
2026-09-28 10:01:20,713 | INFO | START | Ashby | https://jobs.ashbyhq.com/fastapicloud
2026-09-28 10:01:20,798 | ERROR | FAILED | Ashby | https://jobs.ashbyhq.com/fastapicloud | error=404 Client Error: Not Found for url: https://api.ashbyhq.com/posting-api/job-board/fastapicloud?includeCompensation=true
2026-09-28 10:01:20,799 | INFO | START | Ashby | https://jobs.ashbyhq.com/netgear
2026-09-28 10:01:20,926 | INFO | SUCCESS | Ashby | https://jobs.ashbyhq.com/netgear | jobs=51
2026-09-28 10:01:20,926 | INFO | START | Ashby | https://jobs.ashbyhq.com/base-operations
2026-09-28 10:01:21,035 | INFO | SUCCESS | Ashby | https://jobs.ashbyhq.com/base-operations | jobs=1
2026-09-28 10:01:21,035 | INFO | START | Ashby | https://jobs.ashbyhq.com/vultr
2026-09-28 10:01:21,244 | INFO | SUCCESS | Ashby | https://jobs.ashbyhq.com/vultr | jobs=53
2026-09-28 10:01:21,245 | INFO | START | Ashby | https://jobs.ashbyhq.com/Voya%20Energy
2026-09-28 10:01:21,335 | INFO | SUCCESS | Ashby | https://jobs.ashbyhq.com/Voya%20Energy | jobs=6
2026-09-28 10:01:21,335 | INFO | START | Ashby | https://jobs.ashbyhq.com/mexdigital
2026-09-28 10:01:21,413 | INFO | SUCCESS | Ashby | https://jobs.ashbyhq.com/mexdigital | jobs=14
2026-09-28 10:01:21,413 | INFO | START | Ashby | https://jobs.ashbyhq.com/zodl
2026-09-28 10:01:21,495 | INFO | SUCCESS | Ashby | https://jobs.ashbyhq.com/zodl | jobs=2
2026-09-28 10:01:21,495 | INFO | START | Ashby | https://jobs.ashbyhq.com/positive-development
2026-09-28 10:01:21,670 | INFO | SUCCESS | Ashby | https://jobs.ashbyhq.com/positive-development | jobs=56
2026-09-28 10:01:21,671 | INFO | START | Ashby | https://jobs.ashbyhq.com/arda-therapeutics
2026-09-28 10:01:21,762 | INFO | SUCCESS | Ashby | https://jobs.ashbyhq.com/arda-therapeutics | jobs=0
2026-09-28 10:01:21,762 | INFO | START | Ashby | https://jobs.ashbyhq.com/aryahealth.ai
2026-09-28 10:01:21,863 | INFO | SUCCESS | Ashby | https://jobs.ashbyhq.com/aryahealth.ai | jobs=14
2026-09-28 10:01:21,863 | INFO | START | Ashby | https://jobs.ashbyhq.com/abstraction.games
2026-09-28 10:01:21,942 | INFO | SUCCESS | Ashby | https://jobs.ashbyhq.com/abstraction.games | jobs=1
2026-09-28 10:01:21,942 | INFO | START | Ashby | https://jobs.ashbyhq.com/regent
2026-09-28 10:01:22,059 | INFO | SUCCESS | Ashby | https://jobs.ashbyhq.com/regent | jobs=28
2026-09-28 10:01:22,059 | INFO | START | Ashby | https://jobs.ashbyhq.com/hearth
2026-09-28 10:01:22,211 | ERROR | FAILED | Ashby | https://jobs.ashbyhq.com/hearth | error=404 Client Error: Not Found for url: https://api.ashbyhq.com/posting-api/job-board/hearth?includeCompensation=true
2026-09-28 10:01:22,213 | INFO | START | Ashby | https://jobs.ashbyhq.com/mistral.ai
2026-09-28 10:01:22,412 | INFO | SUCCESS | Ashby | https://jobs.ashbyhq.com/mistral.ai | jobs=210
2026-09-28 10:01:22,412 | INFO | START | Ashby | https://jobs.ashbyhq.com/impulse
2026-09-28 10:01:22,499 | INFO | SUCCESS | Ashby | https://jobs.ashbyhq.com/impulse | jobs=2
2026-09-28 10:01:22,499 | INFO | START | Ashby | https://jobs.ashbyhq.com/nen
2026-09-28 10:01:22,579 | ERROR | FAILED | Ashby | https://jobs.ashbyhq.com/nen | error=404 Client Error: Not Found for url: https://api.ashbyhq.com/posting-api/job-board/nen?includeCompensation=true
2026-09-28 10:01:22,579 | INFO | START | Ashby | https://jobs.ashbyhq.com/gridverify
2026-09-28 10:01:22,746 | INFO | SUCCESS | Ashby | https://jobs.ashbyhq.com/gridverify | jobs=5
2026-09-28 10:01:22,746 | INFO | START | Ashby | https://jobs.ashbyhq.com/graphyte
2026-09-28 10:01:22,822 | INFO | SUCCESS | Ashby | https://jobs.ashbyhq.com/graphyte | jobs=1
2026-09-28 10:01:22,822 | INFO | START | Ashby | https://jobs.ashbyhq.com/bigeye
2026-09-28 10:01:22,893 | ERROR | FAILED | Ashby | https://jobs.ashbyhq.com/bigeye | error=404 Client Error: Not Found for url: https://api.ashbyhq.com/posting-api/job-board/bigeye?includeCompensation=true
2026-09-28 10:01:22,894 | INFO | START | Ashby | https://jobs.ashbyhq.com/windborne-systems
2026-09-28 10:01:23,022 | INFO | SUCCESS | Ashby | https://jobs.ashbyhq.com/windborne-systems | jobs=19
2026-09-28 10:01:23,023 | INFO | START | Lever | https://jobs.lever.co/tildei
2026-09-28 10:01:23,367 | INFO | SUCCESS | Lever | https://jobs.lever.co/tildei | jobs=1
2026-09-28 10:01:23,367 | INFO | START | Lever | https://jobs.lever.co/crewapp
2026-09-28 10:01:23,750 | ERROR | FAILED | Lever | https://jobs.lever.co/crewapp | error=404 Client Error: Not Found for url: https://api.lever.co/v0/postings/crewapp?mode=json
2026-09-28 10:01:23,752 | INFO | START | Lever | https://jobs.lever.co/mulhalls
2026-09-28 10:01:24,182 | INFO | SUCCESS | Lever | https://jobs.lever.co/mulhalls | jobs=6
2026-09-28 10:01:24,183 | INFO | START | Lever | https://jobs.lever.co/straitcapital
2026-09-28 10:01:24,568 | ERROR | FAILED | Lever | https://jobs.lever.co/straitcapital | error=404 Client Error: Not Found for url: https://api.lever.co/v0/postings/straitcapital?mode=json
2026-09-28 10:01:24,571 | INFO | START | Lever | https://jobs.lever.co/lqdigital
2026-09-28 10:01:24,943 | INFO | SUCCESS | Lever | https://jobs.lever.co/lqdigital | jobs=0
2026-09-28 10:01:24,943 | INFO | START | Lever | https://jobs.lever.co/d-one
2026-09-28 10:01:25,324 | ERROR | FAILED | Lever | https://jobs.lever.co/d-one | error=404 Client Error: Not Found for url: https://api.lever.co/v0/postings/d-one?mode=json
2026-09-28 10:01:25,328 | INFO | START | Lever | https://jobs.lever.co/Rebuilt
2026-09-28 10:01:25,627 | ERROR | FAILED | Lever | https://jobs.lever.co/Rebuilt | error=404 Client Error: Not Found for url: https://api.lever.co/v0/postings/Rebuilt?mode=json
2026-09-28 10:01:25,630 | INFO | START | Lever | https://jobs.lever.co/doranjones
2026-09-28 10:01:25,989 | INFO | SUCCESS | Lever | https://jobs.lever.co/doranjones | jobs=1
2026-09-28 10:01:25,989 | INFO | START | Lever | https://jobs.lever.co/robust-ai
2026-09-28 10:01:28,113 | INFO | SUCCESS | Lever | https://jobs.lever.co/robust-ai | jobs=5
2026-09-28 10:01:28,113 | INFO | START | Lever | https://jobs.lever.co/chec
2026-09-28 10:01:28,515 | ERROR | FAILED | Lever | https://jobs.lever.co/chec | error=404 Client Error: Not Found for url: https://api.lever.co/v0/postings/chec?mode=json
2026-09-28 10:01:28,521 | INFO | START | Greenhouse | https://job-boards.greenhouse.io/foodcorps
2026-09-28 10:01:28,682 | ERROR | FAILED | Greenhouse | https://job-boards.greenhouse.io/foodcorps | error=404 Client Error: Not Found for url: https://boards-api.greenhouse.io/v1/boards/foodcorps/jobs?content=true
2026-09-28 10:01:28,684 | INFO | START | Greenhouse | https://job-boards.greenhouse.io/casetify
2026-09-28 10:01:28,887 | INFO | SUCCESS | Greenhouse | https://job-boards.greenhouse.io/casetify | jobs=63
2026-09-28 10:01:28,887 | INFO | START | Greenhouse | https://job-boards.greenhouse.io/happifyhealth
2026-09-28 10:01:29,092 | ERROR | FAILED | Greenhouse | https://job-boards.greenhouse.io/happifyhealth | error=404 Client Error: Not Found for url: https://boards-api.greenhouse.io/v1/boards/happifyhealth/jobs?content=true
2026-09-28 10:01:29,093 | INFO | START | Greenhouse | https://job-boards.greenhouse.io/bird
2026-09-28 10:01:29,282 | INFO | SUCCESS | Greenhouse | https://job-boards.greenhouse.io/bird | jobs=31
2026-09-28 10:01:29,283 | INFO | START | Greenhouse | https://job-boards.greenhouse.io/dremio
2026-09-28 10:01:29,407 | INFO | SUCCESS | Greenhouse | https://job-boards.greenhouse.io/dremio | jobs=7
2026-09-28 10:01:29,407 | INFO | START | Greenhouse | https://job-boards.greenhouse.io/sterling
2026-09-28 10:01:29,596 | INFO | SUCCESS | Greenhouse | https://job-boards.greenhouse.io/sterling | jobs=2
2026-09-28 10:01:29,596 | INFO | START | Greenhouse | https://job-boards.greenhouse.io/parkmobileus
2026-09-28 10:01:29,714 | ERROR | FAILED | Greenhouse | https://job-boards.greenhouse.io/parkmobileus | error=404 Client Error: Not Found for url: https://boards-api.greenhouse.io/v1/boards/parkmobileus/jobs?content=true
2026-09-28 10:01:29,715 | INFO | START | Greenhouse | https://job-boards.greenhouse.io/merchantsauto
2026-09-28 10:01:29,847 | INFO | SUCCESS | Greenhouse | https://job-boards.greenhouse.io/merchantsauto | jobs=1
2026-09-28 10:01:29,847 | INFO | START | Greenhouse | https://job-boards.greenhouse.io/canopytax
2026-09-28 10:01:30,088 | INFO | SUCCESS | Greenhouse | https://job-boards.greenhouse.io/canopytax | jobs=12
2026-09-28 10:01:30,089 | INFO | START | Greenhouse | https://job-boards.greenhouse.io/straitsx
2026-09-28 10:01:30,232 | INFO | SUCCESS | Greenhouse | https://job-boards.greenhouse.io/straitsx | jobs=25
2026-09-28 10:01:30,232 | INFO | START | Greenhouse | https://job-boards.greenhouse.io/nycedc
2026-09-28 10:01:30,512 | INFO | SUCCESS | Greenhouse | https://job-boards.greenhouse.io/nycedc | jobs=32
2026-09-28 10:01:30,512 | INFO | START | Greenhouse | https://job-boards.greenhouse.io/fractalteam
2026-09-28 10:01:30,956 | ERROR | FAILED | Greenhouse | https://job-boards.greenhouse.io/fractalteam | error=404 Client Error: Not Found for url: https://boards-api.greenhouse.io/v1/boards/fractalteam/jobs?content=true
2026-09-28 10:01:30,959 | INFO | START | Greenhouse | https://job-boards.greenhouse.io/abdielcapital
2026-09-28 10:01:31,173 | INFO | SUCCESS | Greenhouse | https://job-boards.greenhouse.io/abdielcapital | jobs=0
2026-09-28 10:01:31,174 | INFO | START | Greenhouse | https://job-boards.greenhouse.io/github
2026-09-28 10:01:31,289 | ERROR | FAILED | Greenhouse | https://job-boards.greenhouse.io/github | error=404 Client Error: Not Found for url: https://boards-api.greenhouse.io/v1/boards/github/jobs?content=true
2026-09-28 10:01:31,290 | INFO | START | Greenhouse | https://job-boards.greenhouse.io/theplanningshopuk
2026-09-28 10:01:31,413 | INFO | SUCCESS | Greenhouse | https://job-boards.greenhouse.io/theplanningshopuk | jobs=0
2026-09-28 10:01:31,413 | INFO | START | Greenhouse | https://job-boards.greenhouse.io/mcafee
2026-09-28 10:01:36,340 | INFO | SUCCESS | Greenhouse | https://job-boards.greenhouse.io/mcafee | jobs=1
2026-09-28 10:01:36,340 | INFO | START | Greenhouse | https://job-boards.greenhouse.io/peoplestrata
2026-09-28 10:01:36,453 | INFO | SUCCESS | Greenhouse | https://job-boards.greenhouse.io/peoplestrata | jobs=0
2026-09-28 10:01:36,453 | INFO | START | Greenhouse | https://job-boards.greenhouse.io/c3
2026-09-28 10:01:36,717 | ERROR | FAILED | Greenhouse | https://job-boards.greenhouse.io/c3 | error=404 Client Error: Not Found for url: https://boards-api.greenhouse.io/v1/boards/c3/jobs?content=true
2026-09-28 10:01:36,720 | INFO | START | Greenhouse | https://job-boards.greenhouse.io/vsapartners
2026-09-28 10:01:36,974 | INFO | SUCCESS | Greenhouse | https://job-boards.greenhouse.io/vsapartners | jobs=11
2026-09-28 10:01:36,975 | INFO | START | Greenhouse | https://job-boards.greenhouse.io/zeel
2026-09-28 10:01:37,079 | ERROR | FAILED | Greenhouse | https://job-boards.greenhouse.io/zeel | error=404 Client Error: Not Found for url: https://boards-api.greenhouse.io/v1/boards/zeel/jobs?content=true
2026-09-28 10:01:37,080 | INFO | START | Ashby | https://jobs.ashbyhq.com/fastapicloud
2026-09-28 10:01:37,150 | ERROR | FAILED | Ashby | https://jobs.ashbyhq.com/fastapicloud | error=404 Client Error: Not Found for url: https://api.ashbyhq.com/posting-api/job-board/fastapicloud?includeCompensation=true
2026-09-28 10:01:37,151 | INFO | START | Ashby | https://jobs.ashbyhq.com/netgear
2026-09-28 10:01:37,277 | INFO | SUCCESS | Ashby | https://jobs.ashbyhq.com/netgear | jobs=51
2026-09-28 10:01:37,278 | INFO | START | Ashby | https://jobs.ashbyhq.com/base-operations
2026-09-28 10:01:37,471 | INFO | SUCCESS | Ashby | https://jobs.ashbyhq.com/base-operations | jobs=1
2026-09-28 10:01:37,472 | INFO | START | Ashby | https://jobs.ashbyhq.com/vultr
2026-09-28 10:01:37,616 | INFO | SUCCESS | Ashby | https://jobs.ashbyhq.com/vultr | jobs=53
2026-09-28 10:01:37,616 | INFO | START | Ashby | https://jobs.ashbyhq.com/Voya%20Energy
2026-09-28 10:01:37,739 | INFO | SUCCESS | Ashby | https://jobs.ashbyhq.com/Voya%20Energy | jobs=6
2026-09-28 10:01:37,739 | INFO | START | Ashby | https://jobs.ashbyhq.com/mexdigital
2026-09-28 10:01:37,911 | INFO | SUCCESS | Ashby | https://jobs.ashbyhq.com/mexdigital | jobs=14
2026-09-28 10:01:37,911 | INFO | START | Ashby | https://jobs.ashbyhq.com/zodl
2026-09-28 10:01:38,002 | INFO | SUCCESS | Ashby | https://jobs.ashbyhq.com/zodl | jobs=2
2026-09-28 10:01:38,002 | INFO | START | Ashby | https://jobs.ashbyhq.com/positive-development
2026-09-28 10:01:38,090 | INFO | SUCCESS | Ashby | https://jobs.ashbyhq.com/positive-development | jobs=56
2026-09-28 10:01:38,090 | INFO | START | Ashby | https://jobs.ashbyhq.com/arda-therapeutics
2026-09-28 10:01:38,157 | INFO | SUCCESS | Ashby | https://jobs.ashbyhq.com/arda-therapeutics | jobs=0
2026-09-28 10:01:38,157 | INFO | START | Ashby | https://jobs.ashbyhq.com/aryahealth.ai
2026-09-28 10:01:38,258 | INFO | SUCCESS | Ashby | https://jobs.ashbyhq.com/aryahealth.ai | jobs=14
2026-09-28 10:01:38,258 | INFO | START | Ashby | https://jobs.ashbyhq.com/abstraction.games
2026-09-28 10:01:38,339 | INFO | SUCCESS | Ashby | https://jobs.ashbyhq.com/abstraction.games | jobs=1
2026-09-28 10:01:38,339 | INFO | START | Ashby | https://jobs.ashbyhq.com/regent
2026-09-28 10:01:38,565 | INFO | SUCCESS | Ashby | https://jobs.ashbyhq.com/regent | jobs=28
2026-09-28 10:01:38,565 | INFO | START | Ashby | https://jobs.ashbyhq.com/hearth
2026-09-28 10:01:38,651 | ERROR | FAILED | Ashby | https://jobs.ashbyhq.com/hearth | error=404 Client Error: Not Found for url: https://api.ashbyhq.com/posting-api/job-board/hearth?includeCompensation=true
2026-09-28 10:01:38,652 | INFO | START | Ashby | https://jobs.ashbyhq.com/mistral.ai
2026-09-28 10:01:38,862 | INFO | SUCCESS | Ashby | https://jobs.ashbyhq.com/mistral.ai | jobs=210
2026-09-28 10:01:38,862 | INFO | START | Ashby | https://jobs.ashbyhq.com/impulse
2026-09-28 10:01:39,054 | INFO | SUCCESS | Ashby | https://jobs.ashbyhq.com/impulse | jobs=2
2026-09-28 10:01:39,054 | INFO | START | Ashby | https://jobs.ashbyhq.com/nen
2026-09-28 10:01:39,164 | ERROR | FAILED | Ashby | https://jobs.ashbyhq.com/nen | error=404 Client Error: Not Found for url: https://api.ashbyhq.com/posting-api/job-board/nen?includeCompensation=true
2026-09-28 10:01:39,165 | INFO | START | Ashby | https://jobs.ashbyhq.com/gridverify
2026-09-28 10:01:39,253 | INFO | SUCCESS | Ashby | https://jobs.ashbyhq.com/gridverify | jobs=5
2026-09-28 10:01:39,253 | INFO | START | Ashby | https://jobs.ashbyhq.com/graphyte
2026-09-28 10:01:39,328 | INFO | SUCCESS | Ashby | https://jobs.ashbyhq.com/graphyte | jobs=1
2026-09-28 10:01:39,328 | INFO | START | Ashby | https://jobs.ashbyhq.com/bigeye
2026-09-28 10:01:39,479 | ERROR | FAILED | Ashby | https://jobs.ashbyhq.com/bigeye | error=404 Client Error: Not Found for url: https://api.ashbyhq.com/posting-api/job-board/bigeye?includeCompensation=true
2026-09-28 10:01:39,481 | INFO | START | Ashby | https://jobs.ashbyhq.com/windborne-systems
2026-09-28 10:01:39,575 | INFO | SUCCESS | Ashby | https://jobs.ashbyhq.com/windborne-systems | jobs=19
2026-09-28 10:01:39,575 | INFO | START | Lever | https://jobs.lever.co/tildei
2026-09-28 10:01:39,906 | INFO | SUCCESS | Lever | https://jobs.lever.co/tildei | jobs=1
2026-09-28 10:01:39,906 | INFO | START | Lever | https://jobs.lever.co/crewapp
2026-09-28 10:01:40,305 | ERROR | FAILED | Lever | https://jobs.lever.co/crewapp | error=404 Client Error: Not Found for url: https://api.lever.co/v0/postings/crewapp?mode=json
2026-09-28 10:01:40,306 | INFO | START | Lever | https://jobs.lever.co/mulhalls
2026-09-28 10:01:40,796 | INFO | SUCCESS | Lever | https://jobs.lever.co/mulhalls | jobs=6
2026-09-28 10:01:40,796 | INFO | START | Lever | https://jobs.lever.co/straitcapital
2026-09-28 10:01:41,180 | ERROR | FAILED | Lever | https://jobs.lever.co/straitcapital | error=404 Client Error: Not Found for url: https://api.lever.co/v0/postings/straitcapital?mode=json
2026-09-28 10:01:41,182 | INFO | START | Lever | https://jobs.lever.co/lqdigital
2026-09-28 10:01:41,578 | INFO | SUCCESS | Lever | https://jobs.lever.co/lqdigital | jobs=0
2026-09-28 10:01:41,578 | INFO | START | Lever | https://jobs.lever.co/d-one
2026-09-28 10:01:41,874 | ERROR | FAILED | Lever | https://jobs.lever.co/d-one | error=404 Client Error: Not Found for url: https://api.lever.co/v0/postings/d-one?mode=json
2026-09-28 10:01:41,876 | INFO | START | Lever | https://jobs.lever.co/Rebuilt
2026-09-28 10:01:42,234 | ERROR | FAILED | Lever | https://jobs.lever.co/Rebuilt | error=404 Client Error: Not Found for url: https://api.lever.co/v0/postings/Rebuilt?mode=json
2026-09-28 10:01:42,236 | INFO | START | Lever | https://jobs.lever.co/doranjones
2026-09-28 10:01:42,631 | INFO | SUCCESS | Lever | https://jobs.lever.co/doranjones | jobs=1
2026-09-28 10:01:42,631 | INFO | START | Lever | https://jobs.lever.co/robust-ai
2026-09-28 10:01:43,151 | INFO | SUCCESS | Lever | https://jobs.lever.co/robust-ai | jobs=5
2026-09-28 10:01:43,151 | INFO | START | Lever | https://jobs.lever.co/chec
2026-09-28 10:01:43,452 | ERROR | FAILED | Lever | https://jobs.lever.co/chec | error=404 Client Error: Not Found for url: https://api.lever.co/v0/postings/chec?mode=json
2026-09-28 10:01:43,456 | INFO | START | Greenhouse | https://job-boards.greenhouse.io/foodcorps
2026-09-28 10:01:43,673 | ERROR | FAILED | Greenhouse | https://job-boards.greenhouse.io/foodcorps | error=404 Client Error: Not Found for url: https://boards-api.greenhouse.io/v1/boards/foodcorps/jobs?content=true
2026-09-28 10:01:43,675 | INFO | START | Greenhouse | https://job-boards.greenhouse.io/casetify
2026-09-28 10:01:43,925 | INFO | SUCCESS | Greenhouse | https://job-boards.greenhouse.io/casetify | jobs=63
2026-09-28 10:01:43,925 | INFO | START | Greenhouse | https://job-boards.greenhouse.io/happifyhealth
2026-09-28 10:01:44,025 | ERROR | FAILED | Greenhouse | https://job-boards.greenhouse.io/happifyhealth | error=404 Client Error: Not Found for url: https://boards-api.greenhouse.io/v1/boards/happifyhealth/jobs?content=true
2026-09-28 10:01:44,026 | INFO | START | Greenhouse | https://job-boards.greenhouse.io/bird
2026-09-28 10:01:44,263 | INFO | SUCCESS | Greenhouse | https://job-boards.greenhouse.io/bird | jobs=31
2026-09-28 10:01:44,263 | INFO | START | Greenhouse | https://job-boards.greenhouse.io/dremio
2026-09-28 10:01:44,383 | INFO | SUCCESS | Greenhouse | https://job-boards.greenhouse.io/dremio | jobs=7
2026-09-28 10:01:44,383 | INFO | START | Greenhouse | https://job-boards.greenhouse.io/sterling
2026-09-28 10:01:44,493 | INFO | SUCCESS | Greenhouse | https://job-boards.greenhouse.io/sterling | jobs=2
2026-09-28 10:01:44,493 | INFO | START | Greenhouse | https://job-boards.greenhouse.io/parkmobileus
2026-09-28 10:01:44,846 | ERROR | FAILED | Greenhouse | https://job-boards.greenhouse.io/parkmobileus | error=404 Client Error: Not Found for url: https://boards-api.greenhouse.io/v1/boards/parkmobileus/jobs?content=true
2026-09-28 10:01:44,848 | INFO | START | Greenhouse | https://job-boards.greenhouse.io/merchantsauto
2026-09-28 10:01:47,577 | INFO | SUCCESS | Greenhouse | https://job-boards.greenhouse.io/merchantsauto | jobs=1
2026-09-28 10:01:47,577 | INFO | START | Greenhouse | https://job-boards.greenhouse.io/canopytax
2026-09-28 10:01:47,718 | INFO | SUCCESS | Greenhouse | https://job-boards.greenhouse.io/canopytax | jobs=12
2026-09-28 10:01:47,718 | INFO | START | Greenhouse | https://job-boards.greenhouse.io/straitsx
2026-09-28 10:01:47,890 | INFO | SUCCESS | Greenhouse | https://job-boards.greenhouse.io/straitsx | jobs=25
2026-09-28 10:01:47,890 | INFO | START | Greenhouse | https://job-boards.greenhouse.io/nycedc
2026-09-28 10:01:48,170 | INFO | SUCCESS | Greenhouse | https://job-boards.greenhouse.io/nycedc | jobs=32
2026-09-28 10:01:48,170 | INFO | START | Greenhouse | https://job-boards.greenhouse.io/fractalteam
2026-09-28 10:01:48,268 | ERROR | FAILED | Greenhouse | https://job-boards.greenhouse.io/fractalteam | error=404 Client Error: Not Found for url: https://boards-api.greenhouse.io/v1/boards/fractalteam/jobs?content=true
2026-09-28 10:01:48,269 | INFO | START | Greenhouse | https://job-boards.greenhouse.io/abdielcapital
2026-09-28 10:01:48,465 | INFO | SUCCESS | Greenhouse | https://job-boards.greenhouse.io/abdielcapital | jobs=0
2026-09-28 10:01:48,465 | INFO | START | Greenhouse | https://job-boards.greenhouse.io/github
2026-09-28 10:01:48,569 | ERROR | FAILED | Greenhouse | https://job-boards.greenhouse.io/github | error=404 Client Error: Not Found for url: https://boards-api.greenhouse.io/v1/boards/github/jobs?content=true
2026-09-28 10:01:48,570 | INFO | START | Greenhouse | https://job-boards.greenhouse.io/theplanningshopuk
2026-09-28 10:01:48,689 | INFO | SUCCESS | Greenhouse | https://job-boards.greenhouse.io/theplanningshopuk | jobs=0
2026-09-28 10:01:48,689 | INFO | START | Greenhouse | https://job-boards.greenhouse.io/mcafee
2026-09-28 10:01:48,819 | INFO | SUCCESS | Greenhouse | https://job-boards.greenhouse.io/mcafee | jobs=1
2026-09-28 10:01:48,819 | INFO | START | Greenhouse | https://job-boards.greenhouse.io/peoplestrata
2026-09-28 10:01:49,033 | INFO | SUCCESS | Greenhouse | https://job-boards.greenhouse.io/peoplestrata | jobs=0
2026-09-28 10:01:49,033 | INFO | START | Greenhouse | https://job-boards.greenhouse.io/c3
2026-09-28 10:01:49,160 | ERROR | FAILED | Greenhouse | https://job-boards.greenhouse.io/c3 | error=404 Client Error: Not Found for url: https://boards-api.greenhouse.io/v1/boards/c3/jobs?content=true
2026-09-28 10:01:49,163 | INFO | START | Greenhouse | https://job-boards.greenhouse.io/vsapartners
2026-09-28 10:01:49,328 | INFO | SUCCESS | Greenhouse | https://job-boards.greenhouse.io/vsapartners | jobs=11
2026-09-28 10:01:49,328 | INFO | START | Greenhouse | https://job-boards.greenhouse.io/zeel
2026-09-28 10:01:49,512 | ERROR | FAILED | Greenhouse | https://job-boards.greenhouse.io/zeel | error=404 Client Error: Not Found for url: https://boards-api.greenhouse.io/v1/boards/zeel/jobs?content=true
2026-09-28 10:01:49,515 | INFO | START | Ashby | https://jobs.ashbyhq.com/fastapicloud
2026-09-28 10:01:49,600 | ERROR | FAILED | Ashby | https://jobs.ashbyhq.com/fastapicloud | error=404 Client Error: Not Found for url: https://api.ashbyhq.com/posting-api/job-board/fastapicloud?includeCompensation=true
2026-09-28 10:01:49,602 | INFO | START | Ashby | https://jobs.ashbyhq.com/netgear
2026-09-28 10:01:49,728 | INFO | SUCCESS | Ashby | https://jobs.ashbyhq.com/netgear | jobs=51
2026-09-28 10:01:49,728 | INFO | START | Ashby | https://jobs.ashbyhq.com/base-operations
2026-09-28 10:01:49,823 | INFO | SUCCESS | Ashby | https://jobs.ashbyhq.com/base-operations | jobs=1
2026-09-28 10:01:49,823 | INFO | START | Ashby | https://jobs.ashbyhq.com/vultr
2026-09-28 10:01:50,032 | INFO | SUCCESS | Ashby | https://jobs.ashbyhq.com/vultr | jobs=53
2026-09-28 10:01:50,032 | INFO | START | Ashby | https://jobs.ashbyhq.com/Voya%20Energy
2026-09-28 10:01:50,122 | INFO | SUCCESS | Ashby | https://jobs.ashbyhq.com/Voya%20Energy | jobs=6
2026-09-28 10:01:50,122 | INFO | START | Ashby | https://jobs.ashbyhq.com/mexdigital
2026-09-28 10:01:50,207 | INFO | SUCCESS | Ashby | https://jobs.ashbyhq.com/mexdigital | jobs=14
2026-09-28 10:01:50,207 | INFO | START | Ashby | https://jobs.ashbyhq.com/zodl
2026-09-28 10:01:50,313 | INFO | SUCCESS | Ashby | https://jobs.ashbyhq.com/zodl | jobs=2
2026-09-28 10:01:50,313 | INFO | START | Ashby | https://jobs.ashbyhq.com/positive-development
2026-09-28 10:01:50,495 | INFO | SUCCESS | Ashby | https://jobs.ashbyhq.com/positive-development | jobs=56
2026-09-28 10:01:50,495 | INFO | START | Ashby | https://jobs.ashbyhq.com/arda-therapeutics
2026-09-28 10:01:50,604 | INFO | SUCCESS | Ashby | https://jobs.ashbyhq.com/arda-therapeutics | jobs=0
2026-09-28 10:01:50,604 | INFO | START | Ashby | https://jobs.ashbyhq.com/aryahealth.ai
2026-09-28 10:01:50,692 | INFO | SUCCESS | Ashby | https://jobs.ashbyhq.com/aryahealth.ai | jobs=14
2026-09-28 10:01:50,692 | INFO | START | Ashby | https://jobs.ashbyhq.com/abstraction.games
2026-09-28 10:01:50,768 | INFO | SUCCESS | Ashby | https://jobs.ashbyhq.com/abstraction.games | jobs=1
2026-09-28 10:01:50,768 | INFO | START | Ashby | https://jobs.ashbyhq.com/regent
2026-09-28 10:01:50,878 | INFO | SUCCESS | Ashby | https://jobs.ashbyhq.com/regent | jobs=28
2026-09-28 10:01:50,878 | INFO | START | Ashby | https://jobs.ashbyhq.com/hearth
2026-09-28 10:01:51,044 | ERROR | FAILED | Ashby | https://jobs.ashbyhq.com/hearth | error=404 Client Error: Not Found for url: https://api.ashbyhq.com/posting-api/job-board/hearth?includeCompensation=true
2026-09-28 10:01:51,046 | INFO | START | Ashby | https://jobs.ashbyhq.com/mistral.ai
2026-09-28 10:01:51,266 | INFO | SUCCESS | Ashby | https://jobs.ashbyhq.com/mistral.ai | jobs=210
2026-09-28 10:01:51,266 | INFO | START | Ashby | https://jobs.ashbyhq.com/impulse
2026-09-28 10:01:51,346 | INFO | SUCCESS | Ashby | https://jobs.ashbyhq.com/impulse | jobs=2
2026-09-28 10:01:51,346 | INFO | START | Ashby | https://jobs.ashbyhq.com/nen
2026-09-28 10:01:51,415 | ERROR | FAILED | Ashby | https://jobs.ashbyhq.com/nen | error=404 Client Error: Not Found for url: https://api.ashbyhq.com/posting-api/job-board/nen?includeCompensation=true
2026-09-28 10:01:51,416 | INFO | START | Ashby | https://jobs.ashbyhq.com/gridverify
2026-09-28 10:01:51,582 | INFO | SUCCESS | Ashby | https://jobs.ashbyhq.com/gridverify | jobs=5
2026-09-28 10:01:51,582 | INFO | START | Ashby | https://jobs.ashbyhq.com/graphyte
2026-09-28 10:01:51,679 | INFO | SUCCESS | Ashby | https://jobs.ashbyhq.com/graphyte | jobs=1
2026-09-28 10:01:51,679 | INFO | START | Ashby | https://jobs.ashbyhq.com/bigeye
2026-09-28 10:01:51,757 | ERROR | FAILED | Ashby | https://jobs.ashbyhq.com/bigeye | error=404 Client Error: Not Found for url: https://api.ashbyhq.com/posting-api/job-board/bigeye?includeCompensation=true
2026-09-28 10:01:51,758 | INFO | START | Ashby | https://jobs.ashbyhq.com/windborne-systems
2026-09-28 10:01:51,854 | INFO | SUCCESS | Ashby | https://jobs.ashbyhq.com/windborne-systems | jobs=19
2026-09-28 10:01:51,854 | INFO | START | Lever | https://jobs.lever.co/tildei
2026-09-28 10:01:52,207 | INFO | SUCCESS | Lever | https://jobs.lever.co/tildei | jobs=1
2026-09-28 10:01:52,208 | INFO | START | Lever | https://jobs.lever.co/crewapp
2026-09-28 10:01:52,707 | ERROR | FAILED | Lever | https://jobs.lever.co/crewapp | error=404 Client Error: Not Found for url: https://api.lever.co/v0/postings/crewapp?mode=json
2026-09-28 10:01:52,709 | INFO | START | Lever | https://jobs.lever.co/mulhalls
2026-09-28 10:02:06,421 | INFO | SUCCESS | Lever | https://jobs.lever.co/mulhalls | jobs=6
2026-09-28 10:02:06,421 | INFO | START | Lever | https://jobs.lever.co/straitcapital
2026-09-28 10:02:06,822 | ERROR | FAILED | Lever | https://jobs.lever.co/straitcapital | error=404 Client Error: Not Found for url: https://api.lever.co/v0/postings/straitcapital?mode=json
2026-09-28 10:02:06,825 | INFO | START | Lever | https://jobs.lever.co/lqdigital
2026-09-28 10:02:07,146 | INFO | SUCCESS | Lever | https://jobs.lever.co/lqdigital | jobs=0
2026-09-28 10:02:07,147 | INFO | START | Lever | https://jobs.lever.co/d-one
2026-09-28 10:02:07,494 | ERROR | FAILED | Lever | https://jobs.lever.co/d-one | error=404 Client Error: Not Found for url: https://api.lever.co/v0/postings/d-one?mode=json
2026-09-28 10:02:07,497 | INFO | START | Lever | https://jobs.lever.co/Rebuilt
2026-09-28 10:02:07,857 | ERROR | FAILED | Lever | https://jobs.lever.co/Rebuilt | error=404 Client Error: Not Found for url: https://api.lever.co/v0/postings/Rebuilt?mode=json
2026-09-28 10:02:07,860 | INFO | START | Lever | https://jobs.lever.co/doranjones
2026-09-28 10:02:10,998 | INFO | SUCCESS | Lever | https://jobs.lever.co/doranjones | jobs=1
2026-09-28 10:02:10,998 | INFO | START | Lever | https://jobs.lever.co/robust-ai
2026-09-28 10:02:11,519 | INFO | SUCCESS | Lever | https://jobs.lever.co/robust-ai | jobs=5
2026-09-28 10:02:11,519 | INFO | START | Lever | https://jobs.lever.co/chec
2026-09-28 10:02:11,819 | ERROR | FAILED | Lever | https://jobs.lever.co/chec | error=404 Client Error: Not Found for url: https://api.lever.co/v0/postings/chec?mode=json
2026-09-28 10:02:11,822 | INFO | START | Greenhouse | https://job-boards.greenhouse.io/foodcorps
2026-09-28 10:02:11,985 | ERROR | FAILED | Greenhouse | https://job-boards.greenhouse.io/foodcorps | error=404 Client Error: Not Found for url: https://boards-api.greenhouse.io/v1/boards/foodcorps/jobs?content=true
2026-09-28 10:02:11,987 | INFO | START | Greenhouse | https://job-boards.greenhouse.io/casetify
2026-09-28 10:02:12,201 | INFO | SUCCESS | Greenhouse | https://job-boards.greenhouse.io/casetify | jobs=63
2026-09-28 10:02:12,201 | INFO | START | Greenhouse | https://job-boards.greenhouse.io/happifyhealth
2026-09-28 10:02:12,325 | ERROR | FAILED | Greenhouse | https://job-boards.greenhouse.io/happifyhealth | error=404 Client Error: Not Found for url: https://boards-api.greenhouse.io/v1/boards/happifyhealth/jobs?content=true
2026-09-28 10:02:12,325 | INFO | START | Greenhouse | https://job-boards.greenhouse.io/bird
2026-09-28 10:02:12,564 | INFO | SUCCESS | Greenhouse | https://job-boards.greenhouse.io/bird | jobs=31
2026-09-28 10:02:12,564 | INFO | START | Greenhouse | https://job-boards.greenhouse.io/dremio
2026-09-28 10:02:12,688 | INFO | SUCCESS | Greenhouse | https://job-boards.greenhouse.io/dremio | jobs=7
2026-09-28 10:02:12,688 | INFO | START | Greenhouse | https://job-boards.greenhouse.io/sterling
2026-09-28 10:02:12,790 | INFO | SUCCESS | Greenhouse | https://job-boards.greenhouse.io/sterling | jobs=2
2026-09-28 10:02:12,790 | INFO | START | Greenhouse | https://job-boards.greenhouse.io/parkmobileus
2026-09-28 10:02:12,898 | ERROR | FAILED | Greenhouse | https://job-boards.greenhouse.io/parkmobileus | error=404 Client Error: Not Found for url: https://boards-api.greenhouse.io/v1/boards/parkmobileus/jobs?content=true
2026-09-28 10:02:12,899 | INFO | START | Greenhouse | https://job-boards.greenhouse.io/merchantsauto
2026-09-28 10:02:13,107 | INFO | SUCCESS | Greenhouse | https://job-boards.greenhouse.io/merchantsauto | jobs=1
2026-09-28 10:02:13,107 | INFO | START | Greenhouse | https://job-boards.greenhouse.io/canopytax
2026-09-28 10:02:13,321 | INFO | SUCCESS | Greenhouse | https://job-boards.greenhouse.io/canopytax | jobs=12
2026-09-28 10:02:13,321 | INFO | START | Greenhouse | https://job-boards.greenhouse.io/straitsx
2026-09-28 10:02:13,589 | INFO | SUCCESS | Greenhouse | https://job-boards.greenhouse.io/straitsx | jobs=25
2026-09-28 10:02:13,589 | INFO | START | Greenhouse | https://job-boards.greenhouse.io/nycedc
2026-09-28 10:02:13,865 | INFO | SUCCESS | Greenhouse | https://job-boards.greenhouse.io/nycedc | jobs=32
2026-09-28 10:02:13,865 | INFO | START | Greenhouse | https://job-boards.greenhouse.io/fractalteam
2026-09-28 10:02:13,963 | ERROR | FAILED | Greenhouse | https://job-boards.greenhouse.io/fractalteam | error=404 Client Error: Not Found for url: https://boards-api.greenhouse.io/v1/boards/fractalteam/jobs?content=true
2026-09-28 10:02:13,964 | INFO | START | Greenhouse | https://job-boards.greenhouse.io/abdielcapital
2026-09-28 10:02:14,152 | INFO | SUCCESS | Greenhouse | https://job-boards.greenhouse.io/abdielcapital | jobs=0
2026-09-28 10:02:14,152 | INFO | START | Greenhouse | https://job-boards.greenhouse.io/github
2026-09-28 10:02:14,274 | ERROR | FAILED | Greenhouse | https://job-boards.greenhouse.io/github | error=404 Client Error: Not Found for url: https://boards-api.greenhouse.io/v1/boards/github/jobs?content=true
2026-09-28 10:02:14,276 | INFO | START | Greenhouse | https://job-boards.greenhouse.io/theplanningshopuk
2026-09-28 10:02:14,410 | INFO | SUCCESS | Greenhouse | https://job-boards.greenhouse.io/theplanningshopuk | jobs=0
2026-09-28 10:02:14,410 | INFO | START | Greenhouse | https://job-boards.greenhouse.io/mcafee
2026-09-28 10:02:14,607 | INFO | SUCCESS | Greenhouse | https://job-boards.greenhouse.io/mcafee | jobs=1
2026-09-28 10:02:14,608 | INFO | START | Greenhouse | https://job-boards.greenhouse.io/peoplestrata
2026-09-28 10:02:14,728 | INFO | SUCCESS | Greenhouse | https://job-boards.greenhouse.io/peoplestrata | jobs=0
2026-09-28 10:02:14,728 | INFO | START | Greenhouse | https://job-boards.greenhouse.io/c3
2026-09-28 10:02:25,434 | ERROR | FAILED | Greenhouse | https://job-boards.greenhouse.io/c3 | error=404 Client Error: Not Found for url: https://boards-api.greenhouse.io/v1/boards/c3/jobs?content=true
2026-09-28 10:02:25,436 | INFO | START | Greenhouse | https://job-boards.greenhouse.io/vsapartners
2026-09-28 10:02:25,653 | INFO | SUCCESS | Greenhouse | https://job-boards.greenhouse.io/vsapartners | jobs=11
2026-09-28 10:02:25,653 | INFO | START | Greenhouse | https://job-boards.greenhouse.io/zeel
2026-09-28 10:02:25,762 | ERROR | FAILED | Greenhouse | https://job-boards.greenhouse.io/zeel | error=404 Client Error: Not Found for url: https://boards-api.greenhouse.io/v1/boards/zeel/jobs?content=true
2026-09-28 10:02:25,763 | INFO | START | Ashby | https://jobs.ashbyhq.com/fastapicloud
2026-09-28 10:02:25,849 | ERROR | FAILED | Ashby | https://jobs.ashbyhq.com/fastapicloud | error=404 Client Error: Not Found for url: https://api.ashbyhq.com/posting-api/job-board/fastapicloud?includeCompensation=true
2026-09-28 10:02:25,850 | INFO | START | Ashby | https://jobs.ashbyhq.com/netgear
2026-09-28 10:02:25,980 | INFO | SUCCESS | Ashby | https://jobs.ashbyhq.com/netgear | jobs=51
2026-09-28 10:02:25,980 | INFO | START | Ashby | https://jobs.ashbyhq.com/base-operations
2026-09-28 10:02:26,155 | INFO | SUCCESS | Ashby | https://jobs.ashbyhq.com/base-operations | jobs=1
2026-09-28 10:02:26,156 | INFO | START | Ashby | https://jobs.ashbyhq.com/vultr
2026-09-28 10:02:26,276 | INFO | SUCCESS | Ashby | https://jobs.ashbyhq.com/vultr | jobs=53
2026-09-28 10:02:26,276 | INFO | START | Ashby | https://jobs.ashbyhq.com/Voya%20Energy
2026-09-28 10:02:26,364 | INFO | SUCCESS | Ashby | https://jobs.ashbyhq.com/Voya%20Energy | jobs=6
2026-09-28 10:02:26,364 | INFO | START | Ashby | https://jobs.ashbyhq.com/mexdigital
2026-09-28 10:02:26,447 | INFO | SUCCESS | Ashby | https://jobs.ashbyhq.com/mexdigital | jobs=14
2026-09-28 10:02:26,447 | INFO | START | Ashby | https://jobs.ashbyhq.com/zodl
2026-09-28 10:02:26,529 | INFO | SUCCESS | Ashby | https://jobs.ashbyhq.com/zodl | jobs=2
2026-09-28 10:02:26,529 | INFO | START | Ashby | https://jobs.ashbyhq.com/positive-development
2026-09-28 10:02:26,717 | INFO | SUCCESS | Ashby | https://jobs.ashbyhq.com/positive-development | jobs=56
2026-09-28 10:02:26,717 | INFO | START | Ashby | https://jobs.ashbyhq.com/arda-therapeutics
2026-09-28 10:02:26,801 | INFO | SUCCESS | Ashby | https://jobs.ashbyhq.com/arda-therapeutics | jobs=0
2026-09-28 10:02:26,801 | INFO | START | Ashby | https://jobs.ashbyhq.com/aryahealth.ai
2026-09-28 10:02:26,905 | INFO | SUCCESS | Ashby | https://jobs.ashbyhq.com/aryahealth.ai | jobs=14
2026-09-28 10:02:26,906 | INFO | START | Ashby | https://jobs.ashbyhq.com/abstraction.games
2026-09-28 10:02:26,993 | INFO | SUCCESS | Ashby | https://jobs.ashbyhq.com/abstraction.games | jobs=1
2026-09-28 10:02:26,993 | INFO | START | Ashby | https://jobs.ashbyhq.com/regent
2026-09-28 10:02:27,101 | INFO | SUCCESS | Ashby | https://jobs.ashbyhq.com/regent | jobs=28
2026-09-28 10:02:27,101 | INFO | START | Ashby | https://jobs.ashbyhq.com/hearth
2026-09-28 10:02:27,329 | ERROR | FAILED | Ashby | https://jobs.ashbyhq.com/hearth | error=404 Client Error: Not Found for url: https://api.ashbyhq.com/posting-api/job-board/hearth?includeCompensation=true
2026-09-28 10:02:27,331 | INFO | START | Ashby | https://jobs.ashbyhq.com/mistral.ai
2026-09-28 10:02:27,535 | INFO | SUCCESS | Ashby | https://jobs.ashbyhq.com/mistral.ai | jobs=210
2026-09-28 10:02:27,535 | INFO | START | Ashby | https://jobs.ashbyhq.com/impulse
2026-09-28 10:02:27,621 | INFO | SUCCESS | Ashby | https://jobs.ashbyhq.com/impulse | jobs=2
2026-09-28 10:02:27,621 | INFO | START | Ashby | https://jobs.ashbyhq.com/nen
2026-09-28 10:02:27,803 | ERROR | FAILED | Ashby | https://jobs.ashbyhq.com/nen | error=404 Client Error: Not Found for url: https://api.ashbyhq.com/posting-api/job-board/nen?includeCompensation=true
2026-09-28 10:02:27,804 | INFO | START | Ashby | https://jobs.ashbyhq.com/gridverify
2026-09-28 10:02:27,889 | INFO | SUCCESS | Ashby | https://jobs.ashbyhq.com/gridverify | jobs=5
2026-09-28 10:02:27,889 | INFO | START | Ashby | https://jobs.ashbyhq.com/graphyte
2026-09-28 10:02:27,967 | INFO | SUCCESS | Ashby | https://jobs.ashbyhq.com/graphyte | jobs=1
2026-09-28 10:02:27,967 | INFO | START | Ashby | https://jobs.ashbyhq.com/bigeye
2026-09-28 10:02:28,091 | ERROR | FAILED | Ashby | https://jobs.ashbyhq.com/bigeye | error=404 Client Error: Not Found for url: https://api.ashbyhq.com/posting-api/job-board/bigeye?includeCompensation=true
2026-09-28 10:02:28,093 | INFO | START | Ashby | https://jobs.ashbyhq.com/windborne-systems
2026-09-28 10:02:28,279 | INFO | SUCCESS | Ashby | https://jobs.ashbyhq.com/windborne-systems | jobs=19
2026-09-28 10:02:28,279 | INFO | START | Lever | https://jobs.lever.co/tildei
2026-09-28 10:02:28,762 | INFO | SUCCESS | Lever | https://jobs.lever.co/tildei | jobs=1
2026-09-28 10:02:28,762 | INFO | START | Lever | https://jobs.lever.co/crewapp
2026-09-28 10:02:29,057 | ERROR | FAILED | Lever | https://jobs.lever.co/crewapp | error=404 Client Error: Not Found for url: https://api.lever.co/v0/postings/crewapp?mode=json
2026-09-28 10:02:29,060 | INFO | START | Lever | https://jobs.lever.co/mulhalls
2026-09-28 10:02:29,564 | INFO | SUCCESS | Lever | https://jobs.lever.co/mulhalls | jobs=6
2026-09-28 10:02:29,565 | INFO | START | Lever | https://jobs.lever.co/straitcapital
2026-09-28 10:02:29,942 | ERROR | FAILED | Lever | https://jobs.lever.co/straitcapital | error=404 Client Error: Not Found for url: https://api.lever.co/v0/postings/straitcapital?mode=json
2026-09-28 10:02:29,944 | INFO | START | Lever | https://jobs.lever.co/lqdigital
2026-09-28 10:02:30,334 | INFO | SUCCESS | Lever | https://jobs.lever.co/lqdigital | jobs=0
2026-09-28 10:02:30,334 | INFO | START | Lever | https://jobs.lever.co/d-one
2026-09-28 10:02:31,779 | ERROR | FAILED | Lever | https://jobs.lever.co/d-one | error=404 Client Error: Not Found for url: https://api.lever.co/v0/postings/d-one?mode=json
2026-09-28 10:02:31,781 | INFO | START | Lever | https://jobs.lever.co/Rebuilt
2026-09-28 10:02:32,138 | ERROR | FAILED | Lever | https://jobs.lever.co/Rebuilt | error=404 Client Error: Not Found for url: https://api.lever.co/v0/postings/Rebuilt?mode=json
2026-09-28 10:02:32,140 | INFO | START | Lever | https://jobs.lever.co/doranjones
2026-09-28 10:02:32,507 | INFO | SUCCESS | Lever | https://jobs.lever.co/doranjones | jobs=1
2026-09-28 10:02:32,507 | INFO | START | Lever | https://jobs.lever.co/robust-ai
2026-09-28 10:02:33,018 | INFO | SUCCESS | Lever | https://jobs.lever.co/robust-ai | jobs=5
2026-09-28 10:02:33,018 | INFO | START | Lever | https://jobs.lever.co/chec
2026-09-28 10:02:33,312 | ERROR | FAILED | Lever | https://jobs.lever.co/chec | error=404 Client Error: Not Found for url: https://api.lever.co/v0/postings/chec?mode=json
2026-09-28 10:02:33,314 | INFO | START | Greenhouse | https://job-boards.greenhouse.io/foodcorps
2026-09-28 10:02:33,479 | ERROR | FAILED | Greenhouse | https://job-boards.greenhouse.io/foodcorps | error=404 Client Error: Not Found for url: https://boards-api.greenhouse.io/v1/boards/foodcorps/jobs?content=true
2026-09-28 10:02:33,481 | INFO | START | Greenhouse | https://job-boards.greenhouse.io/casetify
2026-09-28 10:02:33,694 | INFO | SUCCESS | Greenhouse | https://job-boards.greenhouse.io/casetify | jobs=63
2026-09-28 10:02:33,694 | INFO | START | Greenhouse | https://job-boards.greenhouse.io/happifyhealth
2026-09-28 10:02:33,791 | ERROR | FAILED | Greenhouse | https://job-boards.greenhouse.io/happifyhealth | error=404 Client Error: Not Found for url: https://boards-api.greenhouse.io/v1/boards/happifyhealth/jobs?content=true
2026-09-28 10:02:33,792 | INFO | START | Greenhouse | https://job-boards.greenhouse.io/bird
2026-09-28 10:02:34,062 | INFO | SUCCESS | Greenhouse | https://job-boards.greenhouse.io/bird | jobs=31
2026-09-28 10:02:34,062 | INFO | START | Greenhouse | https://job-boards.greenhouse.io/dremio
2026-09-28 10:02:34,180 | INFO | SUCCESS | Greenhouse | https://job-boards.greenhouse.io/dremio | jobs=7
2026-09-28 10:02:34,180 | INFO | START | Greenhouse | https://job-boards.greenhouse.io/sterling
2026-09-28 10:02:34,291 | INFO | SUCCESS | Greenhouse | https://job-boards.greenhouse.io/sterling | jobs=2
2026-09-28 10:02:34,291 | INFO | START | Greenhouse | https://job-boards.greenhouse.io/parkmobileus
2026-09-28 10:02:34,399 | ERROR | FAILED | Greenhouse | https://job-boards.greenhouse.io/parkmobileus | error=404 Client Error: Not Found for url: https://boards-api.greenhouse.io/v1/boards/parkmobileus/jobs?content=true
2026-09-28 10:02:34,400 | INFO | START | Greenhouse | https://job-boards.greenhouse.io/merchantsauto
2026-09-28 10:02:34,620 | INFO | SUCCESS | Greenhouse | https://job-boards.greenhouse.io/merchantsauto | jobs=1
2026-09-28 10:02:34,620 | INFO | START | Greenhouse | https://job-boards.greenhouse.io/canopytax
2026-09-28 10:02:34,774 | INFO | SUCCESS | Greenhouse | https://job-boards.greenhouse.io/canopytax | jobs=12
2026-09-28 10:02:34,775 | INFO | START | Greenhouse | https://job-boards.greenhouse.io/straitsx
2026-09-28 10:02:34,910 | INFO | SUCCESS | Greenhouse | https://job-boards.greenhouse.io/straitsx | jobs=25
2026-09-28 10:02:34,910 | INFO | START | Greenhouse | https://job-boards.greenhouse.io/nycedc
2026-09-28 10:02:35,218 | INFO | SUCCESS | Greenhouse | https://job-boards.greenhouse.io/nycedc | jobs=32
2026-09-28 10:02:35,218 | INFO | START | Greenhouse | https://job-boards.greenhouse.io/fractalteam
2026-09-28 10:02:35,316 | ERROR | FAILED | Greenhouse | https://job-boards.greenhouse.io/fractalteam | error=404 Client Error: Not Found for url: https://boards-api.greenhouse.io/v1/boards/fractalteam/jobs?content=true
2026-09-28 10:02:35,316 | INFO | START | Greenhouse | https://job-boards.greenhouse.io/abdielcapital
2026-09-28 10:02:35,423 | INFO | SUCCESS | Greenhouse | https://job-boards.greenhouse.io/abdielcapital | jobs=0
2026-09-28 10:02:35,423 | INFO | START | Greenhouse | https://job-boards.greenhouse.io/github
2026-09-28 10:02:35,576 | ERROR | FAILED | Greenhouse | https://job-boards.greenhouse.io/github | error=404 Client Error: Not Found for url: https://boards-api.greenhouse.io/v1/boards/github/jobs?content=true
2026-09-28 10:02:35,579 | INFO | START | Greenhouse | https://job-boards.greenhouse.io/theplanningshopuk
2026-09-28 10:02:35,708 | INFO | SUCCESS | Greenhouse | https://job-boards.greenhouse.io/theplanningshopuk | jobs=0
2026-09-28 10:02:35,709 | INFO | START | Greenhouse | https://job-boards.greenhouse.io/mcafee
2026-09-28 10:02:35,828 | INFO | SUCCESS | Greenhouse | https://job-boards.greenhouse.io/mcafee | jobs=1
2026-09-28 10:02:35,828 | INFO | START | Greenhouse | https://job-boards.greenhouse.io/peoplestrata
2026-09-28 10:02:35,954 | INFO | SUCCESS | Greenhouse | https://job-boards.greenhouse.io/peoplestrata | jobs=0
2026-09-28 10:02:35,955 | INFO | START | Greenhouse | https://job-boards.greenhouse.io/c3
2026-09-28 10:02:36,156 | ERROR | FAILED | Greenhouse | https://job-boards.greenhouse.io/c3 | error=404 Client Error: Not Found for url: https://boards-api.greenhouse.io/v1/boards/c3/jobs?content=true
2026-09-28 10:02:36,158 | INFO | START | Greenhouse | https://job-boards.greenhouse.io/vsapartners
2026-09-28 10:02:36,323 | INFO | SUCCESS | Greenhouse | https://job-boards.greenhouse.io/vsapartners | jobs=11
2026-09-28 10:02:36,323 | INFO | START | Greenhouse | https://job-boards.greenhouse.io/zeel
2026-09-28 10:02:36,428 | ERROR | FAILED | Greenhouse | https://job-boards.greenhouse.io/zeel | error=404 Client Error: Not Found for url: https://boards-api.greenhouse.io/v1/boards/zeel/jobs?content=true
2026-09-28 10:02:36,429 | INFO | START | Ashby | https://jobs.ashbyhq.com/fastapicloud
2026-09-28 10:02:36,502 | ERROR | FAILED | Ashby | https://jobs.ashbyhq.com/fastapicloud | error=404 Client Error: Not Found for url: https://api.ashbyhq.com/posting-api/job-board/fastapicloud?includeCompensation=true
2026-09-28 10:02:36,503 | INFO | START | Ashby | https://jobs.ashbyhq.com/netgear
2026-09-28 10:02:36,705 | INFO | SUCCESS | Ashby | https://jobs.ashbyhq.com/netgear | jobs=51
2026-09-28 10:02:36,705 | INFO | START | Ashby | https://jobs.ashbyhq.com/base-operations
2026-09-28 10:02:36,810 | INFO | SUCCESS | Ashby | https://jobs.ashbyhq.com/base-operations | jobs=1
2026-09-28 10:02:36,810 | INFO | START | Ashby | https://jobs.ashbyhq.com/vultr
2026-09-28 10:02:36,924 | INFO | SUCCESS | Ashby | https://jobs.ashbyhq.com/vultr | jobs=53
2026-09-28 10:02:36,924 | INFO | START | Ashby | https://jobs.ashbyhq.com/Voya%20Energy
2026-09-28 10:02:37,007 | INFO | SUCCESS | Ashby | https://jobs.ashbyhq.com/Voya%20Energy | jobs=6
2026-09-28 10:02:37,007 | INFO | START | Ashby | https://jobs.ashbyhq.com/mexdigital
2026-09-28 10:02:37,205 | INFO | SUCCESS | Ashby | https://jobs.ashbyhq.com/mexdigital | jobs=14
2026-09-28 10:02:37,206 | INFO | START | Ashby | https://jobs.ashbyhq.com/zodl
2026-09-28 10:02:37,302 | INFO | SUCCESS | Ashby | https://jobs.ashbyhq.com/zodl | jobs=2
2026-09-28 10:02:37,302 | INFO | START | Ashby | https://jobs.ashbyhq.com/positive-development
2026-09-28 10:02:37,398 | INFO | SUCCESS | Ashby | https://jobs.ashbyhq.com/positive-development | jobs=56
2026-09-28 10:02:37,398 | INFO | START | Ashby | https://jobs.ashbyhq.com/arda-therapeutics
2026-09-28 10:02:37,483 | INFO | SUCCESS | Ashby | https://jobs.ashbyhq.com/arda-therapeutics | jobs=0
2026-09-28 10:02:37,483 | INFO | START | Ashby | https://jobs.ashbyhq.com/aryahealth.ai
2026-09-28 10:02:37,570 | INFO | SUCCESS | Ashby | https://jobs.ashbyhq.com/aryahealth.ai | jobs=14
2026-09-28 10:02:37,570 | INFO | START | Ashby | https://jobs.ashbyhq.com/abstraction.games
2026-09-28 10:02:37,748 | INFO | SUCCESS | Ashby | https://jobs.ashbyhq.com/abstraction.games | jobs=1
2026-09-28 10:02:37,748 | INFO | START | Ashby | https://jobs.ashbyhq.com/regent
2026-09-28 10:02:37,859 | INFO | SUCCESS | Ashby | https://jobs.ashbyhq.com/regent | jobs=28
2026-09-28 10:02:37,859 | INFO | START | Ashby | https://jobs.ashbyhq.com/hearth
2026-09-28 10:02:37,938 | ERROR | FAILED | Ashby | https://jobs.ashbyhq.com/hearth | error=404 Client Error: Not Found for url: https://api.ashbyhq.com/posting-api/job-board/hearth?includeCompensation=true
2026-09-28 10:02:37,939 | INFO | START | Ashby | https://jobs.ashbyhq.com/mistral.ai
2026-09-28 10:02:38,257 | INFO | SUCCESS | Ashby | https://jobs.ashbyhq.com/mistral.ai | jobs=210
2026-09-28 10:02:38,257 | INFO | START | Ashby | https://jobs.ashbyhq.com/impulse
2026-09-28 10:02:38,347 | INFO | SUCCESS | Ashby | https://jobs.ashbyhq.com/impulse | jobs=2
2026-09-28 10:02:38,347 | INFO | START | Ashby | https://jobs.ashbyhq.com/nen
2026-09-28 10:02:38,422 | ERROR | FAILED | Ashby | https://jobs.ashbyhq.com/nen | error=404 Client Error: Not Found for url: https://api.ashbyhq.com/posting-api/job-board/nen?includeCompensation=true
2026-09-28 10:02:38,423 | INFO | START | Ashby | https://jobs.ashbyhq.com/gridverify
2026-09-28 10:02:38,516 | INFO | SUCCESS | Ashby | https://jobs.ashbyhq.com/gridverify | jobs=5
2026-09-28 10:02:38,516 | INFO | START | Ashby | https://jobs.ashbyhq.com/graphyte
2026-09-28 10:02:38,603 | INFO | SUCCESS | Ashby | https://jobs.ashbyhq.com/graphyte | jobs=1
2026-09-28 10:02:38,604 | INFO | START | Ashby | https://jobs.ashbyhq.com/bigeye
2026-09-28 10:02:38,753 | ERROR | FAILED | Ashby | https://jobs.ashbyhq.com/bigeye | error=404 Client Error: Not Found for url: https://api.ashbyhq.com/posting-api/job-board/bigeye?includeCompensation=true
2026-09-28 10:02:38,755 | INFO | START | Ashby | https://jobs.ashbyhq.com/windborne-systems
2026-09-28 10:02:38,852 | INFO | SUCCESS | Ashby | https://jobs.ashbyhq.com/windborne-systems | jobs=19
2026-09-28 10:02:38,852 | INFO | START | Lever | https://jobs.lever.co/tildei
2026-09-28 10:02:39,155 | INFO | SUCCESS | Lever | https://jobs.lever.co/tildei | jobs=1
2026-09-28 10:02:39,155 | INFO | START | Lever | https://jobs.lever.co/crewapp
2026-09-28 10:02:39,576 | ERROR | FAILED | Lever | https://jobs.lever.co/crewapp | error=404 Client Error: Not Found for url: https://api.lever.co/v0/postings/crewapp?mode=json
2026-09-28 10:02:39,578 | INFO | START | Lever | https://jobs.lever.co/mulhalls
2026-09-28 10:02:40,190 | INFO | SUCCESS | Lever | https://jobs.lever.co/mulhalls | jobs=6
2026-09-28 10:02:40,190 | INFO | START | Lever | https://jobs.lever.co/straitcapital
2026-09-28 10:02:40,522 | ERROR | FAILED | Lever | https://jobs.lever.co/straitcapital | error=404 Client Error: Not Found for url: https://api.lever.co/v0/postings/straitcapital?mode=json
2026-09-28 10:02:40,525 | INFO | START | Lever | https://jobs.lever.co/lqdigital
2026-09-28 10:02:40,903 | INFO | SUCCESS | Lever | https://jobs.lever.co/lqdigital | jobs=0
2026-09-28 10:02:40,903 | INFO | START | Lever | https://jobs.lever.co/d-one
2026-09-28 10:02:41,240 | ERROR | FAILED | Lever | https://jobs.lever.co/d-one | error=404 Client Error: Not Found for url: https://api.lever.co/v0/postings/d-one?mode=json
2026-09-28 10:02:41,242 | INFO | START | Lever | https://jobs.lever.co/Rebuilt
2026-09-28 10:02:41,573 | ERROR | FAILED | Lever | https://jobs.lever.co/Rebuilt | error=404 Client Error: Not Found for url: https://api.lever.co/v0/postings/Rebuilt?mode=json
2026-09-28 10:02:41,576 | INFO | START | Lever | https://jobs.lever.co/doranjones
2026-09-28 10:02:41,943 | INFO | SUCCESS | Lever | https://jobs.lever.co/doranjones | jobs=1
2026-09-28 10:02:41,944 | INFO | START | Lever | https://jobs.lever.co/robust-ai
2026-09-28 10:02:42,516 | INFO | SUCCESS | Lever | https://jobs.lever.co/robust-ai | jobs=5
2026-09-28 10:02:42,516 | INFO | START | Lever | https://jobs.lever.co/chec
2026-09-28 10:02:42,811 | ERROR | FAILED | Lever | https://jobs.lever.co/chec | error=404 Client Error: Not Found for url: https://api.lever.co/v0/postings/chec?mode=json
2026-09-28 10:02:42,813 | INFO | START | Greenhouse | https://job-boards.greenhouse.io/foodcorps
2026-09-28 10:02:43,023 | ERROR | FAILED | Greenhouse | https://job-boards.greenhouse.io/foodcorps | error=404 Client Error: Not Found for url: https://boards-api.greenhouse.io/v1/boards/foodcorps/jobs?content=true
2026-09-28 10:02:43,025 | INFO | START | Greenhouse | https://job-boards.greenhouse.io/casetify
2026-09-28 10:02:43,218 | INFO | SUCCESS | Greenhouse | https://job-boards.greenhouse.io/casetify | jobs=63
2026-09-28 10:02:43,218 | INFO | START | Greenhouse | https://job-boards.greenhouse.io/happifyhealth
2026-09-28 10:02:43,315 | ERROR | FAILED | Greenhouse | https://job-boards.greenhouse.io/happifyhealth | error=404 Client Error: Not Found for url: https://boards-api.greenhouse.io/v1/boards/happifyhealth/jobs?content=true
2026-09-28 10:02:43,316 | INFO | START | Greenhouse | https://job-boards.greenhouse.io/bird
2026-09-28 10:02:43,571 | INFO | SUCCESS | Greenhouse | https://job-boards.greenhouse.io/bird | jobs=31
2026-09-28 10:02:43,571 | INFO | START | Greenhouse | https://job-boards.greenhouse.io/dremio
2026-09-28 10:02:43,694 | INFO | SUCCESS | Greenhouse | https://job-boards.greenhouse.io/dremio | jobs=7
2026-09-28 10:02:43,695 | INFO | START | Greenhouse | https://job-boards.greenhouse.io/sterling
2026-09-28 10:02:43,817 | INFO | SUCCESS | Greenhouse | https://job-boards.greenhouse.io/sterling | jobs=2
2026-09-28 10:02:43,817 | INFO | START | Greenhouse | https://job-boards.greenhouse.io/parkmobileus
2026-09-28 10:02:44,020 | ERROR | FAILED | Greenhouse | https://job-boards.greenhouse.io/parkmobileus | error=404 Client Error: Not Found for url: https://boards-api.greenhouse.io/v1/boards/parkmobileus/jobs?content=true
2026-09-28 10:02:44,022 | INFO | START | Greenhouse | https://job-boards.greenhouse.io/merchantsauto
2026-09-28 10:02:44,161 | INFO | SUCCESS | Greenhouse | https://job-boards.greenhouse.io/merchantsauto | jobs=1
2026-09-28 10:02:44,161 | INFO | START | Greenhouse | https://job-boards.greenhouse.io/canopytax
2026-09-28 10:02:44,314 | INFO | SUCCESS | Greenhouse | https://job-boards.greenhouse.io/canopytax | jobs=12
2026-09-28 10:02:44,314 | INFO | START | Greenhouse | https://job-boards.greenhouse.io/straitsx
2026-09-28 10:02:44,519 | INFO | SUCCESS | Greenhouse | https://job-boards.greenhouse.io/straitsx | jobs=25
2026-09-28 10:02:44,519 | INFO | START | Greenhouse | https://job-boards.greenhouse.io/nycedc
2026-09-28 10:02:44,803 | INFO | SUCCESS | Greenhouse | https://job-boards.greenhouse.io/nycedc | jobs=32
2026-09-28 10:02:44,803 | INFO | START | Greenhouse | https://job-boards.greenhouse.io/fractalteam
2026-09-28 10:02:44,902 | ERROR | FAILED | Greenhouse | https://job-boards.greenhouse.io/fractalteam | error=404 Client Error: Not Found for url: https://boards-api.greenhouse.io/v1/boards/fractalteam/jobs?content=true
2026-09-28 10:02:44,903 | INFO | START | Greenhouse | https://job-boards.greenhouse.io/abdielcapital
2026-09-28 10:02:45,099 | INFO | SUCCESS | Greenhouse | https://job-boards.greenhouse.io/abdielcapital | jobs=0
2026-09-28 10:02:45,100 | INFO | START | Greenhouse | https://job-boards.greenhouse.io/github
2026-09-28 10:02:45,216 | ERROR | FAILED | Greenhouse | https://job-boards.greenhouse.io/github | error=404 Client Error: Not Found for url: https://boards-api.greenhouse.io/v1/boards/github/jobs?content=true
2026-09-28 10:02:45,217 | INFO | START | Greenhouse | https://job-boards.greenhouse.io/theplanningshopuk
2026-09-28 10:02:45,356 | INFO | SUCCESS | Greenhouse | https://job-boards.greenhouse.io/theplanningshopuk | jobs=0
2026-09-28 10:02:45,356 | INFO | START | Greenhouse | https://job-boards.greenhouse.io/mcafee
2026-09-28 10:02:45,544 | INFO | SUCCESS | Greenhouse | https://job-boards.greenhouse.io/mcafee | jobs=1
2026-09-28 10:02:45,544 | INFO | START | Greenhouse | https://job-boards.greenhouse.io/peoplestrata
2026-09-28 10:02:45,672 | INFO | SUCCESS | Greenhouse | https://job-boards.greenhouse.io/peoplestrata | jobs=0
2026-09-28 10:02:45,672 | INFO | START | Greenhouse | https://job-boards.greenhouse.io/c3
2026-09-28 10:02:45,819 | ERROR | FAILED | Greenhouse | https://job-boards.greenhouse.io/c3 | error=404 Client Error: Not Found for url: https://boards-api.greenhouse.io/v1/boards/c3/jobs?content=true
2026-09-28 10:02:45,821 | INFO | START | Greenhouse | https://job-boards.greenhouse.io/vsapartners
2026-09-28 10:02:45,972 | INFO | SUCCESS | Greenhouse | https://job-boards.greenhouse.io/vsapartners | jobs=11
2026-09-28 10:02:45,972 | INFO | START | Greenhouse | https://job-boards.greenhouse.io/zeel
2026-09-28 10:02:46,175 | ERROR | FAILED | Greenhouse | https://job-boards.greenhouse.io/zeel | error=404 Client Error: Not Found for url: https://boards-api.greenhouse.io/v1/boards/zeel/jobs?content=true
2026-09-28 10:02:46,178 | INFO | START | Ashby | https://jobs.ashbyhq.com/fastapicloud
2026-09-28 10:02:46,258 | ERROR | FAILED | Ashby | https://jobs.ashbyhq.com/fastapicloud | error=404 Client Error: Not Found for url: https://api.ashbyhq.com/posting-api/job-board/fastapicloud?includeCompensation=true
2026-09-28 10:02:46,259 | INFO | START | Ashby | https://jobs.ashbyhq.com/netgear
2026-09-28 10:02:46,398 | INFO | SUCCESS | Ashby | https://jobs.ashbyhq.com/netgear | jobs=51
2026-09-28 10:02:46,398 | INFO | START | Ashby | https://jobs.ashbyhq.com/base-operations
2026-09-28 10:02:46,484 | INFO | SUCCESS | Ashby | https://jobs.ashbyhq.com/base-operations | jobs=1
2026-09-28 10:02:46,484 | INFO | START | Ashby | https://jobs.ashbyhq.com/vultr
2026-09-28 10:02:46,707 | INFO | SUCCESS | Ashby | https://jobs.ashbyhq.com/vultr | jobs=53
2026-09-28 10:02:46,707 | INFO | START | Ashby | https://jobs.ashbyhq.com/Voya%20Energy
2026-09-28 10:02:46,797 | INFO | SUCCESS | Ashby | https://jobs.ashbyhq.com/Voya%20Energy | jobs=6
2026-09-28 10:02:46,797 | INFO | START | Ashby | https://jobs.ashbyhq.com/mexdigital
2026-09-28 10:02:46,897 | INFO | SUCCESS | Ashby | https://jobs.ashbyhq.com/mexdigital | jobs=14
2026-09-28 10:02:46,898 | INFO | START | Ashby | https://jobs.ashbyhq.com/zodl
2026-09-28 10:02:46,980 | INFO | SUCCESS | Ashby | https://jobs.ashbyhq.com/zodl | jobs=2
2026-09-28 10:02:46,980 | INFO | START | Ashby | https://jobs.ashbyhq.com/positive-development
2026-09-28 10:02:47,170 | INFO | SUCCESS | Ashby | https://jobs.ashbyhq.com/positive-development | jobs=56
2026-09-28 10:02:47,171 | INFO | START | Ashby | https://jobs.ashbyhq.com/arda-therapeutics
2026-09-28 10:02:47,260 | INFO | SUCCESS | Ashby | https://jobs.ashbyhq.com/arda-therapeutics | jobs=0
2026-09-28 10:02:47,260 | INFO | START | Ashby | https://jobs.ashbyhq.com/aryahealth.ai
2026-09-28 10:02:47,346 | INFO | SUCCESS | Ashby | https://jobs.ashbyhq.com/aryahealth.ai | jobs=14
2026-09-28 10:02:47,346 | INFO | START | Ashby | https://jobs.ashbyhq.com/abstraction.games
2026-09-28 10:02:47,428 | INFO | SUCCESS | Ashby | https://jobs.ashbyhq.com/abstraction.games | jobs=1
2026-09-28 10:02:47,428 | INFO | START | Ashby | https://jobs.ashbyhq.com/regent
2026-09-28 10:02:47,548 | INFO | SUCCESS | Ashby | https://jobs.ashbyhq.com/regent | jobs=28
2026-09-28 10:02:47,548 | INFO | START | Ashby | https://jobs.ashbyhq.com/hearth
2026-09-28 10:02:47,716 | ERROR | FAILED | Ashby | https://jobs.ashbyhq.com/hearth | error=404 Client Error: Not Found for url: https://api.ashbyhq.com/posting-api/job-board/hearth?includeCompensation=true
2026-09-28 10:02:47,717 | INFO | START | Ashby | https://jobs.ashbyhq.com/mistral.ai
2026-09-28 10:02:47,948 | INFO | SUCCESS | Ashby | https://jobs.ashbyhq.com/mistral.ai | jobs=210
2026-09-28 10:02:47,948 | INFO | START | Ashby | https://jobs.ashbyhq.com/impulse
2026-09-28 10:02:48,053 | INFO | SUCCESS | Ashby | https://jobs.ashbyhq.com/impulse | jobs=2
2026-09-28 10:02:48,053 | INFO | START | Ashby | https://jobs.ashbyhq.com/nen
2026-09-28 10:02:48,236 | ERROR | FAILED | Ashby | https://jobs.ashbyhq.com/nen | error=404 Client Error: Not Found for url: https://api.ashbyhq.com/posting-api/job-board/nen?includeCompensation=true
2026-09-28 10:02:48,237 | INFO | START | Ashby | https://jobs.ashbyhq.com/gridverify
2026-09-28 10:02:48,312 | INFO | SUCCESS | Ashby | https://jobs.ashbyhq.com/gridverify | jobs=5
2026-09-28 10:02:48,312 | INFO | START | Ashby | https://jobs.ashbyhq.com/graphyte
2026-09-28 10:02:48,396 | INFO | SUCCESS | Ashby | https://jobs.ashbyhq.com/graphyte | jobs=1
2026-09-28 10:02:48,396 | INFO | START | Ashby | https://jobs.ashbyhq.com/bigeye
2026-09-28 10:02:48,476 | ERROR | FAILED | Ashby | https://jobs.ashbyhq.com/bigeye | error=404 Client Error: Not Found for url: https://api.ashbyhq.com/posting-api/job-board/bigeye?includeCompensation=true
2026-09-28 10:02:48,477 | INFO | START | Ashby | https://jobs.ashbyhq.com/windborne-systems
2026-09-28 10:02:48,577 | INFO | SUCCESS | Ashby | https://jobs.ashbyhq.com/windborne-systems | jobs=19
2026-09-28 10:02:48,577 | INFO | START | Lever | https://jobs.lever.co/tildei
2026-09-28 10:02:52,355 | INFO | SUCCESS | Lever | https://jobs.lever.co/tildei | jobs=1
2026-09-28 10:02:52,355 | INFO | START | Lever | https://jobs.lever.co/crewapp
2026-09-28 10:02:52,959 | ERROR | FAILED | Lever | https://jobs.lever.co/crewapp | error=404 Client Error: Not Found for url: https://api.lever.co/v0/postings/crewapp?mode=json
2026-09-28 10:02:52,961 | INFO | START | Lever | https://jobs.lever.co/mulhalls
2026-09-28 10:02:54,056 | INFO | SUCCESS | Lever | https://jobs.lever.co/mulhalls | jobs=6
2026-09-28 10:02:54,057 | INFO | START | Lever | https://jobs.lever.co/straitcapital
2026-09-28 10:02:54,450 | ERROR | FAILED | Lever | https://jobs.lever.co/straitcapital | error=404 Client Error: Not Found for url: https://api.lever.co/v0/postings/straitcapital?mode=json
2026-09-28 10:02:54,452 | INFO | START | Lever | https://jobs.lever.co/lqdigital
2026-09-28 10:02:54,754 | INFO | SUCCESS | Lever | https://jobs.lever.co/lqdigital | jobs=0
2026-09-28 10:02:54,755 | INFO | START | Lever | https://jobs.lever.co/d-one
2026-09-28 10:02:55,108 | ERROR | FAILED | Lever | https://jobs.lever.co/d-one | error=404 Client Error: Not Found for url: https://api.lever.co/v0/postings/d-one?mode=json
2026-09-28 10:02:55,111 | INFO | START | Lever | https://jobs.lever.co/Rebuilt
2026-09-28 10:03:08,378 | ERROR | FAILED | Lever | https://jobs.lever.co/Rebuilt | error=404 Client Error: Not Found for url: https://api.lever.co/v0/postings/Rebuilt?mode=json
2026-09-28 10:03:08,381 | INFO | START | Lever | https://jobs.lever.co/doranjones
2026-09-28 10:03:08,745 | INFO | SUCCESS | Lever | https://jobs.lever.co/doranjones | jobs=1
2026-09-28 10:03:08,745 | INFO | START | Lever | https://jobs.lever.co/robust-ai
2026-09-28 10:03:09,257 | INFO | SUCCESS | Lever | https://jobs.lever.co/robust-ai | jobs=5
2026-09-28 10:03:09,258 | INFO | START | Lever | https://jobs.lever.co/chec
2026-09-28 10:03:16,223 | ERROR | FAILED | Lever | https://jobs.lever.co/chec | error=404 Client Error: Not Found for url: https://api.lever.co/v0/postings/chec?mode=json
2026-09-28 18:19:52,196 | INFO | CRAWL START | sources=50
2026-09-28 18:19:52,196 | INFO | [1/50] START | ashby | https://jobs.ashbyhq.com/0g
2026-09-28 18:19:52,363 | INFO | [1/50] SUCCESS | ashby | jobs=7
2026-09-28 18:19:52,363 | INFO | [2/50] START | ashby | https://jobs.ashbyhq.com/0x
2026-09-28 18:19:52,495 | INFO | [2/50] SUCCESS | ashby | jobs=1
2026-09-28 18:19:52,495 | INFO | [3/50] START | ashby | https://jobs.ashbyhq.com/10xteam
2026-09-28 18:19:52,833 | INFO | [3/50] SUCCESS | ashby | jobs=133
2026-09-28 18:19:52,833 | INFO | [4/50] START | ashby | https://jobs.ashbyhq.com/1mind
2026-09-28 18:19:52,949 | INFO | [4/50] SUCCESS | ashby | jobs=6
2026-09-28 18:19:52,949 | INFO | [5/50] START | ashby | https://jobs.ashbyhq.com/1password
2026-09-28 18:19:53,561 | INFO | [5/50] SUCCESS | ashby | jobs=63
2026-09-28 18:19:53,561 | INFO | [6/50] START | ashby | https://jobs.ashbyhq.com/1st%20Formations
2026-09-28 18:19:53,774 | INFO | [6/50] SUCCESS | ashby | jobs=8
2026-09-28 18:19:53,774 | INFO | [7/50] START | ashby | https://jobs.ashbyhq.com/1x
2026-09-28 18:19:54,133 | INFO | [7/50] SUCCESS | ashby | jobs=92
2026-09-28 18:19:54,133 | INFO | [8/50] START | ashby | https://jobs.ashbyhq.com/30mpc
2026-09-28 18:19:54,282 | INFO | [8/50] SUCCESS | ashby | jobs=4
2026-09-28 18:19:54,282 | INFO | [9/50] START | ashby | https://jobs.ashbyhq.com/3commas
2026-09-28 18:19:54,393 | INFO | [9/50] SUCCESS | ashby | jobs=0
2026-09-28 18:19:54,393 | INFO | [10/50] START | ashby | https://jobs.ashbyhq.com/3e
2026-09-28 18:19:54,536 | INFO | [10/50] SUCCESS | ashby | jobs=8
2026-09-28 18:19:54,536 | INFO | [11/50] START | ashby | https://jobs.ashbyhq.com/3imembers
2026-09-28 18:19:54,682 | INFO | [11/50] SUCCESS | ashby | jobs=8
2026-09-28 18:19:54,683 | INFO | [12/50] START | ashby | https://jobs.ashbyhq.com/3y-health
2026-09-28 18:19:54,983 | INFO | [12/50] SUCCESS | ashby | jobs=80
2026-09-28 18:19:54,983 | INFO | [13/50] START | ashby | https://jobs.ashbyhq.com/42dot
2026-09-28 18:19:55,382 | INFO | [13/50] SUCCESS | ashby | jobs=98
2026-09-28 18:19:55,382 | INFO | [14/50] START | ashby | https://jobs.ashbyhq.com/4m
2026-09-28 18:19:55,639 | INFO | [14/50] SUCCESS | ashby | jobs=0
2026-09-28 18:19:55,639 | INFO | [15/50] START | ashby | https://jobs.ashbyhq.com/5bluesoftware
2026-09-28 18:19:55,858 | INFO | [15/50] SUCCESS | ashby | jobs=4
2026-09-28 18:19:55,858 | INFO | [16/50] START | ashby | https://jobs.ashbyhq.com/7gen
2026-09-28 18:19:56,060 | INFO | [16/50] SUCCESS | ashby | jobs=0
2026-09-28 18:19:56,060 | INFO | [17/50] START | ashby | https://jobs.ashbyhq.com/80000hours
2026-09-28 18:19:56,232 | INFO | [17/50] SUCCESS | ashby | jobs=0
2026-09-28 18:19:56,232 | INFO | [18/50] START | ashby | https://jobs.ashbyhq.com/805title
2026-09-28 18:19:56,456 | INFO | [18/50] SUCCESS | ashby | jobs=0
2026-09-28 18:19:56,456 | INFO | [19/50] START | ashby | https://jobs.ashbyhq.com/8090%20Solutions%20Inc
2026-09-28 18:19:56,588 | INFO | [19/50] SUCCESS | ashby | jobs=6
2026-09-28 18:19:56,588 | INFO | [20/50] START | ashby | https://jobs.ashbyhq.com/8fleet-inc
2026-09-28 18:19:56,755 | INFO | [20/50] SUCCESS | ashby | jobs=15
2026-09-28 18:19:56,755 | INFO | [21/50] START | ashby | https://jobs.ashbyhq.com/8returns
2026-09-28 18:19:56,989 | INFO | [21/50] SUCCESS | ashby | jobs=8
2026-09-28 18:19:56,989 | INFO | [22/50] START | ashby | https://jobs.ashbyhq.com/8vc
2026-09-28 18:19:57,187 | INFO | [22/50] SUCCESS | ashby | jobs=6
2026-09-28 18:19:57,187 | INFO | [23/50] START | ashby | https://jobs.ashbyhq.com/9-mothers
2026-09-28 18:19:57,359 | INFO | [23/50] SUCCESS | ashby | jobs=8
2026-09-28 18:19:57,359 | INFO | [24/50] START | ashby | https://jobs.ashbyhq.com/9fin
2026-09-28 18:19:57,686 | INFO | [24/50] SUCCESS | ashby | jobs=34
2026-09-28 18:19:57,687 | INFO | [25/50] START | ashby | https://jobs.ashbyhq.com/a-place-for-mom
2026-09-28 18:19:57,885 | INFO | [25/50] SUCCESS | ashby | jobs=39
2026-09-28 18:19:57,885 | INFO | [26/50] START | ashby | https://jobs.ashbyhq.com/a-team
2026-09-28 18:19:58,062 | INFO | [26/50] SUCCESS | ashby | jobs=2
2026-09-28 18:19:58,062 | INFO | [27/50] START | ashby | https://jobs.ashbyhq.com/A1%20Garage%20Door%20Service
2026-09-28 18:19:58,310 | INFO | [27/50] SUCCESS | ashby | jobs=39
2026-09-28 18:19:58,312 | INFO | [28/50] START | ashby | https://jobs.ashbyhq.com/a2zradiology
2026-09-28 18:19:58,579 | INFO | [28/50] SUCCESS | ashby | jobs=5
2026-09-28 18:19:58,580 | INFO | [29/50] START | ashby | https://jobs.ashbyhq.com/a37
2026-09-28 18:19:58,716 | INFO | [29/50] SUCCESS | ashby | jobs=8
2026-09-28 18:19:58,716 | INFO | [30/50] START | ashby | https://jobs.ashbyhq.com/Aaron-School
2026-09-28 18:19:58,835 | INFO | [30/50] SUCCESS | ashby | jobs=2
2026-09-28 18:19:58,835 | INFO | [31/50] START | ashby | https://jobs.ashbyhq.com/aaru
2026-09-28 18:19:59,087 | INFO | [31/50] SUCCESS | ashby | jobs=30
2026-09-28 18:19:59,087 | INFO | [32/50] START | ashby | https://jobs.ashbyhq.com/abacum
2026-09-28 18:19:59,305 | INFO | [32/50] SUCCESS | ashby | jobs=14
2026-09-28 18:19:59,306 | INFO | [33/50] START | ashby | https://jobs.ashbyhq.com/abby-care
2026-09-28 18:19:59,593 | INFO | [33/50] SUCCESS | ashby | jobs=23
2026-09-28 18:19:59,593 | INFO | [34/50] START | ashby | https://jobs.ashbyhq.com/Abe
2026-09-28 18:19:59,731 | INFO | [34/50] SUCCESS | ashby | jobs=0
2026-09-28 18:19:59,731 | INFO | [35/50] START | ashby | https://jobs.ashbyhq.com/abode%20money
2026-09-28 18:19:59,979 | INFO | [35/50] SUCCESS | ashby | jobs=24
2026-09-28 18:19:59,979 | INFO | [36/50] START | ashby | https://jobs.ashbyhq.com/abound
2026-09-28 18:20:00,209 | INFO | [36/50] SUCCESS | ashby | jobs=18
2026-09-28 18:20:00,209 | INFO | [37/50] START | ashby | https://jobs.ashbyhq.com/Abridge
2026-09-28 18:20:00,551 | INFO | [37/50] SUCCESS | ashby | jobs=47
2026-09-28 18:20:00,551 | INFO | [38/50] START | ashby | https://jobs.ashbyhq.com/absci
2026-09-28 18:20:00,704 | INFO | [38/50] SUCCESS | ashby | jobs=6
2026-09-28 18:20:00,705 | INFO | [39/50] START | ashby | https://jobs.ashbyhq.com/absentia-labs
2026-09-28 18:20:00,842 | INFO | [39/50] SUCCESS | ashby | jobs=4
2026-09-28 18:20:00,842 | INFO | [40/50] START | ashby | https://jobs.ashbyhq.com/absorblms
2026-09-28 18:20:01,050 | INFO | [40/50] SUCCESS | ashby | jobs=31
2026-09-28 18:20:01,050 | INFO | [41/50] START | ashby | https://jobs.ashbyhq.com/abstraction.games
2026-09-28 18:20:01,302 | INFO | [41/50] SUCCESS | ashby | jobs=1
2026-09-28 18:20:01,302 | INFO | [42/50] START | ashby | https://jobs.ashbyhq.com/abundant
2026-09-28 18:20:01,545 | INFO | [42/50] SUCCESS | ashby | jobs=9
2026-09-28 18:20:01,546 | INFO | [43/50] START | ashby | https://jobs.ashbyhq.com/abusix
2026-09-28 18:20:01,800 | INFO | [43/50] SUCCESS | ashby | jobs=1
2026-09-28 18:20:01,800 | INFO | [44/50] START | ashby | https://jobs.ashbyhq.com/academia
2026-09-28 18:20:01,961 | INFO | [44/50] SUCCESS | ashby | jobs=1
2026-09-28 18:20:01,961 | INFO | [45/50] START | ashby | https://jobs.ashbyhq.com/acai
2026-09-28 18:20:02,151 | INFO | [45/50] SUCCESS | ashby | jobs=3
2026-09-28 18:20:02,151 | INFO | [46/50] START | ashby | https://jobs.ashbyhq.com/access
2026-09-28 18:20:02,324 | INFO | [46/50] SUCCESS | ashby | jobs=23
2026-09-28 18:20:02,324 | INFO | [47/50] START | ashby | https://jobs.ashbyhq.com/accord
2026-09-28 18:20:02,451 | INFO | [47/50] SUCCESS | ashby | jobs=5
2026-09-28 18:20:02,451 | INFO | [48/50] START | ashby | https://jobs.ashbyhq.com/accurx
2026-09-28 18:20:02,597 | INFO | [48/50] SUCCESS | ashby | jobs=16
2026-09-28 18:20:02,597 | INFO | [49/50] START | ashby | https://jobs.ashbyhq.com/acd
2026-09-28 18:20:02,765 | INFO | [49/50] SUCCESS | ashby | jobs=1
2026-09-28 18:20:02,765 | INFO | [50/50] START | ashby | https://jobs.ashbyhq.com/ace-1-media
2026-09-28 18:20:02,886 | INFO | [50/50] SUCCESS | ashby | jobs=3
2026-09-28 18:20:02,886 | INFO | CRAWL COMPLETE
